#include "set_vpu_osd.h"

#ifdef HAVE_OSD_ARR
MNT_OSD_COLOR_PALETTE_t osd_color_palette[]=
{
    // 0
  {CP_COLORKEY_F, 0x00, 0x00, 0x00},           // 0
  {CP_COLORKEY_F, 0xf0, 0xf0, 0xf0},           // 1
  {CP_COLORKEY_F, 0xf0, 0x00, 0x00},           // 2
  {CP_COLORKEY_F, 0x40, 0x40, 0x40},           // 3
                 
  {CP_COLORKEY_F, 0x26, 0x3e, 0x88},           // AML blue
  {CP_COLORKEY_F, 0x0a, 0xf9, 0xf9},           // Green
  {CP_COLORKEY_F, 0x00, 0x00, 0x00},           // 6
  {CP_COLORKEY_F, 0x00, 0x00, 0x00},           // 7
                 
   // 1          
  {CP_COLORKEY_F, 0x00, 0x00, 0x00},           // 8
  {CP_COLORKEY_F, 0x00, 0x00, 0x00},           // 9
  {CP_COLORKEY_F, 0x00, 0x00, 0x00},           // A
  {CP_COLORKEY_F, 0x00, 0x00, 0x00},           // B
                 
  {CP_COLORKEY_F, 0x00, 0x00, 0x00},           // C
  {CP_COLORKEY_F, 0x00, 0x00, 0x00},           // D
  {CP_COLORKEY_F, 0x00, 0x00, 0x00},           // E
  {CP_COLORKEY_F, 0x00, 0x00, 0x00},           // F
                 
   // 0x10       
  {CP_COLORKEY_F, 0xfe, 0xfe, 0xfe},           // 0
  {CP_COLORKEY_F, 0x8d, 0x9e, 0xc4},           // 1
  {CP_COLORKEY_F, 0x10, 0x32, 0x84},           // 2
  {CP_COLORKEY_F, 0x0e, 0x30, 0x83},           // 3
};
#else
MNT_OSD_COLOR_PALETTE_t osd_color_palette[]={0};
#endif
size_t PALETTE_SIZE = sizeof(osd_color_palette)/sizeof(osd_color_palette[0]);

#ifdef HAVE_OSD_ARR
uint32_t osd_win0_idx_arr[] = {
0x00024f,0x00024f,0x00024f,0x00024f,0x00024f,0x00024f,0x00024f,0x00024f,
0x00024f,0x00024f,0x00024f,0x00024f,0x00024f,0x00024f,0x00024f,0x00024f,
0x00024f,0x00024f,0x00024f,0x00024f,0x00024f,0x00024f,0x00024f,0x00024f,
0x00024f,0x00024f,0x00024f,0x00024f,0x00024f,0x00024f,0x00024f,0x00024f,
0x00024f,0x00024f,0x00024f,0x00024f,0x00024f,0x00024f,0x00024f,0x00024f,
0x00024f,0x00024f,0x00024f,0x00024f,0x00024f,0x00024f,0x00024f,0x00024f,
0x00024f,0x00024f,0x00024f,0x00024f,0x00024f,0x00024f,0x00024f,0x00024f,
0x00034f,0x00034f,0x00034f,0x00034f,0x00034f,0x00034f,0x00034f,0x00034f,
0x00034f,0x00034f,0x00034f,0x00034f,0x00034f,0x00034f,0x00034f,0x00034f,
0x00034f,0x00034f,0x00034f,0x00034f,0x00034f,0x00034f,0x00034f,0x00034f,
0x00034f,0x00034f,0x00034f,0x00034f,0x00034f,0x00034f,0x00034f,0x00034f,
0x00034f,0x00034f,0x00034f,0x00034f,0x00034f,0x00034f,0x00034f,0x00034f,
0x00034f,0x00034f,0x00034f,0x00034f,0x00034f,0x00034f,0x00034f,0x00034f,
0x00034f,0x00034f,0x00034f,0x00034f,0x00034f,0x00034f,0x00034f,0x00034f,
0x001035,0x001135,0x001135,0x001135,0x001135,0x001135,0x001135,0x001135,
0x001135,0x001135,0x001135,0x001135,0x001135,0x001135,0x001135,0x001135,
0x001135,0x001235,0x0000ff,0x00003f,0x00003f,0x00003f,0x00003f,0x00003f,
0x00003f,0x00003f,0x00003f,0x00003f,0x00003f,0x00003f,0x00003f,0x00003f,
0x00003f,0x00003f,0x00003f,0x00003f,0x00003f,0x0000ff,0x00003f,0x00003f,
0x00003f,0x00003f,0x00003f,0x00003f,0x00003f,0x00003f,0x00003f,0x00003f,
0x00003f,0x00003f,0x00003f,0x00003f,0x00003f,0x00003f,0x00003f,0x00003f,
0x001335,0x002235,0x002335,0x002435,0x002535,0x002635,0x002735,0x002835,
0x002935,0x002a35,0x002b35,0x002c35,0x002d35,0x002e35,0x00003f,0x00003f,
0x00003f,0x001435,0x0000ff,0x00003f,0x008031,0x008131,0x008231,0x008331,
0x008431,0x008531,0x008631,0x00003f,0x00003f,0x00003f,0x00003f,0x00003f,
0x00003f,0x00003f,0x00003f,0x00003f,0x00003f,0x0000ff,0x00003f,0x000ef5,
0x000ef5,0x000ef5,0x000ef5,0x000ef5,0x000ef5,0x000ef5,0x000ef5,0x000ef5,
0x000ff1,0x00003f,0x00003f,0x000031,0x002131,0x001831,0x00003f,0x00003f,
0x001535,0x001635,0x001635,0x001635,0x001635,0x001635,0x001635,0x001635,
0x001635,0x001635,0x001635,0x001635,0x001635,0x001635,0x001635,0x001635,
0x001635,0x001735,0x0000ff,0x00003f,0x00003f,0x00003f,0x00003f,0x00003f,
0x00003f,0x00003f,0x00003f,0x00003f,0x00003f,0x00003f,0x00003f,0x00003f,
0x00003f,0x00003f,0x00003f,0x00003f,0x00003f,0x0000ff,0x00003f,0x00003f,
0x00003f,0x00003f,0x00003f,0x00003f,0x00003f,0x00003f,0x00003f,0x00003f,
0x00003f,0x00003f,0x00003f,0x00003f,0x00003f,0x00003f,0x00003f,0x00003f,
0x00003f,0x002f31,0x003031,0x003131,0x003231,0x003331,0x003431,0x003531,
0x003631,0x003731,0x00003f,0x00003f,0x00003f,0x00003f,0x00003f,0x00003f,
0x00003f,0x00003f,0x0000ff,0x00003f,0x008731,0x008831,0x008931,0x008a31,
0x008b31,0x008c31,0x00003f,0x00003f,0x00003f,0x00003f,0x00003f,0x00003f,
0x00003f,0x00003f,0x00003f,0x00003f,0x00003f,0x0000ff,0x00003f,0x000ef5,
0x000ef5,0x000ef5,0x000ef5,0x000ef5,0x000ff1,0x000ff1,0x000ff1,0x000ff1,
0x000ff1,0x00003f,0x00003f,0x000031,0x001d31,0x001831,0x00003f,0x00003f,
0x00003f,0x00003f,0x00003f,0x00003f,0x00003f,0x00003f,0x00003f,0x00003f,
0x00003f,0x00003f,0x00003f,0x00003f,0x00003f,0x00003f,0x00003f,0x00003f,
0x00003f,0x00003f,0x0000ff,0x00003f,0x00003f,0x00003f,0x00003f,0x00003f,
0x00003f,0x00003f,0x00003f,0x00003f,0x00003f,0x00003f,0x00003f,0x00003f,
0x00003f,0x00003f,0x00003f,0x00003f,0x00003f,0x0000ff,0x00003f,0x00003f,
0x00003f,0x00003f,0x00003f,0x00003f,0x00003f,0x00003f,0x00003f,0x00003f,
0x00003f,0x00003f,0x00003f,0x00003f,0x00003f,0x00003f,0x00003f,0x00003f,
0x00003f,0x003831,0x003931,0x003a31,0x003b31,0x003c31,0x003d31,0x003e31,
0x003f31,0x004031,0x004131,0x004231,0x004331,0x004431,0x00003f,0x00003f,
0x00003f,0x00003f,0x0000ff,0x00003f,0x008d31,0x008e31,0x008f31,0x00003f,
0x00003f,0x00003f,0x00003f,0x00003f,0x00003f,0x00003f,0x00003f,0x00003f,
0x00003f,0x00003f,0x00003f,0x00003f,0x00003f,0x0000ff,0x00003f,0x009931,
0x009a31,0x00003f,0x00003f,0x00003f,0x00003f,0x00003f,0x00003f,0x00003f,
0x00003f,0x00003f,0x00003f,0x00003f,0x00003f,0x00003f,0x00003f,0x00003f,
0x00003f,0x00003f,0x00003f,0x00003f,0x00003f,0x00003f,0x00003f,0x00003f,
0x00003f,0x00003f,0x00003f,0x00003f,0x00003f,0x00003f,0x00003f,0x00003f,
0x00003f,0x00003f,0x0000ff,0x00003f,0x00003f,0x00003f,0x00003f,0x00003f,
0x00003f,0x00003f,0x00003f,0x00003f,0x00003f,0x00003f,0x00003f,0x00003f,
0x00003f,0x00003f,0x00003f,0x00003f,0x00003f,0x0000ff,0x00003f,0x00003f,
0x00003f,0x00003f,0x00003f,0x00003f,0x00003f,0x00003f,0x00003f,0x00003f,
0x00003f,0x00003f,0x00003f,0x00003f,0x00003f,0x00003f,0x00003f,0x00003f,
0x00003f,0x004531,0x004631,0x004731,0x004831,0x004931,0x004a31,0x004b31,
0x004c31,0x00003f,0x00003f,0x00003f,0x00003f,0x00003f,0x00003f,0x00003f,
0x00003f,0x00003f,0x0000ff,0x00003f,0x009031,0x009131,0x009231,0x00003f,
0x00003f,0x00003f,0x00003f,0x00003f,0x00003f,0x00003f,0x00003f,0x00003f,
0x00003f,0x00003f,0x00003f,0x00003f,0x00003f,0x0000ff,0x00003f,0x009631,
0x009731,0x009831,0x00003f,0x00003f,0x00003f,0x00003f,0x00003f,0x00003f,
0x00003f,0x00003f,0x00003f,0x00003f,0x00003f,0x00003f,0x00003f,0x00003f,
0x00003f,0x00003f,0x00003f,0x00003f,0x00003f,0x00003f,0x00003f,0x00003f,
0x00003f,0x00003f,0x00003f,0x00003f,0x00003f,0x00003f,0x00003f,0x00003f,
0x00003f,0x00003f,0x0000ff,0x00003f,0x00003f,0x00003f,0x00003f,0x00003f,
0x00003f,0x00003f,0x00003f,0x00003f,0x00003f,0x00003f,0x00003f,0x00003f,
0x00003f,0x00003f,0x00003f,0x00003f,0x00003f,0x0000ff,0x00003f,0x00003f,
0x00003f,0x00003f,0x00003f,0x00003f,0x00003f,0x00003f,0x00003f,0x00003f,
0x00003f,0x00003f,0x00003f,0x00003f,0x00003f,0x00003f,0x00003f,0x00003f,
0x00003f,0x004d31,0x004e31,0x004f31,0x005031,0x005131,0x005231,0x005331,
0x005431,0x005531,0x005631,0x00003f,0x00003f,0x00003f,0x00003f,0x00003f,
0x00003f,0x00003f,0x0000ff,0x00003f,0x009331,0x009431,0x009531,0x00003f,
0x00003f,0x00003f,0x00003f,0x00003f,0x00003f,0x00003f,0x00003f,0x00003f,
0x00003f,0x00003f,0x00003f,0x00003f,0x00003f,0x0000ff,0x00003f,0x009631,
0x009731,0x009831,0x00003f,0x00003f,0x00003f,0x00003f,0x00003f,0x00003f,
0x00003f,0x00003f,0x00003f,0x00003f,0x00003f,0x00003f,0x00003f,0x00003f,
0x00003f,0x00003f,0x00003f,0x00003f,0x00003f,0x00003f,0x00003f,0x00003f,
0x00003f,0x00003f,0x00003f,0x00003f,0x00003f,0x00003f,0x00003f,0x00003f,
0x00003f,0x00003f,0x0000ff,0x00003f,0x00003f,0x00003f,0x00003f,0x00003f,
0x00003f,0x00003f,0x00003f,0x00003f,0x00003f,0x00003f,0x00003f,0x00003f,
0x00003f,0x00003f,0x00003f,0x00003f,0x00003f,0x0000ff,0x00003f,0x00003f,
0x00003f,0x00003f,0x00003f,0x00003f,0x00003f,0x00003f,0x00003f,0x00003f,
0x00003f,0x00003f,0x00003f,0x00003f,0x00003f,0x00003f,0x00003f,0x00003f,
0x00003f,0x005731,0x005831,0x005931,0x005a31,0x005b31,0x005c31,0x005d31,
0x005e31,0x005f31,0x00003f,0x00003f,0x00003f,0x00003f,0x00003f,0x00003f,
0x00003f,0x00003f,0x0000ff,0x00003f,0x00003f,0x00003f,0x00003f,0x00003f,
0x00003f,0x00003f,0x00003f,0x00003f,0x00003f,0x00003f,0x00003f,0x00003f,
0x00003f,0x00003f,0x00003f,0x00003f,0x00003f,0x0000ff,0x00003f,0x00003f,
0x00003f,0x00003f,0x00003f,0x00003f,0x00003f,0x00003f,0x00003f,0x00003f,
0x00003f,0x00003f,0x00003f,0x00003f,0x00003f,0x00003f,0x00003f,0x00003f,
0x00003f,0x00003f,0x00003f,0x00003f,0x00003f,0x00003f,0x00003f,0x00003f,
0x00003f,0x00003f,0x00003f,0x00003f,0x00003f,0x00003f,0x00003f,0x00003f,
0x00003f,0x00003f,0x0000ff,0x00003f,0x00003f,0x00003f,0x00003f,0x00003f,
0x00003f,0x00003f,0x00003f,0x00003f,0x00003f,0x00003f,0x00003f,0x00003f,
0x00003f,0x00003f,0x00003f,0x00003f,0x00003f,0x0000ff,0x00003f,0x00003f,
0x00003f,0x00003f,0x00003f,0x00003f,0x00003f,0x00003f,0x00003f,0x00003f,
0x00003f,0x00003f,0x00003f,0x00003f,0x00003f,0x00003f,0x00003f,0x00003f,
0x00003f,0x006031,0x006131,0x006231,0x006331,0x006431,0x006531,0x006631,
0x006731,0x006831,0x006931,0x00003f,0x00003f,0x00003f,0x00003f,0x00003f,
0x00003f,0x00003f,0x0000ff,0x00003f,0x00003f,0x00003f,0x00003f,0x00003f,
0x00003f,0x00003f,0x00003f,0x00003f,0x00003f,0x00003f,0x00003f,0x00003f,
0x00003f,0x00003f,0x00003f,0x00003f,0x00003f,0x0000ff,0x00003f,0x00003f,
0x00003f,0x00003f,0x00003f,0x00003f,0x00003f,0x00003f,0x00003f,0x00003f,
0x00003f,0x00003f,0x00003f,0x00003f,0x00003f,0x00003f,0x00003f,0x00003f,
0x00003f,0x00003f,0x00003f,0x00003f,0x00003f,0x00003f,0x00003f,0x00003f,
0x00003f,0x00003f,0x00003f,0x00003f,0x00003f,0x00003f,0x00003f,0x00003f,
0x00003f,0x00003f,0x0000ff,0x00003f,0x00003f,0x00003f,0x00003f,0x00003f,
0x00003f,0x00003f,0x00003f,0x00003f,0x00003f,0x00003f,0x00003f,0x00003f,
0x00003f,0x00003f,0x00003f,0x00003f,0x00003f,0x0000ff,0x00003f,0x00003f,
0x00003f,0x00003f,0x00003f,0x00003f,0x00003f,0x00003f,0x00003f,0x00003f,
0x00003f,0x00003f,0x00003f,0x00003f,0x00003f,0x00003f,0x00003f,0x00003f,
0x00003f,0x006a31,0x006b31,0x006c31,0x006d31,0x006e31,0x006f31,0x007031,
0x00003f,0x00003f,0x00003f,0x00003f,0x00003f,0x00003f,0x00003f,0x00003f,
0x00003f,0x00003f,0x0000ff,0x00003f,0x00003f,0x00003f,0x00003f,0x00003f,
0x00003f,0x00003f,0x00003f,0x00003f,0x00003f,0x00003f,0x00003f,0x00003f,
0x00003f,0x00003f,0x00003f,0x00003f,0x00003f,0x0000ff,0x00003f,0x00003f,
0x00003f,0x00003f,0x00003f,0x00003f,0x00003f,0x00003f,0x00003f,0x00003f,
0x00003f,0x00003f,0x00003f,0x00003f,0x00003f,0x00003f,0x00003f,0x00003f,
0x00003f,0x00003f,0x00003f,0x00003f,0x00003f,0x00003f,0x00003f,0x00003f,
0x00003f,0x00003f,0x00003f,0x00003f,0x00003f,0x00003f,0x00003f,0x00003f,
0x00003f,0x00003f,0x0000ff,0x00003f,0x00003f,0x00003f,0x00003f,0x00003f,
0x00003f,0x00003f,0x00003f,0x00003f,0x00003f,0x00003f,0x00003f,0x00003f,
0x00003f,0x00003f,0x00003f,0x00003f,0x00003f,0x0000ff,0x00003f,0x00003f,
0x00003f,0x00003f,0x00003f,0x00003f,0x00003f,0x00003f,0x00003f,0x00003f,
0x00003f,0x00003f,0x00003f,0x00003f,0x00003f,0x00003f,0x00003f,0x00003f,
0x00003f,0x00003f,0x00003f,0x00003f,0x00003f,0x00003f,0x00003f,0x00003f,
0x00003f,0x00003f,0x00003f,0x00003f,0x00003f,0x00003f,0x00003f,0x00003f,
0x00003f,0x00003f,0x0000ff,0x00003f,0x00003f,0x00003f,0x00003f,0x00003f,
0x00003f,0x00003f,0x00003f,0x00003f,0x00003f,0x00003f,0x00003f,0x00003f,
0x00003f,0x00003f,0x00003f,0x00003f,0x00003f,0x0000ff,0x00003f,0x00003f,
0x00003f,0x00003f,0x00003f,0x00003f,0x00003f,0x00003f,0x00003f,0x00003f,
0x00003f,0x00003f,0x00003f,0x00003f,0x00003f,0x00003f,0x00003f,0x00003f,
0x00003f,0x00003f,0x00003f,0x00003f,0x00003f,0x00003f,0x00003f,0x00003f,
0x00003f,0x00003f,0x00003f,0x00003f,0x00003f,0x00003f,0x00003f,0x00003f,
0x00003f,0x00003f,0x0000ff,0x00003f,0x00003f,0x00003f,0x00003f,0x00003f,
0x00003f,0x00003f,0x00003f,0x00003f,0x00003f,0x00003f,0x00003f,0x00003f,
0x00003f,0x00003f,0x00003f,0x00003f,0x00003f,0x0000ff,0x00003f,0x00003f,
0x00003f,0x00003f,0x00003f,0x00003f,0x00003f,0x00003f,0x00003f,0x00003f,
0x00003f,0x00003f,0x00003f,0x00003f,0x00003f,0x00003f,0x00003f,0x00003f,
0x000000,0x000000,0x000000,0x000000,0x000000,0x000000,0x000000,0x000000,
0x000000,0x000000,0x000000,0x000000,0x000000,0x000000,0x000000,0x000000,
0x000000,0x000000,0x0000ff,0x000000,0x000000,0x000000,0x000000,0x000000,
0x000000,0x000000,0x000000,0x000000,0x000000,0x000000,0x000000,0x000000,
0x000000,0x000000,0x000000,0x000000,0x000000,0x0000ff,0x000000,0x000000,
0x000000,0x000000,0x000000,0x000000,0x000000,0x000000,0x000000,0x000000,
0x000000,0x000000,0x000000,0x000000,0x000000,0x000000,0x000000,0x000000,
0x000000,0x020010,0x020110,0x020210,0x020310,0x020410,0x020010,0x020510,
0x020610,0x020710,0x020810,0x020910,0x020a10,0x020b10,0x020c10,0x020d10,
0x000000,0x000000,0x0000ff,0x000000,0x000000,0x000000,0x000000,0x000000,
0x000000,0x000000,0x000000,0x000000,0x000000,0x000000,0x000000,0x000000,
0x000000,0x000000,0x000000,0x000000,0x000000,0x0000ff,0x000000,0x000000,
0x000000,0x000000,0x000000,0x000000,0x000000,0x000000,0x000000,0x000000,
0x000000,0x000000,0x000000,0x000000,0x000000,0x000000,0x000000,0x000000,
0x000000,0x020e10,0x020f10,0x021010,0x021110,0x021210,0x021310,0x021410,
0x021510,0x021610,0x021710,0x021810,0x021910,0x021a10,0x021b10,0x021c10,
0x000000,0x000000,0x0000ff,0x000000,0x000000,0x000000,0x000000,0x000000,
0x000000,0x000000,0x000000,0x000000,0x000000,0x000000,0x000000,0x000000,
0x000000,0x000000,0x000000,0x000000,0x000000,0x0000ff,0x000000,0x000000,
0x000000,0x000000,0x000000,0x0071f5,0x0072f5,0x0073f5,0x0074f5,0x0075f5,
0x0076f5,0x0077f5,0x0078f5,0x0079f5,0x007af5,0x007bf5,0x000000,0x000000,
0x000000,0x021d10,0x021e10,0x021f10,0x022010,0x022110,0x022210,0x022310,
0x022410,0x022510,0x022610,0x022710,0x022810,0x022910,0x022a10,0x022b10,
0x000000,0x000000,0x0000ff,0x000000,0x000000,0x000000,0x000000,0x000000,
0x000000,0x000000,0x000000,0x000000,0x000000,0x000000,0x000000,0x000000,
0x000000,0x000000,0x000000,0x000000,0x000000,0x0000ff,0x000000,0x000000,
0x000000,0x000000,0x000000,0x000000,0x000000,0x000000,0x000000,0x000000,
0x000000,0x000000,0x000000,0x000000,0x000000,0x000000,0x000000,0x000000,
0x0004f1,0x0004f1,0x0004f1,0x0004f1,0x0004f1,0x0004f1,0x0004f1,0x0004f1,
0x0004f1,0x0004f1,0x0004f1,0x0004f1,0x0004f1,0x0004f1,0x0004f1,0x0004f1,
0x0004f1,0x0004f1,0x0004f1,0x0004f1,0x0004f1,0x0004f1,0x0004f1,0x0004f1,
0x0004f1,0x0004f1,0x0004f1,0x0004f1,0x0004f1,0x0004f1,0x0004f1,0x0004f1,
0x0004f1,0x0004f1,0x0004f1,0x0004f1,0x0004f1,0x0004f1,0x0004f1,0x0004f1,
0x0004f1,0x0004f1,0x0004f1,0x0004f1,0x0004f1,0x0004f1,0x0004f1,0x0004f1,
0x0004f1,0x0004f1,0x0004f1,0x0004f1,0x0004f1,0x0004f1,0x0004f1,0x0004f1 
};
#else
uint32_t osd_win0_idx_arr[] = {0};

#endif

uint32_t osd_win1_idx_arr[] = {0};
uint32_t osd_win2_idx_arr[] = {0};
uint32_t osd_win3_idx_arr[] = {0};
uint32_t osd_win4_idx_arr[] = {0};
uint32_t osd_win5_idx_arr[] = {0};
uint32_t osd_win6_idx_arr[] = {0};
uint32_t osd_win7_idx_arr[] = {0};

uint32_t osd_1b_font_repack_arr0[]={0};
uint32_t osd_1b_font_repack_arr1[]={0};
uint32_t osd_1b_font_repack_arr2[]={0};
uint32_t osd_1b_font_repack_arr3[]={0};
uint32_t osd_1b_font_repack_arr4[]={0};
size_t WIN0_SIZE = sizeof(osd_win0_idx_arr)/sizeof(osd_win0_idx_arr[0]);
size_t WIN1_SIZE = 1;//sizeof(osd_win1_idx_arr)/sizeof(osd_win1_idx_arr[0]);
size_t WIN2_SIZE = 1;//sizeof(osd_win2_idx_arr)/sizeof(osd_win2_idx_arr[0]);
size_t WIN3_SIZE = 1;//sizeof(osd_win3_idx_arr)/sizeof(osd_win3_idx_arr[0]);
size_t WIN4_SIZE = 1;//sizeof(osd_win4_idx_arr)/sizeof(osd_win4_idx_arr[0]);
size_t WIN5_SIZE = 1;//sizeof(osd_win5_idx_arr)/sizeof(osd_win5_idx_arr[0]);
size_t WIN6_SIZE = 1;//sizeof(osd_win6_idx_arr)/sizeof(osd_win6_idx_arr[0]);
size_t WIN7_SIZE = 1;//sizeof(osd_win7_idx_arr)/sizeof(osd_win7_idx_arr[0]);

#ifdef HAVE_OSD_ARR
uint32_t font_1b_arr[] = {
0x000000,0x000000,0x000000,0x000000,0x000000,0x000000,0x000000,0x000000,
0x000000,0x000000,0x000000,0x000000,0x000000,0xaaaaaa,0x000000,0x000000,
0x000000,0x000000,0xffffff,0xffffff,0x801801,0xffffff,0xc03a05,0xa05909,
0x909891,0x891861,0x861861,0x861891,0x891909,0x909a05,0xa05c03,0xffffff,
0x801801,0x000fff,0xffffff,0xffffff,0x000000,0x000000,0x000000,0x000000,
0x000000,0x000000,0x000000,0xfff000,0xfff000,0x000000,0x800800,0x800800,
0x800800,0x800800,0x800800,0x800800,0x800800,0x000000,0x000000,0xc00c00,
0xc00c00,0xc00c00,0xc00c00,0xc00c00,0xc00c00,0xc00c00,0x000000,0x000000,
0xe00e00,0xe00e00,0xe00e00,0xe00e00,0xe00e00,0xe00e00,0xe00e00,0x000000,
0x000000,0xf00f00,0xf00f00,0xf00f00,0xf00f00,0xf00f00,0xf00f00,0xf00f00,
0x000000,0x000000,0xfc0fc0,0xfc0fc0,0xfc0fc0,0xfc0fc0,0xfc0fc0,0xfc0fc0,
0xfc0fc0,0x000000,0x000000,0xfe0fe0,0xfe0fe0,0xfe0fe0,0xfe0fe0,0xfe0fe0,
0xfe0fe0,0xfe0fe0,0x000000,0x000000,0xff0ff0,0xff0ff0,0xff0ff0,0xff0ff0,
0xff0ff0,0xff0ff0,0xff0ff0,0x000000,0x000000,0xff8ff8,0xff8ff8,0xff8ff8,
0xff8ff8,0xff8ff8,0xff8ff8,0xff8ff8,0x000000,0x000000,0xffcffc,0xffcffc,
0xffcffc,0xffcffc,0xffcffc,0xffcffc,0xffcffc,0x000000,0x000000,0xffffff,
0xffffff,0xffffff,0xffffff,0xffffff,0xffffff,0xffffff,0x000000,0x000000,
0x000000,0x000000,0x000000,0x000000,0x000000,0x000000,0x000000,0x000000,
0x000000,0x000000,0x000000,0x000000,0x00f01f,0x030060,0x0c00c0,0x180180,
0x300300,0x000000,0x000000,0x000000,0x000000,0xffffff,0x000000,0x000000,
0x000000,0x000000,0x000000,0x000000,0x000000,0x000000,0xf00f80,0x0c0060,
0x030030,0x018018,0x00c00c,0x300300,0x300300,0x300300,0x300300,0x300300,
0x300300,0x300300,0x300300,0x300300,0x00c00c,0x00c00c,0x00c00c,0x00c00c,
0x00c00c,0x00c00c,0x00c00c,0x00c00c,0x00c00c,0x300300,0x180180,0x0c00c0,
0x060030,0x01f00f,0x000000,0x000000,0x000000,0x000000,0x000000,0x000000,
0x000000,0x000000,0xffffff,0x000000,0x000000,0x000000,0x000000,0x00c00c,
0x018018,0x030030,0x0600c0,0xf80f00,0x000000,0x000000,0x000000,0x000000,
0x000000,0x0000e0,0x1f03b8,0x318318,0x318318,0x318318,0x3b81f0,0x0e0000,
0x000000,0x000000,0x000060,0x0600e0,0x1e0360,0x060060,0x060060,0x060060,
0x060000,0x000000,0x000000,0x0000e0,0x1f03b8,0x318018,0x030070,0x0e00c0,
0x1803f8,0x3f8000,0x000000,0x000000,0x0000e0,0x1f03b8,0x318038,0x0f00f0,
0x038318,0x3b81f0,0x0e0000,0x000000,0x000000,0x000030,0x070070,0x0f00f0,
0x1b01b0,0x3303f8,0x3f8030,0x030000,0x000000,0x000000,0x0001f8,0x1f8180,
0x1803e0,0x3f0338,0x018318,0x3b81f0,0x0e0000,0x000000,0x000000,0x0000e0,
0x1f03b8,0x3003e0,0x3f03b8,0x318318,0x3b81f0,0x0e0000,0x000000,0x000000,
0x0003f8,0x3f8030,0x060060,0x0c00c0,0x0c0180,0x180180,0x180000,0x000000,
0x000000,0x0000e0,0x1f03b8,0x3183b8,0x1f01f0,0x3b8318,0x3b81f0,0x0e0000,
0x000000,0x000000,0x0000e0,0x1f03b8,0x318318,0x3b81f8,0x0f8018,0x3b81f0,
0x0e0000,0x000000,0x000000,0x7f87fc,0x60c60c,0x60c7f8,0x7fc60e,0x606606,
0x7fc7f8,0x000000,0x000000,0x000000,0x030030,0x000db1,0xfb3e37,0xc36c36,
0xc36c37,0xc33c31,0x006007,0x003000,0x000000,0x030030,0x030db7,0xfbf3b8,
0x1b01b0,0x1b03b0,0xfb0db0,0x180f80,0xf00000,0x000000,0x0400c0,0x0c09f6,
0xdf7cc7,0xcc6cc6,0xcc6cc6,0xcf6c76,0x000000,0x000000,0x000000,0x000000,
0x000f0e,0xf9f1b1,0x1bf1bf,0x1b01b9,0x19f18e,0x000000,0x000000,0x000000,
0x000000,0x0001f1,0x3fbb1b,0xbc39f1,0x078b1b,0x3fb1f1,0x000000,0x000000,
0x000000,0x00c00c,0x00cf19,0xf99199,0xc19f19,0x7991b0,0xfb0f30,0x000000,
0x000000,0x000000,0x3e0ff0,0xc38810,0x801803,0x803803,0x813c3b,0xff13e0,
0x000000,0x000000,0x000000,0x000000,0x000f1b,0xf9f9dc,0x0d80d8,0x0d89d8,
0xf98f18,0x000000,0x000000,0x000000,0x020060,0x060cfb,0xefb663,0x663663,
0x663663,0x67b63b,0x000000,0x000000,0x000000,0x000000,0x00067c,0xefe8c6,
0x01e07e,0x0e60c6,0x0fe07b,0x000000,0x000000,0x000000,0x001003,0x0033e7,
0x7f7633,0x7833e3,0x0f3633,0x7f33e1,0x000000,0x000000,0x000000,0x000000,
0x000c00,0xc00000,0x000000,0x000000,0xc00c00,0x000000,0x000000,0x000000,
0x0f83fc,0x30e604,0x600600,0x600600,0x60430e,0x3fc0f8,0x000000,0x000000,
0x000000,0x006006,0x0063c6,0x7e6e76,0xc36c36,0xc36e76,0x7e63c6,0x000000,
0x000000,0x000000,0x000000,0x0003c6,0x7e7e77,0xc36c36,0xc36e76,0x7e63c6,
0x000000,0x000000,0x000000,0x00f01f,0x030c30,0xc3c01f,0x007000,0x030038,
0x01f00f,0x000000,0x000000,0x000000,0x800c00,0xe00638,0x07c8c6,0xcfeefe,
0x6c0ee6,0xc7c838,0x000000,0x000000,0x000000,0x208618,0x618fbe,0xfbe618,
0x618618,0x618618,0x79e38e,0x000000,0x000000,0x000000,0xc00c00,0x000dbc,
0xdfedc6,0xd86d86,0xd86d86,0xd86d86,0x000000,0x000000,0x000000,0x000000,
0x0003b3,0x7f7e76,0xc37c33,0xc30e76,0x7f73b3,0xc30ff0,0x7e0000,0x000000,
0x000000,0x000e00,0xf00300,0x800e00,0xf00300,0xf00e00,0x000000,0x000000,
0x000000,0x7fc7fc,0x600601,0x6017fc,0x7fc600,0x600600,0x7fd7fd,0x000000,
0x000000,0x000000,0x00400c,0x00c8df,0xddfd8c,0x70c70c,0x70cd8c,0xdcf8c7,
0x000000,0x000000,0x000000,0x000000,0x0001c6,0x3e7637,0x7f67f6,0x606736,
0x3e61c6,0x000000,0x000000,0x000000,0x000000,0x000f0e,0xf9f1b9,0x1b01b0,
0x1b01b9,0x19f18e,0x000000,0x000000,0x000000,0xc07c1f,0xc18c30,0xc30c30,
0xc30c30,0xc30c18,0xc1fc07,0x000000,0x000000,0x000000,0xc00e00,0x70021e,
0x03f073,0x061061,0x261773,0xe3fc1e,0x000000,0x000000,0x000000,0x300300,
0x30031e,0x33fb73,0xb61b61,0xb61b73,0x33f31e,0x000000,0x000000,0x000000,
0x000000,0x001361,0x3e1b80,0xb00b00,0xb01b01,0x300300,0x000000,0x000000,
0x000000,0x7c0fe0,0x870831,0xe03fc6,0x3e7077,0x836c77,0xfe37c1,0x000000,
0x000000,0x000000,0x010030,0x030c7d,0xe7d330,0xf30f30,0x030330,0xe3cc1c,
0x000000,0x000000,0x000000,0x460c60,0xc00f6d,0xf6fc6e,0xc6cc6c,0xc6cc6c,
0xf6c76c,0x000000,0x000000,0x000000,0x000000,0x000e1d,0xf3f373,0x361361,
0x361373,0x33f31d,0x06107f,0x03f000,0x000000,0x000000,0x0009f0,0xbf8b18,
0xbc09f0,0x878b18,0xbf89f0,0x800800,0x000000,0x000000,0x600600,0x6006de,
0x6ff6e3,0x6c36c3,0x6c36c3,0x6c36c3,0x000000,0x000000,0x000000,0x000000,
0x0006e3,0x7f373b,0x61b61b,0x61b73b,0x7f36e1,0x600600,0x600000,0x000000,
0x00400c,0x00c0df,0x0df0cc,0x0cc0cc,0x0cc1cc,0xfcfec7,0x000000,0x000000,
0x000000,0x03e07f,0x0c30c1,0x0f007e,0x01f003,0x0c10e3,0x07f03e,0x000000,
0x000000,0x000000,0x000000,0x8008f1,0x1f939d,0x30db0d,0xb0db9d,0x1f90f0,
0x000000,0x000000,0x000000,0x000000,0x00086d,0x86f86e,0x86c86c,0x86c8ec,
0xfecf6c,0x000000,0x000000,0x000000,0x000000,0x0008f0,0x9f939b,0x303303,
0x30339b,0x1f90f0,0x000000,0x000000,0x000000,0x000000,0x000e00,0xf00180,
0xf80f80,0x000980,0xf00e00,0x000000,0x000000,0x000000,0x7f07fc,0x60c606,
0x606606,0x606606,0x60660c,0x7fc7f0,0x000000,0x000000,0x000000,0xc00c00,
0x000cf9,0xdfdd8d,0xde1cf9,0xc3dd8d,0xdfdcf9,0x001001,0x001000,0x000000,
0x00c00c,0x00cb8c,0xfcdced,0x86c86c,0x86dced,0xfcdb8c,0x800800,0x800000,
0x000000,0x000000,0x000f8c,0xfcc8c6,0x3c6fc3,0xcc38c3,0xfc1f61,0x001007,
0x007000,0x000000,0x001003,0x006186,0x187303,0x300600,0x606e07,0xc03c01,
0x800800,0x000000,0x000000,0xf00f80,0x1c00c7,0x80ff18,0xf9f1df,0x0d81dc,
0xf8ff07,0x000000,0x000000,0x000000,0x0410c3,0x0c31f7,0x9f7cc3,0xcc3cc3,
0x0c3cc3,0x8f3071,0x000000,0x000000,0x000000,0x180180,0x000db7,0xdbf1b8,
0x1b01b0,0x1b01b0,0xdb0db0,0x000000,0x000000,0x000000,0x000000,0x000876,
0xcfedce,0xd86d86,0xd86dce,0xcfec76,0x1861fe,0x0fc000,0x000000,0x000000,
0x0007c0,0xfe0c60,0xf007c0,0x1e0c60,0xfe07c0,0x000000,0x000000,0x000000,
0x0f03fc,0x30c606,0x606606,0x606606,0x60630c,0x3fc0f0,0x000000,0x000000,
0x000000,0x230630,0x630fb7,0xfbf638,0x630630,0x630630,0x7b03b0,0x000000,
0x000000,0x000000,0x000000,0x000871,0xcf9d8d,0xdfddfd,0xd81dcd,0xcf9c71,
0x000000,0x000000,0x000000,0x003007,0x00cb0c,0xf0fc07,0x801800,0x80c80e,
0x807803,0x000000,0x000000,0x000000,0xe00f00,0x38018e,0x01fe31,0xf3f3bf,
0x1b03b9,0xf1fe0e,0x000000,0x000000,0x000000,0x082186,0x1863ef,0x3ef986,
0x986986,0x186986,0x1e70e3,0x000000,0x000000,0x000000,0x300300,0x000b6f,
0xb7f371,0x361361,0x361361,0xb61b61,0x000000,0x000000,0x000000,0x000000,
0x0000ec,0x9fdb9d,0xb0db0c,0xb0cb9d,0x9fd8ec,0x30c3fc,0x1f8000,0x000000,
0x000000,0x000f80,0xfc08c0,0xe00f80,0x3c08c0,0xfc0f80,0x000000,0x000000,
0x000000,0x7f07f8,0x61c60c,0x61c7f9,0x7f1601,0x601601,0x600600,0x000000,
0x000000,0x000000,0x000000,0x000788,0xfc8cec,0x86d86d,0x86dce7,0xfc7787,
0x000000,0x000000,0x000000,0x000000,0x000e31,0xe33e66,0xb67b67,0xb661c7,
0x1c31c1,0x000000,0x000000,0x000000,0x000000,0x000c6c,0xe7c370,0xf60f60,
0x060360,0xe60c60,0x000000,0x000000,0x000000,0x383383,0x3c73c7,0x34536d,
0x36d36d,0x339339,0x339311,0x000000,0x000000,0x000000,0x800800,0x8009f1,
0xbf9b19,0x8799f9,0xb99b19,0xbf99ed,0x000000,0x000000,0x000000,0x000000,
0x000bc7,0xfefc6c,0x861867,0x86e86c,0x86f867,0x000000,0x000000,0x000000,
0x000000,0x000c1d,0xe3f673,0xe61e61,0x661673,0xe3fb1d,0x06107f,0x03f000,
0x000000,0x000000,0x0008e3,0x9f3b1b,0xbfbbfb,0xb03b9b,0x9f38e3,0x800800,
0x000000,0x000000,0x000000,0x000600,0xe00800,0x000000,0x000000,0x000000,
0x000000,0x000000,0x000000,0x600600,0x6006de,0x6ff6e3,0x6c36c3,0x6c36c3,
0x6c36c3,0x000000,0x000000,0x000000,0x1e03e0,0x3007c3,0x7c730e,0x30c30c,
0x30c30e,0x307303,0x000000,0x000000,0x000000,0x000000,0x000c6d,0xe7d771,
0x361361,0x361761,0xe61c61,0x000000,0x000000,0x000000,0x000000,0x000b9c,
0xffece6,0x8c68c6,0x8c68c6,0x8c68c6,0x000000,0x000000,0x000000,0x001003,
0x0037c7,0xfe7c63,0x1e37e3,0xe63c63,0xfe37b1,0x000000,0x000000,0x000000,
0x180180,0x000d8f,0xd9f1b9,0x1b01b0,0x1b01b9,0xd9fd8f,0x000000,0x000000,
0x000000,0x000000,0x0001bc,0x9fedc6,0xd86d86,0xd86d86,0x986186,0x000000,
0x000000,0x000000,0x000000,0x000471,0x471673,0x6db6db,0x6db38e,0x38e38e,
0x000000,0x000000,0x000000,0x000000,0x000a38,0xa38339,0x36d36d,0x36d1c7,
0x1c71c7,0x000000,0x000000,0x000000,0x000000,0x000d1c,0xd1c99c,0x9b69b6,
0x9b60e3,0x0e30e3,0x000000,0x000000,0x000000,0x000000,0x00060f,0x61fc18,
0xc03c0f,0xc1c818,0x8df8cf,0x000000,0x000000,0x000000,0x000000,0x0008dc,
0xcffce7,0xcc6cc6,0xcc6cc6,0xcc66c6,0x000000,0x000000,0x000000,0x060060,
0x060e63,0xf6736e,0x36c36c,0x36c36e,0x367363,0x000000,0x000000,0x000000,
0x000000,0x000c1d,0xe3f773,0x361361,0x361773,0xe3fc1d,0x06107f,0x03f000,
0x000000,0x300300,0x000b1e,0xb3fb73,0xb60b60,0xb60b73,0xb3fb1e,0x800800,
0x000000,0x000000,0x000000,0x00003c,0x07e0e6,0x0c00c0,0x0c00e6,0x67e63c,
0x000000,0x000000,0x000000,0x000000,0x0003c6,0x7e7e77,0xc36c36,0xc36e76,
0x7e63c6,0x000000,0x000000,0x000000,0x000000,0x000e70,0xff8398,0x318318,
0x318318,0x318318,0x000000,0x000000,0x000000,0x000000,0x554000,0xaa4000,
0xaa8000,0xaa8000,0xaa8000,0xaa8000,0xaa8000,0xaa8000,0xaa8000,0xaa8000,
0xaa8000,0xaa8000,0xaa8000,0xaa8000,0xaa8000,0xaa8000,0x000000,0x000000,
0x000000,0x000000,0x000000,0x000000,0x000001,0x000006,0x00001a,0x00002b,
0x0000ae,0x0002aa,0x001aaa,0x006baa,0x01aeaa,0x01baaa,0x06eaaa,0x1aeaaa,
0x000000,0x7f87fc,0x60c60c,0x60c7f8,0x7fc60e,0x606606,0x7fc7f8,0x000000,
0x000000,0x000000,0x030030,0x000db1,0xfb3e37,0xc36c36,0xc36c37,0xc33c31,
0x006007,0x003000,0x000000,0x030030,0x030db7,0xfbf3b8,0x1b01b0,0x1b03b0,
0xfb0db0,0x180f80,0xf00000,0x000000,0x0400c0,0x0c09f6,0xdf7cc7,0xcc6cc6,
0xcc6cc6,0xcf6c76,0x000000,0x000000,0x000000,0x000000,0x000f0e,0xf9f1b1,
0x1bf1bf,0x1b01b9,0x19f18e,0x000000,0x000000,0x000000,0x000000,0x0001f1,
0x3fbb1b,0xbc39f1,0x078b1b,0x3fb1f1,0x000000,0x000000,0x000000,0x000000,
0x000f00,0xf80180,0xc00f00,0x780180,0xf80f00,0x000000,0x000000,0x000000,
0x0f83fc,0x30e604,0x600600,0x600600,0x60430e,0x3fc0f8,0x000000,0x000000,
0x000000,0x000000,0x0003c6,0x7e7e77,0xc36c36,0xc36e76,0x7e63c6,0x000000,
0x000000,0x000000,0x008018,0x018f3e,0xfbe198,0x198198,0x198198,0x19e18e,
0x000000,0x000000,0x000000,0x000000,0x000d9f,0xfbfe31,0xc07c1f,0xc39c31,
0xc3fc1e,0x000000,0x000000,0x000000,0x000000,0x0000f9,0x9fd98c,0x9e08f8,
0x83c98c,0x9fccf8,0x000000,0x000000,0x000000,0x400c00,0xc00f00,0xf00c00,
0xc00c00,0xc00c00,0xf00700,0x000000,0x000000,0x000000,0x7f07fc,0x60c606,
0x606606,0x606606,0x60660c,0x7fc7f0,0x000000,0x000000,0x000000,0xc00c03,
0xc03c06,0xc06c06,0xc06c06,0xc06c03,0xff3ff0,0x000000,0x000000,0x000000,
0xf80fc0,0x0e0040,0x000000,0x000000,0x0400e0,0xfc0f80,0x000000,0x000000,
0x000000,0x7f07fc,0x60c606,0x606606,0x606606,0x60660c,0x7fc7f0,0x000000,
0x000000,0x000000,0xfe0ff1,0xc3bc1b,0xc3bff1,0xfe0c00,0xc03c03,0xc01c00,
0x000000,0x000000,0x000000,0xf80fc0,0x0e0060,0xc00f80,0x7c00e0,0x0608e0,
0xfc0f80,0x000000,0x000000,0x000000,0x7f07fc,0x60c606,0x606606,0x606606,
0x60660c,0x7fc7f0,0x000000,0x000000,0x000000,0x1f17f9,0x61dc09,0xc01c01,
0xc01c01,0xc0961d,0x7f91f1,0x000000,0x000000,0x000000,0xfe0ff0,0x838818,
0x838ff0,0xfc08e0,0x870830,0x83881c,0x000000,0x000000,0x000000,0x0f03fc,
0x30c606,0x606606,0x606606,0x60630c,0x3fc0f0,0x000000,0x000000,0x000000,
0x3c77cf,0x60cf9f,0xf9f60c,0x60c60c,0x60c60c,0x60c60c,0x000000,0x000000,
0x000000,0x800800,0x000000,0x000000,0x000000,0x000000,0x000000,0x000000,
0x000000,0x000000,0x0f03fc,0x30c606,0x606606,0x606606,0x60630c,0x3fc0f0,
0x000000,0x000000,0x000000,0x000000,0x000de0,0xff0e30,0xc30c30,0xc30c30,
0xc30c30,0x000000,0x000000,0x001baa,0x001baa,0x001baa,0x001baa,0x001baa,
0x001baa,0x001baa,0x001baa,0x001baa,0x955555,0x900000,0x900000,0x900000,
0x900000,0x900000,0x900000,0x900000,0x900000,0x900000,0x900000,0x900000,
0x900000,0x900000,0x900000,0x900000,0x900000,0x900000,0x555555,0x000000,
0x000000,0x000000,0x000000,0x000000,0x000000,0x000000,0x000000,0x000000,
0x000000,0x000000,0x000000,0x000000,0x000000,0x000000,0x000000,0x000000,
0x6eaaaa,0x6eaaaa,0x6eaaaa,0x6eaaaa,0x6eaaaa,0x6eaaaa,0x6eaaaa,0x6eaaaa,
0x6eaaaa,0x6eaaaa,0x6eaaaa,0x6eaaaa,0x6eaaaa,0x6eaaaa,0x6eaaaa,0x6eaaaa,
0x6eaaaa,0x6eaaaa,0xaaae55,0xaaae40,0xaaae40,0xaaae40,0xaaae40,0xaaae40,
0xaaae40,0xaaae40,0xaaae40,0xaaae40,0xaaae40,0xaaae40,0xaaae40,0xaaae40,
0xaaae40,0xaaae40,0xaaae40,0xaaae40,0xabaaaa,0x5aaaaa,0x06aaaa,0x01aaaa,
0x006baa,0x001aaa,0x0006ea,0x0002ea,0x0001aa,0x0001ba,0x0001ba,0x0001ba,
0x0001ba,0x0001aa,0x0000aa,0x0000aa,0x0000aa,0x0000aa,0xe40000,0xe40000,
0xe40000,0xa40000,0xb90000,0xb90000,0xb90000,0xb90000,0xb90000,0xb90000,
0xb80000,0xa80000,0xa80000,0xa80000,0xa80000,0xa80000,0xa80000,0xa80000,
0x005baa,0x006eaa,0x006eaa,0x00baaa,0x01baaa,0x06aaaa,0x06eaaa,0x06eaaa,
0x06aaaa,0x1baaaa,0x1baaaa,0x1baaaa,0x1aaaaa,0x6eaaaa,0x6eaaaa,0x6eaaaa,
0x6eaaaa,0x6eaaaa,0xaaaaaa,0xaaaaaa,0xaaaaaa,0xaaaaaa,0xaaaaab,0xaaaaaa,
0xaaaaae,0xaaaaaa,0xaaaab9,0xaaaab8,0xaaaaa4,0xaaaae4,0xaaaae4,0xaaaae4,
0xaaaae4,0xaaaae4,0xaaaaa0,0xaaaa90,0xae9400,0xba4000,0xa90000,0xa40000,
0x900000,0x900000,0x400000,0x400000,0x000000,0x000000,0x000000,0x000000,
0x000000,0x000000,0x000000,0x000000,0x000000,0x000000,0x1aaaaa,0x06aaaa,
0x01aaaa,0x006baa,0x001baa,0x0006ea,0x0006ea,0x0001ba,0x0001ba,0x0001ba,
0x00006a,0x00006e,0x00006e,0x00006e,0x00006e,0x00006e,0x00006a,0x00002a,
0xe00000,0xe40000,0xa90000,0xb90000,0xa90000,0xae0000,0xae4000,0xaa4000,
0xab9000,0xab9000,0xab9000,0xab9000,0xaa9000,0xaae400,0xaae400,0xaae400,
0xaae400,0xaae400,0x0001ba,0x0006ea,0x0006ea,0x001baa,0x001baa,0x001baa,
0x006eaa,0x006eaa,0x006eaa,0x006aaa,0x01baaa,0x01baaa,0x01baaa,0x00baaa,
0x01aaaa,0x01aaaa,0x02aaaa,0x06aaaa,0xaaaaaa,0xaaaaaa,0xaaaaaa,0xaaaaaa,
0xaaaaaa,0xaaaaaa,0xaaaaaa,0xaaaaaa,0xaaaaaa,0xaaaaab,0xaaaaab,0xaaaaab,
0xaaaaaa,0xaaaaae,0xaaaaae,0xaaaaae,0xaaaaae,0xaaaaae,0xaaba50,0xaae940,
0xaba400,0xaa9000,0xaa4000,0xb90000,0xa80000,0xe40000,0xe40000,0x900000,
0x900000,0x900000,0x400000,0x400000,0x400000,0x400000,0x400000,0x400000,
0x00000a,0x00000a,0x00000a,0x00000a,0x00000a,0x00000a,0x00000a,0x00000a,
0x00000a,0x00000a,0x00000a,0x00000a,0x00000a,0x00000a,0x00000a,0x00000a,
0x00000a,0x00000a,0xaa8000,0xaa8000,0xaa8000,0xaa8000,0xaa8000,0xaa8000,
0xaa8000,0xaa8000,0xaa8000,0xaa8000,0xaa8000,0xaa8000,0xaa8000,0xaa8000,
0xaa8000,0xaa8000,0xaa8000,0xaa8000,0x000000,0x000000,0x000000,0x000001,
0x000001,0x000001,0x000002,0x000006,0x000006,0x00001b,0x00001b,0x00001b,
0x00001a,0x00006e,0x00006e,0x00006e,0x00006e,0x00006e,0x1baaaa,0x6aaaaa,
0x6eaaaa,0xaaaaaa,0xbaaaaa,0xbaaaaa,0xeaaaaa,0xeaaaaa,0xaaaaaa,0xaaaaaa,
0xaaaaaa,0xaaaaaa,0xaaaaaa,0xaaaaaa,0xaaaaaa,0xaaaaaa,0xaaaaaa,0xaaaaaa,
0xaaaaaa,0xaaaaaa,0xaaaaaa,0xaaaaaa,0xaaaae9,0xaaaba4,0xaaaa90,0xaaae40,
0xaaaa40,0xaab900,0xaab800,0xaae400,0xaae400,0xaae400,0xaae400,0xaa9000,
0xaa9000,0xab8000,0xa94000,0xa40000,0x900000,0x400000,0x000000,0x000000,
0x000000,0x000000,0x000000,0x000000,0x000000,0x000000,0x000000,0x000000,
0x000000,0x000000,0x000000,0x000000,0x01a900,0x001500,0x000100,0x000000,
0x000000,0x000000,0x000000,0x000000,0x000000,0x000000,0x000000,0x000000,
0x000000,0x000000,0x000000,0x000000,0x000000,0x000000,0x000000,0x000000,
0x000000,0x000000,0x000000,0x000000,0x000000,0x000000,0x000000,0x000000,
0x000000,0x000001,0x000001,0x000006,0x000006,0x00001a,0x00001b,0x00006a,
0x001baa,0x001baa,0x006eaa,0x006eaa,0x01baaa,0x01baaa,0x06eaaa,0x16eaaa,
0x1baaaa,0x5baaaa,0x6eaaaa,0xaeaaaa,0xbaaaaa,0xaaaaaa,0xeaaaaa,0xaaaaaa,
0xaaaaaa,0xaaaaaa,0xaaaae4,0xaaaaa4,0xaaaaa0,0xaaaaa0,0xaaaaa0,0xaaaae4,
0xaaaae4,0xaaaae4,0xaaaae4,0xaaaae4,0xaaaae4,0xaaaaa4,0xaaaab9,0xaaaab9,
0xaaaab9,0xaaaaa9,0xaaaaae,0xaaaaae,0x0001ba,0x0001aa,0x0002aa,0x0002ab,
0x0001ab,0x0001ab,0x0000ab,0x0000bb,0x0001ba,0x0001ba,0x0001ba,0x00006a,
0x00006e,0x00006e,0x00006a,0x00001b,0x00000b,0x400006,0xe40001,0xe40001,
0x900001,0x900006,0x900006,0x900006,0x900006,0x800006,0x900006,0x900001,
0xe40001,0xe40000,0xe40000,0xe40000,0xb90000,0xb90000,0xaa4000,0xea9000,
0xbaaaaa,0xbaaaaa,0xaaaaaa,0xeaaaaa,0xeaaaab,0xeaaaab,0xeaaaae,0xeaaaae,
0xeaaab9,0xaaaae9,0xbaafa4,0x6ffa50,0x1aa500,0x055000,0x000000,0x000000,
0x000000,0x000001,0xa40001,0xe40001,0xe40001,0xe40000,0x900001,0x900001,
0x400006,0x400006,0x000006,0x000006,0x000006,0x000006,0x000005,0x000000,
0x000000,0x000000,0x500000,0xa40000,0xbaaae4,0xbaaae4,0xbaaae4,0xbaaae4,
0xaaaa90,0xaaab90,0xeaab80,0xeaae40,0xeaae40,0xeab900,0xeae900,0xfea400,
0xa95000,0x050000,0x000000,0x000000,0x000001,0x000006,0x0001bb,0x0001bb,
0x0001ab,0x0006eb,0x0006eb,0x0006eb,0x0006eb,0x0016ab,0x001bab,0x001bab,
0x006eab,0x006eab,0x01baab,0x06baab,0x06aaab,0x1aaaab,0x6aaaab,0xaaaaab,
0xaaae40,0xaaae40,0xaaae40,0xaaae40,0xaaae40,0xaaae40,0xaaae40,0xaaae40,
0xaaae40,0xaaae40,0xaaae40,0xaaae40,0xaaae40,0xaaae40,0xaaae40,0xaaae40,
0xaaae40,0xaaae40,0x0000aa,0x0000aa,0x0000aa,0x0000aa,0x0000aa,0x0000aa,
0x0000aa,0x0000aa,0x0000aa,0x0000aa,0x0000aa,0x0000aa,0x0000aa,0x0000aa,
0x0000aa,0x0000aa,0x0000aa,0x0000aa,0xa80000,0xa80000,0xa80000,0xa80000,
0xa80000,0xa80000,0xa80000,0xa80000,0xa80000,0xa80000,0xa80000,0xa80000,
0xa80000,0xa80000,0xa80000,0xa80000,0xa80000,0xa80000,0x6eaaaa,0x6eaaaa,
0x6eaaaa,0x6eaaaa,0x6eaaaa,0x6eaaaa,0x6eaaaa,0x6eaaaa,0x6eaaaa,0x6eaaaa,
0x6eaaaa,0x1aaaaa,0x1baaaa,0x1baaaa,0x1baaaa,0x06aaaa,0x06eaaa,0x06eaaa,
0xaaaa90,0xaaaa80,0xaaaa80,0xaaaa80,0xaaaa80,0xaaaa90,0xaaaa90,0xaaaaa0,
0xaaaae4,0xaaaae4,0xaaaae4,0xaaaae4,0xaaaae4,0xaaaaa5,0xaaaab9,0xaaaab9,
0xaaaaaa,0xaaaaae,0x000000,0x000000,0x000000,0x000000,0x000000,0x000000,
0x000000,0x000000,0x000000,0x000000,0x000000,0x000000,0x000000,0x000000,
0x000000,0x000000,0x400000,0x400000,0x00002a,0x00002a,0x00002a,0x00002a,
0x00002a,0x00002a,0x00006e,0x00006e,0x00006e,0x00006e,0x00006e,0x00006e,
0x00006a,0x0001ba,0x0001ba,0x0001ba,0x0006ea,0x0006ea,0xaae400,0xaae400,
0xaae400,0xaae400,0xaae400,0xaae400,0xaae400,0xaae400,0xaae400,0xaa9000,
0xab9000,0xab9000,0xab9000,0xab9000,0xae4000,0xae4000,0xae4000,0xa90000,
0x06eaaa,0x06eaaa,0x06eaaa,0x06eaaa,0x06eaaa,0x06eaaa,0x06eaaa,0x06eaaa,
0x06eaaa,0x06aaaa,0x02aaaa,0x01aaaa,0x01baaa,0x01baaa,0x01baaa,0x01baaa,
0x006aaa,0x006eaa,0xaaaaaa,0xaaaaaa,0xaaaaaa,0xaaaaaa,0xaaaaaa,0xaaaaaa,
0xaaaaaa,0xaaaaaa,0xaaaaae,0xaaaaae,0xaaaaae,0xaaaaae,0xaaaaae,0xaaaaaa,
0xaaaaab,0xaaaaab,0xaaaaaa,0xaaaaaa,0x400000,0x000000,0x000000,0x000000,
0x000000,0x000000,0x000000,0x400000,0x400000,0x400000,0x400000,0x400000,
0x400000,0x400000,0x800000,0x900000,0xa40000,0xe40000,0x00006e,0x00006e,
0x00002e,0x00002a,0x00002a,0x00002a,0x00002e,0x00006e,0x00006e,0x00006e,
0x00006e,0x00006e,0x00006e,0x00001a,0x00001b,0x00001b,0x00001b,0x000006,
0xaaaaaa,0xaaaaaa,0xaaaaaa,0xaaaaaa,0xaaaaaa,0xaaaaaa,0xaaaaaa,0xaaaaaa,
0xaaaaaa,0xaaaaaa,0xaaaaaa,0xaaaaaa,0xaaaaaa,0xaaaaaa,0xaaaaaa,0xaaaaaa,
0xaaaaaa,0xeaaaaa,0xab9000,0xab9000,0xab9000,0xab9000,0xab9000,0xab9000,
0xab8000,0xaa9000,0xaa9000,0xaae400,0xaae400,0xaae400,0xaaa400,0xaab800,
0xaab900,0xaaaa00,0xaaae40,0xaaaa90,0x000000,0x000000,0x000000,0x000000,
0x000000,0x000000,0x000000,0x000000,0x000000,0x000000,0x000000,0x000000,
0x000000,0x000000,0x000000,0x000000,0x000001,0x000001,0x00006e,0x00006a,
0x0001ba,0x0002aa,0x0006ea,0x001baa,0x001baa,0x006eaa,0x006eaa,0x01baaa,
0x01baaa,0x06eaaa,0x06eaaa,0x1baaaa,0x5baaaa,0x6eaaaa,0x6eaaaa,0xaaaaaa,
0xaaaaaa,0xaaaaab,0xaaaaab,0xaaaaaa,0xaaaaaa,0xaaaaaa,0xaaaaaa,0xaaaaaa,
0xaaaaaa,0xaaaaaa,0xaaaaaa,0xaaaaaa,0xaaaaaa,0xaaaaaa,0xaaaaaa,0xaaaaaa,
0xaaaaaa,0xaaaaaa,0x500006,0x900001,0x940000,0xa40000,0xa80000,0xb90000,
0xaa4000,0xaa9000,0xaba400,0xaae900,0xaaba40,0xaaae90,0xaaaba4,0xaaaaaa,
0xaaaaae,0xaaaaaa,0xaaaaaa,0xaaaaaa,0xbba400,0xbae940,0x6abe95,0x6aabea,
0x1abaaf,0x05aaaa,0x005afa,0x0015af,0x00015a,0x000005,0x000000,0x000000,
0x000000,0x500000,0xa50000,0xea4000,0xaea550,0xaafaa5,0x000006,0x00015a,
0x5555af,0xaaaafa,0xfffeaa,0xaaaaaa,0xaaaaaa,0xeaaaaa,0xafffff,0x5aaaaa,
0x055555,0x000000,0x000000,0x000000,0x000000,0x000000,0x000000,0x550000,
0xa90000,0xea5000,0xaaa554,0xaaeaaa,0xaaaffe,0xaaaaaa,0xaaaaab,0xaaaafe,
0xfffaa9,0xaaa954,0x555400,0x000000,0x000000,0x000000,0x000000,0x000000,
0x000005,0x00555a,0x00005a,0x0001ab,0x555aaa,0xaaae96,0xfffa40,0xafa400,
0xfa5000,0xa50000,0x500000,0x000000,0x000000,0x000005,0x000016,0x00016a,
0x0056be,0x016bea,0x5abeaa,0xafaaaa,0xaaaaab,0xaaaaab,0xaaaaab,0xbaaaab,
0xaaaaab,0x6aaaab,0x1aaaab,0x1aeaab,0x06eaab,0x1aeaab,0x6aaaab,0xaaaaab,
0xbaaaab,0xaaaaab,0xaaaaab,0xaaaaab,0xaaaaab,0xaaaaab,0x0006ea,0x0006ea,
0x0006ea,0x0006ea,0x0006ea,0x0006ea,0x0006ea,0x0006ea,0x0001aa,0x0001ba,
0x0000ba,0x00006e,0x00002a,0x00001a,0x00001a,0x000006,0x000001,0x000000,
0xaaaaaa,0xaaaaaa,0xaaaaaa,0xaaaaaa,0xaaaaaa,0xaaaaaa,0xaaaaaa,0xaaaaaa,
0xaaaaaa,0xaaaaaa,0xaaaaaa,0xaaaaaa,0xaaaaaa,0xaaaaaa,0xeaaaaa,0xaaaaaa,
0xaaaaaa,0x5aeaaa,0x05aaaa,0x01baaa,0x00baaa,0x006eaa,0x006eaa,0x001baa,
0x000aaa,0x0006ea,0x0006ba,0x0001aa,0x00006a,0x00001a,0x00001a,0x000006,
0x000001,0x000000,0x000000,0x000000,0xaaaaaa,0xaaaaab,0xaaaaaa,0xaaaaaa,
0xaaaaaa,0xaaaaaa,0xaaaaaa,0xaaaaaa,0xaaaaaa,0xaaaaaa,0xaaaaaa,0xaaaaaa,
0xaaaaaa,0xaaaaaa,0xaaaaaa,0x5aeaaa,0x06aaaa,0x016baa,0x900000,0x940000,
0xa40000,0xa90000,0xaa5000,0xaaa500,0xaae954,0xaabea9,0xaaaafe,0xaaaaaa,
0xaaaaaa,0xaaaaaa,0xaaaaaa,0xaaaaaa,0xaaaaaa,0xaaaaaa,0xaaaaaa,0xaaaaaa,
0x000000,0x000000,0x000000,0x000000,0x000000,0x000000,0x000015,0x55516a,
0xaaaabf,0xfffeaa,0xaaaaaa,0xaaaaaa,0xaaaaaa,0xaaaaaa,0xaaaaaa,0xaaaaaa,
0xaaaaaa,0xaaaaaa,0x001baa,0x006baa,0x006aaa,0x01aaaa,0x16aaaa,0x6aaaaa,
0xaaaaaa,0xfaaaaa,0xaaaaaa,0xaaaaaa,0xaaaaaa,0xaaaaaa,0xaaaaaa,0xaaaaaa,
0xaaaaaa,0xaaaaaa,0xaaaaaa,0xaaaaaf,0xaaaaaa,0xaaaaaa,0xaaaaaa,0xaaaaaa,
0xaaaaab,0xaaaaab,0xaaaaae,0xaaaaba,0xaaaab9,0xaaaaa4,0xaaaba4,0xaaae90,
0xaaba40,0xaae900,0xaaa400,0xbe9000,0xe94000,0xa40000,0xb90000,0xb80000,
0xe40000,0xe40000,0x900000,0x900000,0x400000,0x400000,0x000000,0x000000,
0x000000,0x000000,0x000000,0x000000,0x000000,0x000000,0x000000,0x000000,
0x006eaa,0x006eaa,0x001baa,0x001baa,0x0016aa,0x0006ea,0x0006ba,0x0001ba,
0x00006e,0x00002b,0x00001a,0x000006,0x000001,0x000000,0x000000,0x000000,
0x000000,0x000000,0xaaaaaa,0xaaaaaa,0xaaaaaa,0xaaaaaa,0xaaaaaa,0xaaaaaa,
0xaaaaaa,0xaaaaaa,0xaaaaaa,0xaaaaaa,0xaaaaaa,0xaaaaaa,0xaeaaaa,0x6baaaa,
0x1aaaaa,0x05aeaa,0x016bea,0x0006af,0xa90000,0xba4000,0xaa9000,0xaaa400,
0xaaa900,0xaaaa50,0xaaaea4,0xaaaaea,0xaaaaaf,0xaaaaaa,0xaaaaaa,0xaaaaaa,
0xaaaaaa,0xaaaaaa,0xaaaaaa,0xaaaaaa,0xaaaaaa,0xaaaaaa,0x000000,0x000000,
0x000000,0x000000,0x000000,0x000000,0x000000,0x555400,0xaaaaaa,0xbffaaa,
0xaaaaaa,0xaaaaaa,0xaaaaaa,0xaaaaaa,0xaaaaaa,0xaaaaaa,0xaaaaaa,0xaaaaaa,
0x001baa,0x001baa,0x001baa,0x001baa,0x001baa,0x001baa,0x001baa,0x001baa,
0xaaabaa,0xaaaaaa,0xaaaaaa,0xaaaaaa,0xaaaaaa,0xaaaaaa,0xaaaaaa,0xaaaaaa,
0xaaaaaa,0xaaaaaa,0x00000a,0x00000a,0x00000a,0x00000a,0x00000a,0x00000a,
0x00000b,0x00001b,0x00001b,0x000006,0x000006,0x000006,0x000001,0x000001,
0x000000,0x000000,0x000000,0x000000,0xaaaaaa,0xaaaaaa,0xaaaaaa,0xaaaaaa,
0xaaaaaa,0xaaaaaa,0xaaaaaa,0xaaaaaa,0xaaaaaa,0xaaaaaa,0xeaaaaa,0xaaaaaa,
0xbaaaaa,0xaeaaaa,0x6baaaa,0x1aeaaa,0x06baaa,0x01afaa,0x000006,0x000006,
0x000001,0x000000,0x000000,0x000000,0x000000,0x000000,0x000000,0x000000,
0x000000,0x000000,0x000000,0x000000,0x000000,0x000000,0x000000,0x000000,
0xeaaaaa,0xaaaaaa,0xbaaaaa,0xbaaaaa,0x6eaaaa,0x6eaaaa,0x1baaaa,0x1aeaaa,
0x06eaaa,0x01aaaa,0x01aeaa,0x006baa,0x001aea,0x0006ba,0x0001ae,0x00006a,
0x00001a,0x000005,0xaaaaa4,0xaaaae9,0xaaaaaa,0xaaaaaa,0xaaaaab,0xaaaaaa,
0xaaaaaa,0xaaaaaa,0xaaaaaa,0xaaaaaa,0xaaaaaa,0xaaaaaa,0xaaaaaa,0xaaaaaa,
0xaaaaaa,0xaaaaaa,0xbaaaaa,0xafaaaa,0x000000,0x000000,0x400000,0x900000,
0xa50000,0xe95000,0xaaa540,0xabea94,0xaaafea,0xaaaaab,0xaaaaaa,0xaaaaaa,
0xaaaaaa,0xaaaaaa,0xaaaaaa,0xaaaaaa,0xaaaaaa,0xaaaaaa,0x000000,0x000000,
0x000000,0x000000,0x000000,0x000000,0x000055,0x5545aa,0xaaaafe,0xfffaaa,
0xaaaaaa,0xaaaaaa,0xaaaaaa,0xaaaaaa,0xaaaaaa,0xaaaaaa,0xaaaaaa,0xaaaaaa,
0x000000,0x000000,0x000100,0x001500,0x05a900,0x1ab900,0xaba900,0xfaa900,
0xaaa900,0xaaa900,0xaaa900,0xaaa900,0xaaa900,0xaaa900,0xaaa900,0xaaa900,
0xaaa900,0xaab900,0x000006,0x000006,0x00001a,0x00001b,0x000016,0x000005,
0x000000,0x000000,0x000000,0x000000,0x000000,0x000000,0x000000,0x000000,
0x000000,0x000000,0x000000,0x000000,0xaaaaaa,0xeaaaaa,0xaaaaaa,0xffffff,
0xaaaaaa,0x555555,0x000000,0x000000,0x000000,0x000000,0x000000,0x000000,
0x000000,0x000000,0x000000,0x000000,0x000000,0x000000,0xaaaaaa,0xaaaaaa,
0xaaaaaa,0xffffff,0xaaaaaa,0x555555,0x000000,0x000000,0x000000,0x000000,
0x000000,0x000000,0x000000,0x000000,0x000000,0x000000,0x000000,0x000000,
0xaaaaaa,0xaaaaaa,0xaaaaaa,0xfeaaaa,0xaaaaaa,0x500000,0x000000,0x000000,
0x000000,0x000000,0x000000,0x000000,0x000000,0x000000,0x000000,0x000000,
0x000000,0x000000,0xaaaaaa,0xaaaaaa,0xaaaaaa,0xaaaaaa,0xaaaaaa,0x000000,
0x000000,0x000000,0x000000,0x000000,0x000000,0x000000,0x000000,0x000000,
0x000000,0x000000,0x000000,0x000000,0xaaabfa,0xaaaaab,0xaaaaaa,0xaaaaaa,
0xaaaaaa,0x000000,0x000000,0x000000,0x000000,0x000000,0x000000,0x000000,
0x000000,0x000000,0x000000,0x000000,0x000000,0x000000,0xaa5155,0xfeaaaa,
0xaaafff,0xaaaaaa,0xaaaaaa,0x000000,0x000000,0x000000,0x000000,0x000000,
0x000000,0x000000,0x000000,0x000000,0x000000,0x000000,0x000000,0x000000,
0x05aaaf,0xaaffea,0xeaaaaa,0xaaaaaa,0xaaaaaa,0x000000,0x000000,0x000000,
0x000000,0x000000,0x000000,0x000000,0x000000,0x000000,0x000000,0x000000,
0x000000,0x000000,0xeaaaaa,0xaaaaaa,0xaaaaaa,0xaaaaaa,0xaaaaaa,0x000000,
0x000000,0x000000,0x000000,0x000000,0x000000,0x000000,0x000000,0x000000,
0x000000,0x000000,0x000000,0x000000,0xaaaaab,0xaaaaab,0xaaaaab,0xaaaaab,
0xaaaaaa,0x16aaa5,0x000000,0x000000,0x000000,0x000000,0x000000,0x000000,
0x000000,0x000000,0x000000,0x000000,0x000000,0x000000,0x900000,0x900000,
0x900000,0x900000,0x900000,0x500000,0x000000,0x000000,0x000000,0x000000,
0x000000,0x000000,0x000000,0x000000,0x000000,0x000000,0x000000,0x000000,
0x001baa,0x001baa,0x001baa,0x001baa,0x001bff,0x0006aa,0x000555,0x000000,
0x000000,0x000000,0x000000,0x000000,0x000000,0x000000,0x000000,0x000000,
0x000000,0x000000,0xaaaaab,0xaaaaab,0xaaaaab,0xaaaaab,0xffffff,0xaaaaaa,
0x555555,0x000000,0x000000,0x000000,0x000000,0x000000,0x000000,0x000000,
0x000000,0x000000,0x000000,0x000000,0x900000,0x900000,0x900000,0x900000,
0x900000,0x400000,0x400000,0x000000,0x000000,0x000000,0x000000,0x000000,
0x000000,0x000000,0x000000,0x000000,0x000000,0x000000,0x6eaaaa,0x6eaaaa,
0x6eaaaa,0x6eaaaa,0x6fffff,0x6aaaaa,0x155555,0x000000,0x000000,0x000000,
0x000000,0x000000,0x000000,0x000000,0x000000,0x000000,0x000000,0x000000,
0xaaae40,0xaaae40,0xaaae40,0xaaae40,0xfffe40,0xaaa900,0x555500,0x000000,
0x000000,0x000000,0x000000,0x000000,0x000000,0x000000,0x000000,0x000000,
0x000000,0x000000,0x0000aa,0x0000aa,0x0000aa,0x0000aa,0x0000bf,0x00006a,
0x000055,0x000000,0x000000,0x000000,0x000000,0x000000,0x000000,0x000000,
0x000000,0x000000,0x000000,0x000000,0xaaaaaa,0xaaaaaa,0xaaaaaa,0xaaaaaa,
0xffffff,0xaaaaaa,0x555555,0x000000,0x000000,0x000000,0x000000,0x000000,
0x000000,0x000000,0x000000,0x000000,0x000000,0x000000,0xa80000,0xa80000,
0xa80000,0xa80000,0xf80000,0xa40000,0x550000,0x000000,0x000000,0x000000,
0x000000,0x000000,0x000000,0x000000,0x000000,0x000000,0x000000,0x000000,
0x06beaa,0x006afa,0x0006af,0x00015a,0x000005,0x000000,0x000000,0x000000,
0x000000,0x000000,0x000000,0x000000,0x000000,0x000000,0x000000,0x000000,
0x000000,0x000000,0xe40000,0xe40000,0xe40000,0x940000,0x500000,0x000000,
0x000000,0x000000,0x000000,0x000000,0x000000,0x000000,0x000000,0x000000,
0x000000,0x000000,0x000000,0x000000,0x005aba,0x0005ab,0x000056,0x000005,
0x000000,0x000000,0x000000,0x000000,0x000000,0x000000,0x000000,0x000000,
0x000000,0x000000,0x000000,0x000000,0x000000,0x000000,0xaaaaaa,0xeaaaaa,
0xbfaaaa,0x6abffa,0x156aaa,0x001545,0x000000,0x000000,0x000000,0x000000,
0x000000,0x000000,0x000000,0x000000,0x000000,0x000000,0x000000,0x000000,
0xaaaaaa,0xaaaaaa,0xaaaaaa,0xaaaabf,0xaaaaaa,0xaaa945,0x000000,0x000000,
0x000000,0x000000,0x000000,0x000000,0x000000,0x000000,0x000000,0x000000,
0x000000,0x000000,0xaaaafa,0xaabea5,0xafea40,0xea9500,0x954000,0x400000,
0x000000,0x000000,0x000000,0x000000,0x000000,0x000000,0x000000,0x000000,
0x000000,0x000000,0x000000,0x000000,0x500000,0x000000,0x000000,0x000000,
0x000000,0x000000,0x000000,0x000000,0x000000,0x000000,0x000000,0x000000,
0x000000,0x000000,0x000000,0x000000,0x000000,0x000000,0x00006a,0x000015,
0x000000,0x000000,0x000000,0x000000,0x000000,0x000000,0x000000,0x000000,
0x000000,0x000000,0x000000,0x000000,0x000000,0x000000,0x000000,0x000000,
0xfeaaaa,0xaaffea,0x55aaaa,0x00555a,0x000000,0x000000,0x000000,0x000000,
0x000000,0x000000,0x000000,0x000000,0x000000,0x000000,0x000000,0x000000,
0x000000,0x000000,0xaaaaaa,0xaaaaaa,0xbfffff,0xaaaaaa,0x555555,0x000000,
0x000000,0x000000,0x000000,0x000000,0x000000,0x000000,0x000000,0x000000,
0x000000,0x000000,0x000000,0x000000,0xaaaaaa,0xaaaaaa,0xfffaaa,0xaaaaaa,
0x555baa,0x001baa,0x001baa,0x001baa,0x001baa,0x001baa,0x001aaa,0x006eaa,
0x006eaa,0x006eaa,0x006eaa,0x01baaa,0x01baaa,0x06eaaa,0xaaaaaa,0xaaaaaa,
0xaaaaaa,0xaaaaaa,0xaaaaaa,0xaaaaaa,0xaaaaaa,0xaaaaaa,0xaaaaaa,0xaaaaaa,
0xaaaaaa,0xaaaaaa,0xaaaaab,0xaaaaab,0xaaaaab,0xaaaaaa,0xaaaaae,0xaaaaae,
0xe40000,0xe40000,0xe40000,0xe40000,0xe40000,0xe40000,0xe40000,0xe40000,
0xe40000,0xe40000,0xe40000,0x900000,0x900000,0x900000,0x900000,0x400000,
0x400000,0x400000,0x005afa,0x0005af,0x00005a,0x000001,0x000000,0x000000,
0x000000,0x000000,0x000000,0x000000,0x000000,0x000000,0x000000,0x000000,
0x000000,0x000000,0x000000,0x000000,0xaa8000,0xaa8000,0xbf8000,0x6a4000,
0x154000,0x000000,0x000000,0x000000,0x000000,0x000000,0x000000,0x000000,
0x000000,0x000000,0x000000,0x000000,0x000000,0x000000,0x5afaaa,0x15afaa,
0x015abe,0x0001aa,0x000055,0x000000,0x000000,0x000000,0x000000,0x000000,
0x000000,0x000000,0x000000,0x000000,0x000000,0x000000,0x000000,0x000000,
0xaaaaaa,0xaaaaaa,0xaaaaaa,0xffaaaa,0xaaaaaa,0x545aaa,0x000000,0x000000,
0x000000,0x000000,0x000000,0x000000,0x000000,0x000000,0x000000,0x000000,
0x000000,0x000000,0xaaaaaa,0xaaaaaa,0xaaaaaf,0xaaffea,0xaaaa95,0xa51540,
0x000000,0x000000,0x000000,0x000000,0x000000,0x000000,0x000000,0x000000,
0x000000,0x000000,0x000000,0x000000,0xaae900,0xbe9400,0xea4000,0x950000,
0x400000,0x000000,0x000000,0x000000,0x000000,0x000000,0x000000,0x000000,
0x000000,0x000000,0x000000,0x000000,0x000000,0x000000,0x000000,0x000000,
0x000000,0x000100,0x000140,0x000595,0x0006e9,0x0006fe,0x0006eb,0x0006ea,
0x0006ea,0x0006ea,0x0006ea,0x0006ea,0x0006ea,0x0006ea,0x0006ea,0x0006ea,
0x000000,0x000000,0x000000,0x000000,0x000000,0x000000,0x500000,0xa54000,
0xea5500,0xafaa55,0xaabfaa,0xaaaabf,0xaaaaaa,0xaaaaaa,0xaaaaaa,0xaaaaaa,
0xaaaaaa,0xaaaaaa,0x000000,0x000000,0x000000,0x000000,0x000000,0x000000,
0x000000,0x000000,0x000000,0x554555,0xaaaaaa,0xffabff,0xaaaaaa,0xaaaaaa,
0xaaaaaa,0xaaaaaa,0xaaaaaa,0xaaaaaa,0x000000,0x000000,0x000000,0x000001,
0x000006,0x00005a,0x00016b,0x0016aa,0x056bea,0x5abeaa,0xafeaaa,0xeaaaaa,
0xaaaaaa,0xaaaaaa,0xaaaaaa,0xaaaaaa,0xaaaaaa,0xaaaaaa,0x16eaaa,0x1aaaaa,
0x6aaaaa,0xaeaaaa,0xbaaaaa,0xeaaaaa,0xaaaaaa,0xaaaaaa,0xaaaaaa,0xaaaaaa,
0xaaaaaa,0xaaaaaa,0xaaaaaa,0xaaaaaa,0xaaaaaa,0xaaaaaa,0xaaaaba,0xaaaaa9,
0xaaaaa9,0xaaaab9,0xaaaab8,0xaaaae4,0xaaaae4,0xaaab90,0xaaab90,0xaaae40,
0xaaba40,0xaab900,0xaaa400,0xaba400,0xae9000,0xba4000,0xe90000,0xa40000,
0x900000,0x400000,0x400000,0x000000,0x000000,0x000000,0x000000,0x000000,
0x000000,0x000000,0x000000,0x000000,0x000000,0x000000,0x000000,0x000000,
0x000000,0x000000,0x000000,0x000000,0x0006ea,0x0006ea,0x0006fa,0x0001af,
0x00015a,0x000005,0x000000,0x000000,0x000000,0x000000,0x000000,0x000000,
0x000000,0x000000,0x000000,0x000000,0x000000,0x000000,0xaaaaaa,0xaaaaaa,
0xaaaaaa,0xeaaaaa,0xbfeaaa,0x6aafff,0x155aaa,0x000554,0x000000,0x000000,
0x000000,0x000000,0x000000,0x000000,0x000000,0x000000,0x000000,0x000000,
0xaaaaaa,0xaaaaaa,0xaaaaaa,0xaaaaaa,0xaaaaaa,0xaaaaab,0xaaaaaa,0x16aa50,
0x000000,0x000000,0x000000,0x000000,0x000000,0x000000,0x000000,0x000000,
0x000000,0x000000,0xaaaaaa,0xaaaaaa,0xaaaaaa,0xaaaaaf,0xaaaffa,0xffeaa5,
0xaa9550,0x554000,0x000000,0x000000,0x000000,0x000000,0x000000,0x000000,
0x000000,0x000000,0x000000,0x000000,0xaaae94,0xaafa50,0xbea400,0xea4000,
0x950000,0x400000,0x000000,0x000000,0x000000,0x000000,0x000000,0x000000,
0x000000,0x000000,0x000000,0x000000,0x000000,0x000000,0x00004f,0x736444,
0x796e61,0x6d6963,0x4c6f61,0x64466f,0x6e7400,0x000000,0x00004f,0x73644c,
0x6f6164,0x466163,0x746f72,0x79466f,0x6e7400,0x000000,0x000000,0x60f810,
0xdc100c,0x10fc10,0xec118c,0x119c11,0xfc1000,0x400030,0x8031f0,0x119811,
0x88118c,0x219821,0xf01100,0x400060,0x7810cc,0x108041,0xcc1078,0x100040,
0x003018,0x30f810,0x981118,0x43b811,0xf81100,0x400060,0x7810cc,0x108c11,
0xfc1180,0x21cc10,0x7c1000,0x400030,0x381060,0x20f810,0x607000,0x400060,
0xf81098,0x111843,0xb811f8,0x111810,0xb011e0,0x110010,0x003080,0x31f011,
0x987100,0x400040,0x301000,0x103080,0x004000,0x403010,0x001070,0x103090,
0xe01000,0x100030,0x8031b8,0x11b011,0xe011c0,0x11e011,0xf011b0,0x119811,
0x004000,0x3030b0,0x004000,0x60dc17,0x761666,0x660040,0x0060f0,0x119871,
0x004000,0x60f010,0x981118,0x130823,0x181398,0x11f010,0x004000,0x60f011,
0x981188,0x118c21,0x9821f0,0x118031,0x001000,0x60f810,0x981118,0x43b811,
0xf81118,0x300010,0x006078,0x106070,0x004000,0x60f810,0xd81180,0x11f010,
0x381018,0x109811,0xf01100,0x400040,0x6020f8,0x106060,0x781000,0x400060,
0x185198,0x11b811,0xf81100,0x400060,0x8c21d8,0x307030,0x004000,0x606616,
0x761676,0x12f613,0xd4139c,0x238c11,0x004000,0x608c11,0xd810f8,0x107020,
0xf810d8,0x108c11,0x004000,0x608c21,0xd83070,0x206030,0xc01000,0x100060,
0xf81118,0x103010,0x6020c0,0x10c011,0xf81100,0x400000,0x000000,0xf00030,
0x0090f8,0x100080,0x00c060,0x200040,0x004018,0x1f981d,0xb029ee,0x1d5b1f,
0xdb109b,0x109b11,0x0e1100,0x400000,0x004070,0x20f010,0xd81098,0x109811,
0xfc110c,0x230613,0x004000,0x40f811,0x9c118c,0x119811,0xf8119c,0x118c21,
0x9c11f8,0x110040,0x0040fc,0x10cc11,0x801100,0x438011,0xcc11fc,0x100040,
0x0040f0,0x133813,0x0c6338,0x13f013,0x004000,0x40fc11,0x8031f8,0x118041,
0xfc1100,0x400040,0xf81180,0x31f811,0x805100,0x400040,0xfe10c6,0x118011,
0x00231e,0x130613,0x8611c6,0x11fe10,0x004000,0x408641,0xfe1186,0x510040,
0x0040f8,0x103080,0xf81000,0x400040,0xf01030,0x80e011,0x004000,0x408c11,
0x9811b0,0x11e031,0xb011b8,0x119c11,0x8c1100,0x400040,0xc090fc,0x100040,
0x00400e,0x138e23,0xde13d6,0x137613,0x661326,0x130623,0x004000,0x40c621,
0xe621b6,0x219e21,0x8e2100,0x400040,0xf8119c,0x130c13,0x06460c,0x139c13,
0xf81100,0x400040,0xf01198,0x118c21,0x9811f0,0x118041,0x004000,0x40f811,
0x9c130c,0x130646,0x0c139c,0x13f811,0x30201e,0x100010,0x0040f8,0x119811,
0x8c2198,0x11f011,0xb01198,0x118c11,0x8e1100,0x400040,0xf81098,0x110013,
0x8013f0,0x11f810,0x1c100c,0x101813,0xf01300,0x400040,0xfc1360,0x900040,
0x004086,0x718c11,0xcc11f8,0x100040,0x004006,0x130c13,0x8c1188,0x119811,
0xd810d0,0x10f010,0x701060,0x100040,0x004061,0x1c731c,0x7314f3,0x16d316,
0xde169e,0x129e13,0x8e138c,0x130040,0x00400c,0x139811,0xd811f0,0x106010,
0x7010f0,0x109821,0x0c1300,0x400040,0x0c139c,0x119811,0xf02060,0x500040,
0x0040fc,0x131820,0x301060,0x10e010,0xc01080,0x118013,0xfc1300,0x400000,
0x000000,0x004f73,0x644c6f,0x616443,0x6f6d6d,0x6f6e46,0x6f6e74,0x000000,
0x000000,0x0000f0,0x003000,0x80aa2a,0x0080ff,0x4f0128,0xff2f03,0x1c052a,
0x092991,0x286138,0x611891,0x280929,0x052a03,0x1cff2f,0x012800,0x10ff5f,
0x00e0ff,0x1f0010,0xff1f00,0x100020,0x00e800,0x200020,0x00ec00,0x200020,
0x00ee00,0x200020,0x00ef00,0x200020,0xc0ef00,0x200020,0xe0ef00,0x200020,
0xf0ef00,0x200020,0xf8ef00,0x200020,0xfcef00,0x200020,0xffef00,0x2000f0,
0x003000,0x000080,0x0f101f,0x103010,0x6010c0,0x208021,0x002300,0x80ff2f,
0x008000,0x80001f,0x801fc0,0x106010,0x302018,0x200c20,0x00f300,0x330cf0,
0x0c3000,0x238021,0xc02060,0x103010,0x1f100f,0x100080,0x0080ff,0x2f0080,
0x0c2018,0x203020,0x6010c0,0x10801f,0x001f00,0x800000,0x000000,0x30e010,
0xf011b8,0x131863,0xb813f0,0x11e010,0x003000,0x306020,0xe010e0,0x116013,
0x607000,0x300030,0xe010f0,0x11b813,0x181318,0x103010,0x7010e0,0x10c010,
0x8011f8,0x230030,0x0030e0,0x10f011,0xb81318,0x133810,0xf02038,0x101813,
0xb813f0,0x11e010,0x003000,0x303010,0x7020f0,0x20b021,0x3013f8,0x233020,
0x003000,0x30f821,0x8021e0,0x13f013,0x381318,0x101813,0xb813f0,0x11e010,
0x003000,0x30e010,0xf011b8,0x130013,0xe013f0,0x13b813,0x1823b8,0x13f011,
0xe01000,0x300030,0xf82330,0x106020,0xc03080,0x410030,0x0030e0,0x10f011,
0xb81318,0x13b813,0xf021b8,0x131813,0xb813f0,0x11e010,0x003000,0x30e010,
0xf011b8,0x131823,0xb813f8,0x11f810,0x1810b8,0x13f011,0xe01000,0x300000,
0x000000,0x004f73,0x644c6f,0x616444,0x656661,0x756c74,0x436f6c,0x6f7250,
0x616c65,0x747465,0x000000,0x000000,0x000000,0x00f0f0,0xf000f0,0x000000,
0x404040,0x00263e,0x88000a,0xf9f900,0x000000,0x000000,0x000000,0x000000,
0x000000,0x000000,0x000000,0x000000,0x000000,0x000000,0x000000,0x000000,
0x000000,0x00fefe,0xfe008d,0x9ec400,0x103284,0x000e30,0x83004d,0x6f6e69,
0x746f72,0x5f5265,0x6e6465,0x725468,0x726561,0x640000,0x000078,0x517565,
0x756553,0x656e64,0x206661,0x696c00,0x53656e,0x643a20,0x636d64,0x3a256c,
0x642c20,0x77616b,0x657570,0x207468,0x652072,0x656164,0x207468,0x726561,
0x640000,0x007853,0x656d61,0x70686f,0x726543,0x726561,0x746542,0x696e61,
0x727920,0x666169,0x6c2100,0x000000,0x53796e,0x632063,0x6f6d6d,0x616e64,
0x2c206e,0x656564,0x207761,0x697420,0x616674,0x657220,0x73656e,0x64e380,
0x82e380,0x82e380,0x820000,0x000000,0x53796e,0x632063,0x6f6d6d,0x616e64,
0x2c2077,0x616974,0x20646f,0x6e652c,0x20636f,0x6e7469,0x6e7572,0x650000,
0x000000,0x00636d,0x643d25,0x640000,0x52454e,0x444552,0x5f434d,0x44200a,
0x000000,0x005265,0x6e6465,0x722063,0x6d643a,0x202564,0x200a00,0x000000,
0x000000,0x00696e,0x76616c,0x696420,0x6b6579,0x20636f,0x6d6d61,0x6e6400,
0x000000,0x006d65,0x6e7541,0x637469,0x6f6e3a,0x202564,0x204b65,0x797061,
0x644275,0x74746f,0x6e3a20,0x256420,0x0a0000,0x000000,0x000049,0x6e7661,
0x6c6964,0x207265,0x6e6465,0x722063,0x6d6421,0x200a00,0x000078,0x517565,
0x756543,0x726561,0x746520,0x666169,0x6c2100,0x000000,0x000078,0x517565,
0x756552,0x656365,0x697665,0x206661,0x696c65,0x640000,0x000052,0x656365,
0x697665,0x643a20,0x636d64,0x3a256c,0x642c20,0x625379,0x6e633a,0x256400,
0x000000,0x005354,0x4f5020,0x636f6d,0x6d616e,0x642c20,0x657869,0x742e00,
0x000000,0x005379,0x6e6320,0x636f6d,0x6d616e,0x642c20,0x77616b,0x652075,
0x702074,0x686520,0x73656e,0x646572,0x207468,0x726561,0x642e00,0x000000,
0x000000,0x007761,0x697469,0x6e672e,0x2e2e00,0x000000,0x000077,0x616974,
0x2e2e2e,0x20646f,0x6e6500,0x000000,0x4d6f6e,0x69746f,0x725f52,0x656e64,
0x657254,0x687265,0x616400,0x000000,0x576169,0x745265,0x6e6465,0x725468,
0x726561,0x64496e,0x697444,0x6f6e65,0x000000,0x000000,0x000068,0x616e64,
0x6c654b,0x657945,0x76656e,0x740000,0x457865,0x637574,0x655265,0x6e6465,
0x72436d,0x645f49,0x6e7465,0x726e61,0x6c0000,0x000000,0x000053,0x656e64,
0x52656e,0x646572,0x436d64,0x000000,0x53656e,0x645265,0x6e6465,0x72436d,
0x645f49,0x6e7465,0x726e61,0x6c0000,0x537461,0x6e6462,0x795374,0x617465,
0x000000,0x005374,0x616e64,0x627953,0x746174,0x655f48,0x616e64,0x6c6545,
0x76656e,0x740000,0x000000,0x000000,0x537461,0x6e6462,0x795374,0x617465,
0x5f4578,0x697400,0x000000,0x000000,0x537461,0x6e6462,0x795374,0x617465,
0x5f456e,0x746572,0x000000,0x000000,0x906309,0x800000,0x000040,0xa60180,
0x000000,0x00a0a6,0x018000,0x000000,0x00a701,0x800000,0x000050,0x6f7765,
0x724f66,0x665374,0x617465,0x000000,0x506f77,0x65724f,0x666653,0x746174,
0x655f48,0x616e64,0x6c6545,0x76656e,0x740000,0x000000,0x000050,0x6f7765,
0x724f66,0x665374,0x617465,0x5f4578,0x697400,0x000000,0x000050,0x6f7765,
0x724f66,0x665374,0x617465,0x5f456e,0x746572,0x000000,0x000010,0x640980,
0x000000,0x0060a7,0x018000,0x000000,0xc0a701,0x800000,0x000020,0xa80180,
0x000000,0x004e6f,0x536967,0x6e616c,0x537461,0x746500,0x00004e,0x6f5369,
0x676e61,0x6c5374,0x617465,0x5f4861,0x6e646c,0x654576,0x656e74,0x000000,
0x000000,0x004e6f,0x536967,0x6e616c,0x537461,0x74655f,0x457869,0x740000,
0x000000,0x004e6f,0x536967,0x6e616c,0x537461,0x74655f,0x456e74,0x657200,
0x000000,0x009064,0x098000,0x000000,0x80a801,0x800000,0x0000e0,0xa80180,
0x000000,0x0040a9,0x018000,0x000000,0x536967,0x6e616c,0x537461,0x626c65,
0x537461,0x746500,0x000000,0x000000,0x536967,0x6e616c,0x537461,0x626c65,
0x537461,0x74655f,0x48616e,0x646c65,0x457665,0x6e7400,0x000053,0x69676e,
0x616c53,0x746162,0x6c6553,0x746174,0x655f45,0x786974,0x000053,0x69676e,
0x616c53,0x746162,0x6c6553,0x746174,0x655f45,0x6e7465,0x720010,0x650980,
0x000000,0x00a0a9,0x018000,0x000000,0x00aa01,0x800000,0x000060,0xaa0180,
0x000000,0x005369,0x676e61,0x6c4465,0x746563,0x74696e,0x675374,0x617465,
0x000000,0x005369,0x676e61,0x6c4465,0x746563,0x74696e,0x675374,0x617465,
0x5f4861,0x6e646c,0x654576,0x656e74,0x000000,0x000000,0x000053,0x69676e,
0x616c44,0x657465,0x637469,0x6e6753,0x746174,0x655f45,0x786974,0x000000,
0x000000,0x005369,0x676e61,0x6c4465,0x746563,0x74696e,0x675374,0x617465,
0x5f456e,0x746572,0x000000,0x000000,0x986509,0x800000,0x000020,0xab0180,
0x000000,0x00c0aa,0x018000,0x000000,0x90ab01,0x800000,0x000041,0x637469,
0x766553,0x746174,0x650000,0x000000,0x416374,0x697665,0x537461,0x74655f 
};
#else
uint32_t font_1b_arr[] = {0};
#endif

#ifdef HAVE_OSD_ARR
uint32_t font_2b_arr[] = {
0x000000,0x000000,0x000000,0x000000,0x000000,0x000000,0x000000,0x000000,
0x000000,0x000000,0x000000,0x000000,0x000000,0x000000,0x000000,0x000000,
0x000000,0x000000,0x000000,0x000000,0x000000,0x000000,0x000000,0x000003,
0x000000,0x000006,0x000002,0x00001a,0x00000b,0x00006f,0x00003f,0x0001bf,
0x0004ff,0x0002ff,0x0013ff,0x000bff,0x000000,0x000000,0x3fffff,0x4aaaaa,
0x2affff,0xafffff,0xbfffff,0xbfffff,0xffffff,0xffffff,0xffffff,0xffffff,
0xffffff,0xffffff,0xffffff,0xffffff,0xfeaaab,0xf80550,0x000000,0x000000,
0xff0000,0xaa1000,0xffe000,0xfff100,0xfff900,0xfff800,0xfff800,0xfff800,
0xfff800,0xfff800,0xfff800,0xfff800,0xfff800,0xfff800,0xfff800,0x2bf800,
0x000000,0x000000,0x000000,0x000000,0x000000,0x000000,0x000000,0x000000,
0x000000,0x000000,0x000000,0x000000,0x000000,0x000000,0x000000,0x000000,
0x000000,0xf00000,0x000000,0x000000,0x000000,0x000000,0x000000,0x000000,
0x000000,0x000000,0x000000,0x000000,0x000000,0x000000,0x000000,0x000000,
0x000000,0x000000,0x000000,0x0f0000,0x000000,0x000000,0x000000,0x300c00,
0x4aa000,0x6af000,0x6bf000,0x6ff000,0x6ff000,0x6ff000,0x6ff000,0x6ff000,
0x6ff000,0x6ff000,0x6ff000,0x6ff000,0x6ff000,0x6ff000,0x000000,0x000000,
0x000000,0x000000,0x000000,0x000000,0x000000,0x000000,0x000000,0x000000,
0x000000,0x000000,0x000000,0x000000,0x000000,0x00003c,0x00c000,0x042bff,
0x000000,0x000000,0x000000,0x000000,0x000000,0x000000,0x000000,0x000000,
0x000000,0x000000,0x000000,0x000000,0x000000,0x000000,0x000000,0x000000,
0x0c0000,0xe04000,0x000000,0x000000,0x000000,0x000000,0x000000,0x000000,
0x000000,0x000000,0x000000,0x000000,0x000000,0x000000,0x000000,0x000000,
0x000000,0x000000,0x0003c0,0x0040aa,0x000000,0x000000,0x000000,0x000000,
0x000000,0x000000,0x000000,0x000000,0x000000,0x000000,0x000000,0x000000,
0x000000,0x000000,0x000000,0x000000,0x0000c0,0xaaaa10,0x000000,0x000000,
0x000000,0x000000,0x000000,0x000000,0x000000,0x0300c0,0x04aa00,0x06ae00,
0x06bf00,0x04fe00,0x0000c0,0x000000,0x000000,0x000000,0x000000,0x0000c0,
0x000000,0x000000,0x000000,0x000000,0x000000,0x000000,0x000000,0x000000,
0x000000,0x000000,0x000000,0x000000,0x000000,0x000000,0x000000,0x000000,
0x0000c0,0x00042f,0x000000,0x000000,0x000000,0x000000,0x000000,0x000000,
0x000000,0x000000,0x000000,0x000000,0x000000,0x000000,0x000000,0x000000,
0x000000,0xfc0000,0x000c00,0xffe000,0x000000,0x000000,0x000000,0x000000,
0x000000,0x000000,0x000000,0x000000,0x000000,0x000000,0x000003,0x000000,
0x000006,0x000002,0x00001a,0x00000b,0x00006f,0x00003f,0x004fff,0x002ffe,
0x013ff8,0x00bff1,0x04ffe4,0x02ff84,0x13ff80,0x0bff90,0x6bff11,0x2fff11,
0xafff11,0xbfff11,0xbfff91,0xffff80,0xffff84,0xffffe0,0xfffff1,0xfffff8,
0x850000,0x30303c,0x410aa0,0x028000,0x0a1015,0x480000,0x210000,0x240a90,
0x044a91,0x006a11,0x002a01,0x002841,0x0cc303,0x0c0c00,0xc3cf0c,0x1002a0,
0x042aa8,0xc0f00f,0x4aa800,0x04a800,0x412800,0x102800,0x044800,0x000800,
0x211000,0x211000,0x291000,0x211000,0xa00000,0xa00800,0x046800,0x012800,
0x14a800,0x00a800,0x15a800,0x44a800,0x4aaaaa,0x2afeaa,0x2bfeaa,0x2ff000,
0x2fe000,0x2fe400,0x2fe400,0x2fe400,0x2fe400,0x2fe400,0x2fe400,0x2fe400,
0x2fe400,0x2fe400,0x2fe400,0x2fe400,0x2fe400,0x2fe400,0xaaaaaa,0xafffab,
0xbfffee,0x2ffc00,0x4bf800,0x0bf900,0x0bf900,0x0bf900,0x0bf900,0x0bf900,
0x0bf900,0x0bf900,0x0bf900,0x0bf900,0x0bf900,0x0bf900,0x0bf900,0x0bf900,
0xaa1000,0xafe000,0xffe900,0xaff800,0x4ff840,0x1bfe40,0x02fe40,0x02fe40,
0x02fe40,0x02fe40,0x02fe40,0x02fe40,0x02fe40,0x02fe40,0x02fe40,0x02fe40,
0x02fe40,0x02fe40,0x6ff000,0x6ff000,0x6ff001,0x6ff000,0x6ff006,0x6ff002,
0x6ff003,0x6ff013,0x6ff01b,0x6ff01b,0x6ff01b,0x6ff01b,0x6ff013,0x6ff003,
0x6ff002,0x6ff004,0x4bf000,0x0bf001,0x12ffff,0x6fffff,0x3ffe02,0xbfe155,
0xbf8400,0xfe1000,0xfe0000,0xfe4000,0xfe4000,0xfc4000,0xfc4000,0xfe4000,
0xfe4000,0xfe0000,0xff9000,0xff8400,0xbfa810,0x2ffeaa,0xfe1000,0xffe400,
0xbff100,0x2ff800,0x4bfa40,0x12fe00,0x02ff01,0x02ff11,0x06ff11,0x06ff11,
0x06ff11,0x06ff11,0x02ff01,0x02fe01,0x1bfe40,0x4ffc00,0xbff900,0xffe000,
0x012feb,0x02ffff,0x1bffa8,0x0ffe05,0x6ff840,0x2fe100,0x2fe000,0xbfe400,
0xbfc400,0xbfc400,0xbfc400,0xbfc400,0xbfe400,0x3fe000,0x3fe100,0x2ff840,
0x4ffe05,0x1affaa,0xfbfe10,0xffff90,0x0bff90,0x52ff90,0x06ff90,0x06ff90,
0x06ff90,0x06ff90,0x06ff90,0x06ff90,0x06ff90,0x06ff90,0x06ff90,0x06ff90,
0x06ff90,0x06ff90,0x52ff90,0xaaff90,0x04fe00,0x06ff00,0x06ff00,0x06ff00,
0x06ff00,0x06ff00,0x06ff00,0x06ff00,0x06ff00,0x06ff00,0x06ff00,0x06ff00,
0x06ff00,0x06ff00,0x06ff00,0x06ff00,0x04bf00,0x00bf00,0x0002ff,0x002fff,
0x01bffa,0x04ffe0,0x02ff84,0x03ff10,0x1bfe40,0x0bfc40,0x0bfc00,0x0bfc00,
0x0bfc00,0x0bfc00,0x0bfc40,0x1bfe00,0x13ff10,0x02ff84,0x04fff8,0x00bffe,
0xfff000,0xffe000,0x80a000,0xffc000,0x000000,0x000000,0x000000,0x000000,
0x000000,0x000000,0x000000,0x000000,0x000000,0x000000,0x000000,0x003c00,
0x3c0000,0xaae000,0x0001bf,0x0000af,0x0004aa,0x000f00,0x000000,0x000000,
0x000000,0x000000,0x000000,0x000000,0x000000,0x000000,0x000000,0x000000,
0x000000,0x000000,0x000000,0x000000,0xfffffa,0xfffffa,0xaaaaaa,0x000000,
0x000000,0x000000,0x000000,0x000000,0x000000,0x000000,0x000000,0x000000,
0x000000,0x000000,0x000000,0x000000,0x000000,0x000000,0x840000,0xa01554,
0xaa0000,0x000000,0x000000,0x000000,0x000000,0x000000,0x000000,0x000000,
0x000000,0x000000,0x000000,0x000000,0x000000,0x000000,0x000000,0x000000,
0x52a800,0x2aa800,0xaaa800,0x000300,0x000000,0x000000,0x000000,0x000000,
0x000000,0x000000,0x000000,0x000000,0x000000,0x000000,0x000000,0x000000,
0x000000,0x000000,0x2ba400,0x2aa400,0x6a8400,0xc00c00,0x000000,0x000000,
0x000000,0x000000,0x000000,0x000000,0x000000,0x000000,0x000000,0x000000,
0x000000,0x000000,0x000000,0x000000,0x0ae900,0x0aa900,0x0aa100,0x300000,
0x000000,0x000000,0x000000,0x000000,0x000000,0x000000,0x000000,0x000000,
0x000000,0x000000,0x000000,0x000000,0x000000,0x000000,0x02ba40,0x02aa40,
0x02a840,0x0c0000,0x000000,0x000000,0x000000,0x000000,0x000000,0x000000,
0x000000,0x000000,0x000000,0x000000,0x000000,0x000000,0x000000,0x000000,
0x1ab000,0x00a000,0x030000,0x000000,0x000000,0x000000,0x000000,0x000000,
0x000000,0x000000,0x000000,0x000000,0x000000,0x000000,0x000000,0x000000,
0x000000,0x000000,0x4affef,0x12afab,0x010aaa,0x003c00,0x000000,0x000000,
0x000000,0x000000,0x000000,0x000000,0x000000,0x000000,0x000000,0x000000,
0x000000,0x000000,0x000000,0x000000,0xff8000,0xf80000,0x810000,0xf00000,
0x000000,0x000000,0x000000,0x000000,0x000000,0x000000,0x000000,0x000000,
0x000000,0x000000,0x000000,0x000000,0x000000,0x000000,0x02afff,0x012bff,
0x003000,0x00003f,0x000000,0x000000,0x000000,0x000000,0x300000,0xc0f03c,
0x6a800a,0x6affff,0x6affff,0x4afffe,0x0c0000,0x000000,0x000000,0x000000,
0xffff90,0xffff90,0x0bff90,0x52ff10,0x06ff10,0x02ff00,0x02fe00,0x1bfe40,
0x4ffc00,0xbff900,0xffe000,0xfe8000,0xea0000,0x810000,0xf00000,0x000000,
0x000000,0x000000,0x01ab00,0x000a00,0x003000,0x000000,0x000000,0x000000,
0x000000,0x000000,0x000000,0x000000,0x000000,0x000000,0x000000,0x000000,
0x000000,0x000000,0x000000,0x000000,0x002fff,0x0002ff,0x00042a,0x0000f0,
0x000000,0x000000,0x000000,0x000000,0x000000,0x000000,0x000000,0x000000,
0x000000,0x000000,0x000000,0x000000,0x000000,0x000000,0xebf000,0xaae000,
0xaa0400,0x03c000,0x000000,0x000000,0x000000,0x000000,0x000000,0x000000,
0x000000,0x000000,0x000000,0x000000,0x000000,0x000000,0x000000,0x000000,
0x033c0f,0x033c0f,0x033c0f,0x033c0f,0x033c0f,0x033c0f,0x303cc3,0x303cc3,
0x303cc3,0x303cc3,0x303cc3,0x303cc3,0x303cc3,0xff3cfc,0xff3cfc,0xff3cfc,
0xff3cfc,0xff3cfc,0xff3cfc,0xcc0c33,0xcc0c33,0xcc0c33,0x100000,0x100000,
0x100000,0x100000,0x100000,0x100000,0x333f0f,0x333f0f,0x333f0f,0x333f0f,
0x333f0f,0x333f0c,0x333f0c,0x333f0c,0x333f0c,0x333f0c,0x333f0c,0x003f0c,
0x003f0c,0x003f0c,0x003f0c,0x003f0c,0x333c3c,0x333c3c,0x333c3c,0x333c3c,
0x333c3c,0x333c3c,0x033c30,0x033c30,0x033c30,0x033c30,0x0f330c,0x0f330c,
0x0f330c,0x0f330c,0x0f330c,0x0f330c,0x333c30,0x333c30,0x333c30,0x333c30,
0x333c30,0x333c30,0x3f3c03,0x3f3c03,0x3f3c03,0x3f3c03,0xc33cfc,0xc33cfc,
0xc33cfc,0xc33cfc,0xc33cfc,0xc33cfc,0xcc0c33,0xcc0c33,0xcc0c33,0x100000,
0x100000,0x100000,0x100000,0x100000,0x100000,0x303c33,0x303c33,0x303c33,
0x303c33,0x303c33,0x303c33,0x303c33,0xf33f00,0xf33f00,0xf33f00,0xf33f00,
0xf33f00,0xf33f00,0x3c3c03,0x3c3c03,0x3c3c03,0x3c3c03,0x3c3c03,0xf03f33,
0xf03f33,0xf03f33,0xf03f33,0xf03f33,0xf03f33,0x330fcc,0x330fcc,0x330fcc,
0x330fcc,0x330fcc,0x330fcc,0x111410,0x111410,0x333f0f,0x333f0f,0x333f0f,
0x333f0f,0x333f0f,0x333f0c,0x333f0c,0x333f0c,0x333f0c,0x333f0c,0x333f0c,
0x003f0c,0x003f0c,0x003f0c,0x003f0c,0x003f0c,0x333c3c,0x333c3c,0x333c3c,
0x333c3c,0x333c3c,0x333c3c,0x0c3f0c,0x0c3f0c,0x0c3f0c,0x0c3f0c,0xc33c3f,
0xc33c3f,0xc33c3f,0xc33c3f,0xc33c3f,0xc33c3f,0xc03f30,0xc03f30,0xc03f30,
0xc03f30,0xc03f30,0xc03f30,0xfc3c33,0xfc3c33,0xfc3c33,0xfc3c33,0xfc3c33,
0xfc3c33,0x0f3f0f,0x0f3f0f,0x0f3f0f,0x0f3f0f,0x0f3f0f,0x0f3f0f,0x0f3f0f,
0x0f3cff,0x0f3cff,0x0f3cff,0x0f3cff,0xff3cf0,0xff3cf0,0xff3cf0,0xff3cf0,
0xff3cf0,0xff3cf0,0x030fcc,0x030fcc,0x030fcc,0x111410,0x111410,0xf3330f,
0xf3330f,0xf3330f,0xf3330f,0x3c3c03,0x3c3c03,0x3c3c03,0x3c3c03,0x3c3c03,
0xf03f33,0xf03f33,0xf03f33,0xf03f33,0xf03f33,0xf03f33,0x330fcc,0x330fcc,
0x330fcc,0x330fcc,0x330fcc,0x330fcc,0x000c33,0x000c33,0x400000,0x400000,
0x400000,0x400000,0x400000,0x400000,0x400000,0x033c30,0x033c30,0x033c30,
0x033c30,0xcc3f33,0xcc3f33,0xcc3f33,0xcc3f33,0xcc3f33,0xcc3f33,0x0f3f30,
0x0f3f30,0x0f3f30,0x0f3f30,0x0f3f30,0x0f3f30,0x0f3f30,0x0c3c33,0x0c3c33,
0x0c3c33,0x0c3c33,0x0c3c33,0x3f333c,0x3f333c,0x3f333c,0x3f333c,0x3f333c,
0x3f333c,0x033cf0,0x033cf0,0x033cf0,0x033cf0,0x033cf0,0x033cf0,0x111411,
0x111411,0x111411,0x111411,0x111411,0x111411,0x111411,0x033c30,0x033c30,
0x033c30,0x033c30,0xcc3f33,0xcc3f33,0xcc3f33,0xcc3f33,0xcc3f33,0xcc3f33,
0x0f3f30,0x0f3f30,0x0f3f30,0x0f3f30,0x0f3f30,0x0f3f30,0x0f3f30,0x033c30,
0x033c30,0x033c30,0x033c30,0x101504,0x101504,0x101504,0x101504,0x101504,
0x101504,0x033c30,0x033c30,0x033c30,0x033c30,0xcc3f33,0xcc3f33,0xcc3f33,
0xcc3f33,0xcc3f33,0xcc3f33,0x0f3f30,0x0f3f30,0x0f3f30,0x0f3f30,0x0f3f30,
0x0f3f30,0x0f3f30,0x0c3f0c,0x0c3f0c,0x0c3f0c,0x0c3f0c,0xc33c3f,0xc33c3f,
0xc33c3f,0xc33c3f,0xc33c3f,0xc33c3f,0xc03f30,0xc03f30,0xc03f30,0xc03f30,
0xc03f30,0xc03f30,0xfc3c33,0xfc3c33,0xfc3c33,0xfc3c33,0xfc3c33,0xfc3c33,
0x0f3f0f,0x0f3f0f,0x0f3f0f,0x0f3f0f,0x0f3f0f,0x0f3f0f,0x0f3f0f,0x0f330c,
0x0f330c,0x0f330c,0x0f330c,0x0f330c,0x151004,0x151004,0x151004,0x151004,
0x033c30,0x033c30,0x033c30,0x033c30,0xcc3f33,0xcc3f33,0xcc3f33,0xcc3f33,
0xcc3f33,0xcc3f33,0x0f3f30,0x0f3f30,0x0f3f30,0x0f3f30,0x0f3f30,0x0f3f30,
0x0f3f30,0x0c3f0c,0x0c3f0c,0x0c3f0c,0x0c3f0c,0xc33c3f,0xc33c3f,0xc33c3f,
0xc33c3f,0xc33c3f,0xc33c3f,0xc03f30,0xc03f30,0xc03f30,0xc03f30,0xc03f30,
0xc03f30,0xfc3c33,0xfc3c33,0xfc3c33,0xfc3c33,0xfc3c33,0xfc3c33,0x0f3f0f,
0x0f3f0f,0x0f3f0f,0x0f3f0f,0x0f3f0f,0x0f3f0f,0x0f3f0f,0x0f3cff,0x0f3cff,
0x0f3cff,0x0f3cff,0xff3cf0,0xff3cf0,0xff3cf0,0xff3cf0,0xff3cf0,0xff3cf0,
0x010000,0x010000,0x010000,0x033c30,0x033c30,0x033c30,0x033c30,0xcc3f33,
0xcc3f33,0xcc3f33,0xcc3f33,0xcc3f33,0xcc3f33,0x0f3f30,0x0f3f30,0x0f3f30,
0x0f3f30,0x0f3f30,0x0f3f30,0x0f3f30,0x0c3c33,0x0c3c33,0x0c3c33,0x0c3c33,
0x0c3c33,0x30303f,0x30303f,0x30303f,0x30303f,0x30303f,0x30303f,0x033cc3,
0x033cc3,0x033cc3,0x033cc3,0x033cc3,0x033cc3,0x540000,0x540000,0x540000,
0x540000,0x540000,0x540000,0xf33c33,0xf33c33,0xf33c33,0xf33c33,0xfc3f33,
0xfc3f33,0xfc3f33,0xfc3f33,0xfc3f33,0xfc3f33,0xf33cff,0xf33cff,0xf33cff,
0xf33cff,0x3c3cc3,0x3c3cc3,0x3c3cc3,0x3c3cc3,0x3c3cc3,0x3c3cc3,0x3c3cc3,
0xfc3c3f,0xfc3c3f,0xfc3c3f,0xfc3c3f,0xfc3c3f,0xfc3c3f,0x303cc3,0x303cc3,
0x303cc3,0x303cc3,0x303cc3,0xf33c33,0xf33c33,0xf33c33,0xf33c33,0xf33c33,
0xf33c33,0x0c0000,0x0c0000,0x0c0000,0x0c0000,0x0c0000,0x0c0000,0x0c0000,
0x0f3f0c,0x0f3f0c,0x0f3f0c,0x0f3f0c,0x333c03,0x333c03,0x333c03,0x333c03,
0x333c03,0x333c03,0x303c33,0x303c33,0x303c33,0x303c33,0x303c33,0x303c33,
0x303c33,0x000c00,0x000c00,0xf33c33,0xf33c33,0xf33c33,0xf33c33,0xfc3f33,
0xfc3f33,0xfc3f33,0xfc3f33,0xfc3f33,0xfc3f33,0xf33cff,0xf33cff,0xf33cff,
0xf33cff,0x3c3cc3,0x3c3cc3,0x3c3cc3,0x3c3cc3,0x3c3cc3,0x3c3cc3,0x3c3cc3,
0xfc3c3f,0xfc3c3f,0xfc3c3f,0xfc3c3f,0xfc3c3f,0xfc3c3f,0x303cc3,0x303cc3,
0x303cc3,0x303cc3,0x303cc3,0xf33c33,0xf33c33,0xf33c33,0xf33c33,0xf33c33,
0xf33c33,0x0c0c00,0x0c0c00,0x0c0c00,0x0c0c00,0x0c0c00,0x0c0c00,0x0c0c00,
0x3c3c03,0x3c3c03,0x3c3c03,0x3c3c03,0x3c3c03,0x3c3c03,0xc33cf0,0xc33cf0,
0xc33cf0,0xc33cf0,0xc33cf0,0xc33cf0,0x333c30,0x333c30,0x333c30,0x333c30,
0x333c30,0x333c30,0x000044,0x000044,0xff3f0f,0xff3f0f,0xff3f0f,0xff3f0f,
0x303330,0x303330,0x303330,0x303330,0x303330,0x303330,0xc33cf3,0xc33cf3,
0xc33cf3,0xc33cf3,0xc33cf3,0xc33cf3,0x333cff,0x333cff,0x333cff,0x333cff,
0x333cff,0x333cff,0x333f30,0x333f30,0x333f30,0x333f30,0x333f30,0x333f30,
0x333f30,0x303cc3,0x303cc3,0x303cc3,0x303cc3,0x303cc3,0xf33c33,0xf33c33,
0xf33c33,0xf33c33,0xf33c33,0xf33c33,0x0c0000,0x0c0000,0x0c0000,0x0c0000,
0x0c0000,0x0c0000,0x0c0000,0x0f3cc0,0x0f3cc0,0x0f3cc0,0x0f3cc0,0x033cfc,
0x033cfc,0x033cfc,0x033cfc,0x033cfc,0x033cfc,0x3f3c33,0x3f3c33,0x3f3c33,
0x3f3c33,0x3f3c33,0x3f3c33,0xff3f0f,0xff3f0f,0xff3f0f,0xff3f0f,0x303330,
0x303330,0x303330,0x303330,0x303330,0x303330,0xc33cf3,0xc33cf3,0xc33cf3,
0xc33cf3,0xc33cf3,0xc33cf3,0x333cff,0x333cff,0x333cff,0x333cff,0x333cff,
0x333cff,0x333f30,0x333f30,0x333f30,0x333f30,0x333f30,0x333f30,0x333f30,
0x303cc3,0x303cc3,0x303cc3,0x303cc3,0x303cc3,0xf33c33,0xf33c33,0xf33c33,
0xf33c33,0xf33c33,0xf33c33,0x040000,0x040000,0x040000,0x040000,0x040000,
0x040000,0x040000,0x0f3f0c,0x0f3f0c,0x0f3f0c,0x0f3f0c,0x333c03,0x333c03,
0x333c03,0x333c03,0x333c03,0x333c03,0x303c33,0x303c33,0x303c33,0x303c33,
0x303c33,0x303c33,0x303c33,0xff3f0f,0xff3f0f,0xff3f0f,0xff3f0f,0x303330,
0x303330,0x303330,0x303330,0x303330,0x303330,0xc33cf3,0xc33cf3,0xc33cf3,
0xc33cf3,0xc33cf3,0xc33cf3,0x333cff,0x333cff,0x333cff,0x333cff,0x333cff,
0x333cff,0x333f30,0x333f30,0x333f30,0x333f30,0x333f30,0x333f30,0x333f30,
0x303cc3,0x303cc3,0x303cc3,0x303cc3,0x303cc3,0xf33c33,0xf33c33,0xf33c33,
0xf33c33,0xf33c33,0xf33c33,0x040000,0x040000,0x040000,0x040000,0x040000,
0x040000,0x040000,0x333cfc,0x333cfc,0x333cfc,0x333cfc,0x303c33,0x303c33,
0x303c33,0x303c33,0x303c33,0x303c33,0x303c33,0x0c330c,0x0c330c,0x0c330c,
0x0c330c,0x0c330c,0x0c330c,0x0c330c,0xff3cff,0xff3cff,0xff3cff,0xff3cff,
0xff3cff,0xff3cff,0x3030f3,0x3030f3,0x3030f3,0x3030f3,0x3030f3,0x3030f3,
0x3030f3,0x333cfc,0x333cfc,0x333cfc,0x333cfc,0x333cfc,0x333cfc,0x110000,
0x110000,0x110000,0x110000,0x110000,0x110000,0x110000,0x0f3f30,0x0f3f30,
0x0f3f30,0x0f3f30,0x0f3f30,0xff3f00,0xff3f00,0xff3f00,0xff3f00,0xff3f00,
0xff3f00,0xff3f0f,0xff3f0f,0xff3f0f,0xff3f0f,0x303330,0x303330,0x303330,
0x303330,0x303330,0x303330,0xc33cf3,0xc33cf3,0xc33cf3,0xc33cf3,0xc33cf3,
0xc33cf3,0x333cff,0x333cff,0x333cff,0x333cff,0x333cff,0x333cff,0x333f30,
0x333f30,0x333f30,0x333f30,0x333f30,0x333f30,0x333f30,0x303cc3,0x303cc3,
0x303cc3,0x303cc3,0x303cc3,0xf33c33,0xf33c33,0xf33c33,0xf33c33,0xf33c33,
0xf33c33,0x040000,0x040000,0x040000,0x040000,0x040000,0x040000,0x040000,
0x003f0c,0x003f0c,0x003f0c,0x003f0c,0x003f0c,0x333300,0x333300,0x333300,
0x333300,0x333300,0x333300,0x033c3f,0x033c3f,0x033c3f,0x033c3f,0x033c3f,
0x033c3f,0x330fcc,0x330fcc,0x330fcc,0x330fcc,0x330fcc,0x330fcc,0x0030f3,
0x0030f3,0x333cfc,0x333cfc,0x333cfc,0x333cfc,0x333cfc,0x333cfc,0x333300,
0x333300,0x333300,0x333300,0x333300,0x333300,0x333300,0x033c3f,0x033c3f,
0x033c3f,0x033c3f,0x033c3f,0x033c3f,0x3330c3,0x3330c3,0x3330c3,0x3330c3,
0x3330c3,0x3330c3,0xfc3c30,0xfc3c30,0xfc3c30,0xfc3c30,0xfc3c30,0xfc3c30,
0x333fc0,0x333fc0,0x333fc0,0x333fc0,0x333fc0,0x333fc0,0xcc0c00,0xcc0c00,
0xcc0c00,0x333c30,0x333c30,0xf00c00,0xf00c00,0xf33c33,0xf33c33,0xf33c33,
0xf33c33,0xfc3f33,0xfc3f33,0xfc3f33,0xfc3f33,0xfc3f33,0xfc3f33,0xc33f30,
0xc33f30,0xc33f30,0xc33f30,0x333cf3,0x333cf3,0x333cf3,0x333cf3,0x333cf3,
0x333cf3,0xc33cfc,0xc33cfc,0xc33cfc,0xc33cfc,0x303c33,0x303c33,0x303c33,
0x303c33,0x303c33,0x303c33,0xc00fcc,0xc00fcc,0xc00fcc,0xc00fcc,0xc00fcc,
0xc00fcc,0xc00fcc,0x000c33,0x000c33,0x980400,0x980400,0x980400,0x980400,
0x980400,0x980400,0xf33c33,0xf33c33,0xf33c33,0xf33c33,0xf33c33,0xf33c33,
0xfc3f33,0xfc3f33,0xfc3f33,0xfc3f33,0xfc3f33,0xfc3f33,0xf03c33,0xf03c33,
0xf03c33,0xf03c33,0x3c3c33,0x3c3c33,0x3c3c33,0x3c3c33,0x3c3c33,0x3c3c33,
0x3c3c33,0xf00c00,0xf00c00,0xf00c00,0xf00c00,0xf00c00,0xf00c00,0xf30c00,
0xf30c00,0xf30c00,0x111410,0x111410,0x0c3c33,0x0c3c33,0x0c3c33,0x0c3c33,
0x0c3c33,0xc33cfc,0xc33cfc,0xc33cfc,0xc33cfc,0xc33cfc,0xc33cfc,0xc33f30,
0xc33f30,0xc33f30,0xc33f30,0xc33f30,0xc33f30,0x003c0c,0x003c0c,0x333c3f,
0x333c3f,0x333c3f,0x333c3f,0x333c3f,0x333c3f,0xc33cfc,0xc33cfc,0xc33cfc,
0xc33cfc,0xc33cfc,0xc33cfc,0xcc0c00,0xcc0c00,0xcc0c00,0xf33c33,0xf33c33,
0xf33c33,0xf33c33,0xfc3f33,0xfc3f33,0xfc3f33,0xfc3f33,0xfc3f33,0xfc3f33,
0x003c03,0x003c03,0x003c03,0x003c03,0x003c03,0x3f3c33,0x3f3c33,0x3f3c33,
0x3f3c33,0x3f3c33,0x3f3c33,0xc33cfc,0xc33cfc,0xc33cfc,0xc33cfc,0x303c33,
0x303c33,0x303c33,0x303c33,0x303c33,0x303c33,0xc00fcc,0xc00fcc,0xc00fcc,
0xc00fcc,0xc00fcc,0xc00fcc,0xc00fcc,0x000c33,0x000c33,0x300cf0,0x300cf0,
0x300cf0,0x300cf0,0x300cf0,0x300cf0,0x0030f3,0x0030f3,0x333cfc,0x333cfc,
0x333cfc,0x333cfc,0x333cfc,0x333cfc,0x3330c3,0x3330c3,0x3330c3,0x3330c3,
0x3330c3,0x3330c3,0x3330c3,0x303c33,0x303c33,0x303c33,0x303c33,0x303c33,
0x303c33,0x303c33,0xf330c3,0xf330c3,0xf330c3,0xf330c3,0xf330c3,0xf330c3,
0xfc3c30,0xfc3c30,0xfc3c30,0xfc3c30,0xfc3c30,0xfc3c30,0x333fc0,0x333fc0,
0x333fc0,0x333fc0,0x333fc0,0x333fc0,0xcc0c00,0xcc0c00,0xcc0c00,0x333c30,
0x333c30,0x000044,0x000044,0x0c3c33,0x0c3c33,0x0c3c33,0x0c3c33,0x0c3c33,
0xc33cfc,0xc33cfc,0xc33cfc,0xc33cfc,0xc33cfc,0xc33cfc,0xc33f30,0xc33f30,
0xc33f30,0xc33f30,0xc33f30,0xc33f30,0x003c33,0x003c33,0xfc3c30,0xfc3c30,
0xfc3c30,0xfc3c30,0xfc3c30,0xfc3c30,0xcc0c00,0xcc0c00,0xcc0c00,0xf33c33,
0xf33c33,0xf33c33,0xf33c33,0xfc3f33,0xfc3f33,0xfc3f33,0xfc3f33,0xfc3f33,
0xfc3f33,0x003c03,0x003c03,0x003c03,0x003c03,0x003c03,0x3f3c33,0x3f3c33,
0x3f3c33,0x3f3c33,0x3f3c33,0x3f3c33,0xc33cfc,0xc33cfc,0xc33cfc,0xc33cfc,
0x303c33,0x303c33,0x303c33,0x303c33,0x303c33,0x303c33,0xc00fcc,0xc00fcc,
0xc00fcc,0xc00fcc,0xc00fcc,0xc00fcc,0xc00fcc,0x000c33,0x000c33,0x300cf0,
0x300cf0,0x300cf0,0x300cf0,0x300cf0,0x300cf0,0x0030f3,0x0030f3,0x333cfc,
0x333cfc,0x333cfc,0x333cfc,0x333cfc,0x333cfc,0x3330c3,0x3330c3,0x3330c3,
0x3330c3,0x3330c3,0x3330c3,0x3330c3,0x303c33,0x303c33,0x303c33,0x303c33,
0x303c33,0x303c33,0x303c33,0xf330c3,0xf330c3,0xf330c3,0xf330c3,0xf330c3,
0xf330c3,0xfc3c30,0xfc3c30,0xfc3c30,0xfc3c30,0xfc3c30,0xfc3c30,0x333fc0,
0x333fc0,0x333fc0,0x333fc0,0x333fc0,0x333fc0,0xcc0c00,0xcc0c00,0xcc0c00,
0x333c30,0x333c30,0x000044,0x000044,0x0f3cf0,0x0f3cf0,0x0f3cf0,0x0f3cf0,
0x333c03,0x333c03,0x333c03,0x333c03,0x333c03,0x333c03,0x0c0c00,0x0c0c00,
0x0c0c00,0x0c0c00,0x0c0c00,0x0c0c00,0x0c0c00,0xc33f30,0xc33f30,0xc33f30,
0xc33f30,0xc33f30,0xc33f30,0x333cf3,0x333cf3,0x333cf3,0x333cf3,0x333cf3,
0x333cf3,0xc33cfc,0xc33cfc,0xc33cfc,0xc33cfc,0x303c33,0x303c33,0x303c33,
0x303c33,0x303c33,0x303c33,0xc00c00,0xc00c00,0xc00c00,0xc00c00,0xc00c00,
0xc00c00,0xc00c00,0xf30c00,0xf30c00,0xf30c00,0x111410,0x111410,0xc33f30,
0xc33f30,0xc33f30,0xc33f30,0xc33f30,0xc33f30,0x333cf3,0x333cf3,0x333cf3,
0x333cf3,0x333cf3,0x333cf3,0xc33cfc,0xc33cfc,0xc33cfc,0xc33cfc,0x303c33,
0x303c33,0x303c33,0x303c33,0x303c33,0x303c33,0xc00fcc,0xc00fcc,0xc00fcc,
0xc00fcc,0xc00fcc,0xc00fcc,0xc00fcc,0x000c33,0x000c33,0x980400,0x980400,
0x980400,0x980400,0x980400,0x980400,0xf33c33,0xf33c33,0xf33c33,0xf33c33,
0xfc3f33,0xfc3f33,0xfc3f33,0xfc3f33,0xfc3f33,0xfc3f33,0x303c0c,0x303c0c,
0x303c0c,0x303c0c,0x303c0c,0xf03330,0xf03330,0xf03330,0xf03330,0xf03330,
0xf03330,0xc33f00,0xc33f00,0xc33f00,0xc33f00,0xc33f00,0xc33f00,0xc33f00,
0x3330c3,0x3330c3,0x3330c3,0x3330c3,0x3330c3,0x3330c3,0xfc3c30,0xfc3c30,
0xfc3c30,0xfc3c30,0xfc3c30,0xfc3c30,0x333fc0,0x333fc0,0x333fc0,0x333fc0,
0x333fc0,0x333fc0,0xcc0c33,0xcc0c33,0xcc0c33,0x100000,0x100000,0x100000,
0x100000,0x100000,0x100000,0x303f0c,0x303f0c,0x303f0c,0x303f0c,0x303f0c,
0x303f0c,0x033f3f,0x033f3f,0x033f3f,0x033f3f,0x033f3f,0x033f3f,0x003cf3,
0x003cf3,0x033cc3,0x033cc3,0x033cc3,0x033cc3,0x033cc3,0x033cc3,0xfc0c00,
0xfc0c00,0xfc0c00,0xfc0c00,0xfc0c00,0xfc0c00,0xfc3f33,0xfc3f33,0xfc3f33,
0xfc3f33,0xfc3f33,0xfc3f33,0x510401,0x510401,0x510401,0x510401,0x510401,
0x510401,0x303f0c,0x303f0c,0x303f0c,0x303f0c,0x303f0c,0x303f0c,0x033f3f,
0x033f3f,0x033f3f,0x033f3f,0x033f3f,0x033f3f,0x003c3c,0x003c3c,0x033c0f,
0x033c0f,0x033c0f,0x033c0f,0x033c0f,0x033c0f,0x303cff,0x303cff,0x303cff,
0x303cff,0x303cff,0x303cff,0x303cff,0x0c3fc3,0x0c3fc3,0x0c3fc3,0x0c3fc3,
0x0c3fc3,0x0c3fc3,0x0c3fc3,0x003cfc,0x003cfc,0x333cf3,0x333cf3,0x333cf3,
0x333cf3,0x333cf3,0x333cf3,0x333cf3,0x010000,0x010000,0xf33c33,0xf33c33,
0xf33c33,0xf33c33,0xf33c33,0xf33c33,0xfc3f33,0xfc3f33,0xfc3f33,0xfc3f33,
0xfc3f33,0xfc3f33,0x033c0f,0x033c0f,0x033c0f,0x033c0f,0x303cc3,0x303cc3,
0x303cc3,0x303cc3,0x303cc3,0x303cc3,0x303cc3,0xff3cfc,0xff3cfc,0xff3cfc,
0xff3cfc,0xff3cfc,0xff3cfc,0xcc0c00,0xcc0c00,0xcc0c00,0x333c30,0x333c30,
0x000cf0,0x000cf0,0x003f00,0x003f00,0x0c3cff,0x0c3cff,0x0c3cff,0x0c3cff,
0x0c3cff,0x0c3cff,0x0c3cff,0x0f3c33,0x0f3c33,0x0f3c33,0x0f3c33,0x0f3c33,
0x0f3c33,0x0f3f0f,0x0f3f0f,0x0f3f0f,0x0f3f0f,0x0f3f0f,0x0f3f0f,0x0f3f0f,
0x333f3c,0x333f3c,0x333f3c,0x333f3c,0x333cfc,0x333cfc,0x333cfc,0x333cfc,
0x333cfc,0x333cfc,0x300fcc,0x300fcc,0x300fcc,0x300fcc,0x300fcc,0x300fcc,
0x300fcc,0x000c33,0x000c33,0x100044,0x100044,0x100044,0x100044,0x100044,
0x100044,0x17000f,0x17000f,0x02c054,0x02c054,0x02c054,0x02c054,0x02c054,
0x02c054,0x02c054,0x02c054,0x02c054,0x02c054,0x02c054,0x02c054,0x02c054,
0xc08414,0xc08414,0xc08414,0xc08414,0xc08414,0x029414,0x029414,0x029414,
0x029414,0x029414,0x029414,0x029414,0x029414,0x029414,0x029414,0x029414,
0x029414,0x029414,0x029414,0x17001b,0x17001b,0x02c054,0x02c054,0x02c054,
0x02c054,0x02c054,0x02c054,0x02c054,0x02c054,0x02c054,0x02c054,0x02c054,
0xc08414,0xc08414,0xc08414,0xc08414,0xc08414,0x029414,0x029414,0x029414,
0x029414,0x029414,0x029414,0x029414,0x029414,0x029414,0x029414,0x029414,
0x029414,0x029414,0x029414,0x17001f,0x17001f,0x02c054,0x02c054,0x02c054,
0x02c054,0x02c054,0x02c054,0x02c054,0x02c054,0x02c054,0x02c054,0x02c054,
0x02c054,0x02c054,0x02c054,0x02c054,0xc08414,0xc08414,0xc08414,0xc08414,
0xc08414,0x029414,0x029414,0x029414,0x029414,0x029414,0x029414,0x029414,
0x029414,0x029414,0x029414,0x029414,0x029414,0x029414,0x029414,0x17004b,
0x17004b,0x02c055,0xc08414,0xc08414,0xc08414,0xc08414,0xc08414,0x029414,
0x029414,0x029414,0x029414,0x029414,0x029414,0x029414,0x029414,0x029414,
0x029414,0x029414,0x029414,0x029414,0x029414,0x17004f,0x17004f,0x02c055,
0x02c055,0x02c055,0xc08414,0xc08414,0xc08414,0xc08414,0xc08414,0x029414,
0x029414,0x029414,0x029414,0x029414,0x029414,0x029414,0x029414,0x029414,
0x029414,0x029414,0x029414,0x029414,0x029414,0x17005b,0x17005b,0x02c055,
0x02c055,0x02c055,0x02c055,0x02c055,0xc08414,0xc08414,0xc08414,0xc08414,
0xc08414,0x029414,0x029414,0x029414,0x029414,0x029414,0x029414,0x029414,
0x029414,0x029414,0x029414,0x029414,0x029414,0x029414,0x029414,0x02c015,
0x02c015,0x02c015,0x02c015,0x02c015,0x02c015,0x02c015,0x02c015,0x02c015,
0x02c015,0x02c015,0x028110,0x028110,0x12004b,0x02c041,0x02c041,0x02c041,
0x2ad114,0x2ad114,0x2ad114,0x2ad114,0x2ad114,0x2ad114,0x2ad114,0x2ad114,
0x029415,0x029415,0x029415,0x029415,0x029415,0x029415,0x029415,0x029415,
0x029415,0x029415,0x029415,0x6ad445,0x6ad445,0x6ad445,0x028110,0x028110,
0x028141,0x028141,0x028141,0x028141,0x028141,0x028141,0x028141,0x028141,
0x12000f,0x02c015,0x02c015,0x02c015,0x02c015,0x02c015,0x02c015,0x02c015,
0x02c015,0x02c015,0x02c015,0x02c015,0x02c015,0x02c015,0x02c015,0x02c015,
0x2ad114,0x2ad114,0x2ad114,0x2ad114,0x2ad114,0x2ad114,0x2ad114,0x2ad114,
0x029415,0x029415,0x029415,0x029415,0x029415,0x029415,0x029415,0x029415,
0x6ad445,0x6ad445,0x6ad445,0x6ad445,0x6ad445,0x6ad445,0x6ad445,0x028141,
0x028141,0x028141,0x028141,0x028141,0x028141,0x028141,0x028141,0x028141,
0x028141,0x028141,0x028141,0x028141,0x028141,0x028141,0x028141,0x028101,
0x028101,0x028101,0x028101,0x028101,0x028101,0x028101,0x028101,0x028101,
0x028101,0x028101,0x12000f,0x02c015,0x02c015,0x02c015,0x02c015,0x02c015,
0x02c015,0x02c015,0x02c015,0x02c015,0x02c015,0x02c015,0x02c015,0x02c015,
0x02c015,0x02c015,0x808414,0x808414,0x808414,0x808414,0x808414,0x808414,
0x808414,0x6ad445,0x6ad445,0x6ad445,0x6ad445,0x6ad445,0x6ad445,0x6ad445,
0x6ad445,0x6ad445,0x6ad445,0x6ad445,0x6ad445,0x6ad445,0x6ad445,0x2ad445,
0x2ad445,0x2ad445,0x2ad445,0x2ad445,0x2ad445,0x2ad445,0x2ad445,0x010040,
0x010040,0x010040,0x010040,0x12001b,0x02c040,0x808414,0x808414,0x808414,
0x808414,0x808414,0x808414,0x808414,0x6ad445,0x6ad445,0x6ad445,0x6ad445,
0x6ad445,0x6ad445,0x6ad445,0x6ad445,0x6ad445,0x6ad445,0x6ad445,0x6ad445,
0x6ad445,0x6ad445,0x2ad445,0x2ad445,0x2ad445,0x2ad445,0x2ad445,0x2ad445,
0x2ad445,0x2ad445,0x010040,0x010040,0x010040,0x010040,0x12001f,0x590000,
0x02c040,0x02c040,0x02c040,0x808414,0x808414,0x808414,0x808414,0x808414,
0x808414,0x808414,0x6ad445,0x6ad445,0x6ad445,0x6ad445,0x6ad445,0x6ad445,
0x6ad445,0x6ad445,0x6ad445,0x6ad445,0x6ad445,0x6ad445,0x6ad445,0x6ad445,
0x2ad445,0x2ad445,0x2ad445,0x2ad445,0x2ad445,0x2ad445,0x2ad445,0x2ad445,
0x12004b,0x5c0000,0x02c040,0x02c040,0x02c040,0x02c040,0x02c040,0x808414,
0x808414,0x808414,0x808414,0x808414,0x808414,0x808414,0x6ad445,0x6ad445,
0x6ad445,0x6ad445,0x6ad445,0x6ad445,0x6ad445,0x6ad445,0x6ad445,0x6ad445,
0x6ad445,0x6ad445,0x6ad445,0x6ad445,0x2ad445,0x2ad445,0x2ad445,0x2ad445,
0x2ad445,0x2ad445,0x2ad445,0x2ad445,0x12004f,0x5d0000,0x02c040,0x02c040,
0x02c040,0x02c040,0x02c040,0x02c040,0x02c040,0x808414,0x808414,0x808414,
0x808414,0x808414,0x808414,0x808414,0x6ad445,0x6ad445,0x6ad445,0x6ad445,
0x6ad445,0x6ad445,0x6ad445,0x6ad445,0x6ad445,0x6ad445,0x6ad445,0x6ad445,
0x6ad445,0x6ad445,0x2ad445,0x2ad445,0x2ad445,0x2ad445,0x2ad445,0x2ad445,
0x2ad445,0x2ad445,0x028141,0x028141,0x028141,0x028141,0x028141,0x028141,
0x028141,0x028141,0x028101,0x028101,0x028101,0x028101,0x028101,0x028101,
0x028101,0x028101,0x028101,0x028101,0x028101,0x100005,0x02c015,0x02c015,
0x02c015,0x02c015,0x02c015,0x02c015,0x02c015,0x02c015,0x02c015,0x02c015,
0x02c015,0x02c015,0x02c015,0x02c015,0x02c015,0x100011,0x02c040,0x100015,
0x02c040,0x02c040,0x02c040,0x100041,0x02c040,0x02c040,0x02c040,0x02c040,
0x02c040,0x100045,0x02c040,0x02c040,0x02c040,0x02c040,0x02c040,0x02c040,
0x02c040,0x150015,0x150015,0x028555,0x028555,0x028555,0x028555,0x150041,
0x150041,0x028555,0x028555,0x028555,0x028555,0x028555,0x028555,0x150045,
0x150045,0x028555,0x028555,0x028555,0x028555,0x028555,0x028555,0x028555,
0x028555,0x150015,0x150015,0x028555,0x028555,0x028555,0x028555,0x150041,
0x150041,0x028555,0x028555,0x028555,0x028555,0x028555,0x028555,0x150045,
0x150045,0x028555,0x028555,0x028555,0x028555,0x028555,0x028555,0x028555,
0x028555,0x02c015,0x02c015,0x02c015,0x02c015,0x02c015,0x02c015,0x02c015,
0x02c015,0x02c015,0x17000f,0x17000f,0x02c104,0x02c104,0x02c104,0xc08414,
0xc08414,0xc08414,0xc08414,0xc08414,0x029415,0x029415,0x17001b,0x17001b,
0x02c045,0x02c045,0x02c045,0x02c045,0x02c045,0xc08414,0xc08414,0xc08414,
0xc08414,0xc08414,0x029415,0x029415,0x17001f,0x17001f,0x02c045,0x02c045,
0x02c045,0x02c045,0x02c045,0x02c045,0x02c045,0xc08414,0xc08414,0xc08414,
0xc08414,0xc08414,0x029415,0x029415,0x17000f,0x17000f,0x02c041,0x02c041,
0x02c041,0x02c041,0x02c041,0x02c041,0x02c041,0x02c041,0x02c041,0x02c041,
0x02c041,0x02c041,0x02c041,0x02c041,0x02c041,0xc08414,0xc08414,0xc08414,
0xc08414,0xc08414,0x17001b,0x17001b,0x02c045,0x02c045,0x02c045,0xc08414,
0xc08414,0xc08414,0xc08414,0xc08414,0x17001f,0x17001f,0x02c045,0xc08414,
0xc08414,0xc08414,0xc08414,0xc08414,0x17000f,0x17000f,0x02c050,0x02c050,
0x02c050,0xc08414,0xc08414,0xc08414,0xc08414,0xc08414,0x029415,0x029415,
0x029415,0x029415,0x17001b,0x17001b,0x02c050,0x02c050,0x02c050,0x02c050,
0x02c050,0xc08414,0xc08414,0xc08414,0xc08414,0xc08414,0x029415,0x029415,
0x029415,0x029415,0x17001f,0x17001f,0x02c050,0x02c050,0x02c050,0x02c050,
0x02c050,0x02c050,0x02c050,0xc08414,0xc08414,0xc08414,0xc08414,0xc08414,
0x029415,0x029415,0x029415,0x029415,0x220415,0x220415,0x220415,0x220415,
0x028104,0x028104,0x028104,0x028104,0x028104,0x028104,0x028104,0x028104,
0x2a0415,0x2a0415,0x2a0415,0x2a0415,0x028105,0x028105,0x028105,0x028105,
0x028105,0x820415,0x820415,0x820415,0x820415,0x028110,0x028110,0x8a0415,
0x8a0415,0x8a0415,0x8a0415,0x028110,0x028110,0x028110,0x028110,0x028110,
0x028110,0x028110,0x028110,0x028110,0x028110,0x028110,0x028110,0x028110,
0x028110,0x028110,0xe20415,0xe20415,0xe20415,0xe20415,0x028111,0x028111,
0x028111,0x028111,0x028111,0x028111,0x028111,0x028111,0x028111,0x028111,
0x028111,0x12000f,0x580000,0x02c040,0x02c040,0x02c040,0x02c040,0x02c040,
0x02c040,0x02c040,0x02c040,0x02c040,0x02c040,0x02c040,0x02c040,0x02c040,
0x808414,0x808414,0x808414,0x808414,0x808414,0x808414,0x808414,0x2ad445,
0x2ad445,0x2ad445,0x2ad445,0x2ad445,0x2ad445,0x2ad445,0x2ad445,0x2ad445,
0x2ad445,0x2ad445,0x2ad445,0x2ad445,0x2ad445,0x2ad445,0x2ad445,0x2ad445,
0x2ad445,0x2ad445,0x2ad445,0x2ad445,0x2ad445,0x2ad445,0x2ad445,0x2ad445,
0x6ad445,0x6ad445,0x6ad445,0x6ad445,0x6ad445,0x6ad445,0x6ad445,0x6ad445,
0x6ad445,0x6ad445,0x6ad445,0x6ad445,0x6ad445,0x6ad445,0x6ad445,0x12001b,
0x02c040,0x02c040,0x02c040,0x02c040,0x02c040,0x02c040,0x02c040,0x02c040,
0x02c040,0x02c040,0x02c040,0x02c040,0x02c040,0x02c040,0x02c040,0x808414,
0x808414,0x808414,0x808414,0x808414,0x808414,0x808414,0x2ad445,0x2ad445,
0x2ad445,0x2ad445,0x2ad445,0x2ad445,0x2ad445,0x2ad445,0x2ad445,0x2ad445,
0x2ad445,0x2ad445,0x2ad445,0x2ad445,0x2ad445,0x2ad445,0x2ad445,0x2ad445,
0x2ad445,0x2ad445,0x2ad445,0x2ad445,0x2ad445,0x2ad445,0x2ad445,0x6ad445,
0x6ad445,0x6ad445,0x6ad445,0x6ad445,0x6ad445,0x6ad445,0x6ad445,0x6ad445,
0x6ad445,0x6ad445,0x6ad445,0x6ad445,0x6ad445,0x6ad445,0x12001f,0x02c041,
0x808414,0x808414,0x808414,0x808414,0x808414,0x808414,0x808414,0x2ad445,
0x2ad445,0x2ad445,0x2ad445,0x2ad445,0x2ad445,0x2ad445,0x2ad445,0x2ad445,
0x2ad445,0x2ad445,0x2ad445,0x2ad445,0x2ad445,0x2ad445,0x2ad445,0x2ad445,
0x2ad445,0x2ad445,0x2ad445,0x2ad445,0x2ad445,0x2ad445,0x2ad445,0x2ad445,
0x6ad445,0x6ad445,0x6ad445,0x6ad445,0x6ad445,0x6ad445,0x6ad445,0x6ad445,
0x6ad445,0x6ad445,0x6ad445,0x6ad445,0x6ad445,0x6ad445,0x6ad445,0x12004b,
0x02c041,0x02c041,0x02c041,0x808414,0x808414,0x808414,0x808414,0x808414,
0x808414,0x808414,0x2ad445,0x2ad445,0x2ad445,0x2ad445,0x2ad445,0x2ad445,
0x2ad445,0x2ad445,0x2ad445,0x2ad445,0x2ad445,0x2ad445,0x2ad445,0x2ad445,
0x2ad445,0x2ad445,0x2ad445,0x2ad445,0x2ad445,0x2ad445,0x2ad445,0x2ad445,
0x2ad445,0x2ad445,0x2ad445,0x6ad445,0x6ad445,0x6ad445,0x6ad445,0x6ad445,
0x6ad445,0x6ad445,0x6ad445,0x6ad445,0x6ad445,0x6ad445,0x6ad445,0x6ad445,
0x6ad445,0x6ad445,0x12004f,0x02c041,0x02c041,0x02c041,0x02c041,0x02c041,
0x808414,0x808414,0x808414,0x808414,0x808414,0x808414,0x808414,0x2ad445,
0x2ad445,0x2ad445,0x2ad445,0x2ad445,0x2ad445,0x2ad445,0x2ad445,0x2ad445,
0x2ad445,0x2ad445,0x2ad445,0x2ad445,0x2ad445,0x2ad445,0x2ad445,0x2ad445,
0x2ad445,0x2ad445,0x2ad445,0x2ad445,0x2ad445,0x2ad445,0x2ad445,0x2ad445,
0x6ad445,0x6ad445,0x6ad445,0x6ad445,0x6ad445,0x6ad445,0x6ad445,0x6ad445,
0x6ad445,0x6ad445,0x6ad445,0x6ad445,0x6ad445,0x6ad445,0x6ad445,0x12005b,
0x02c041,0x02c041,0x02c041,0x02c041,0x02c041,0x02c041,0x02c041,0x808414,
0x808414,0x808414,0x808414,0x808414,0x808414,0x808414,0x2ad445,0x2ad445,
0x2ad445,0x2ad445,0x2ad445,0x2ad445,0x2ad445,0x2ad445,0x2ad445,0x2ad445,
0x2ad445,0x2ad445,0x2ad445,0x2ad445,0x2ad445,0x2ad445,0x2ad445,0x2ad445,
0x2ad445,0x2ad445,0x2ad445,0x2ad445,0x2ad445,0x2ad445,0x2ad445,0x6ad445,
0x6ad445,0x6ad445,0x6ad445,0x6ad445,0x6ad445,0x6ad445,0x6ad445,0x6ad445,
0x6ad445,0x6ad445,0x6ad445,0x6ad445,0x6ad445,0x6ad445,0x12005f,0x4c0000,
0x02c041,0x02c041,0x02c041,0x02c041,0x02c041,0x02c041,0x02c041,0x02c041,
0x02c041,0x808414,0x808414,0x808414,0x808414,0x808414,0x808414,0x808414,
0x2ad445,0x2ad445,0x2ad445,0x2ad445,0x2ad445,0x2ad445,0x2ad445,0x2ad445,
0x2ad445,0x2ad445,0x2ad445,0x2ad445,0x2ad445,0x2ad445,0x2ad445,0x2ad445,
0x2ad445,0x2ad445,0x2ad445,0x2ad445,0x2ad445,0x2ad445,0x2ad445,0x2ad445,
0x2ad445,0x6ad445,0x6ad445,0x6ad445,0x6ad445,0x6ad445,0x6ad445,0x6ad445,
0x6ad445,0x6ad445,0x6ad445,0x6ad445,0x6ad445,0x6ad445,0x6ad445,0x6ad445,
0x12010b,0x490000,0x02c041,0x02c041,0x02c041,0x02c041,0x02c041,0x02c041,
0x02c041,0x02c041,0x02c041,0x02c041,0x02c041,0x808414,0x808414,0x808414,
0x808414,0x808414,0x808414,0x808414,0x2ad445,0x2ad445,0x2ad445,0x2ad445,
0x2ad445,0x2ad445,0x2ad445,0x2ad445,0x2ad445,0x2ad445,0x2ad445,0x2ad445,
0x2ad445,0x2ad445,0x2ad445,0x2ad445,0x2ad445,0x2ad445,0x2ad445,0x2ad445,
0x2ad445,0x2ad445,0x2ad445,0x2ad445,0x2ad445,0x6ad445,0x6ad445,0x6ad445,
0x6ad445,0x6ad445,0x6ad445,0x6ad445,0x6ad445,0x6ad445,0x6ad445,0x6ad445,
0x6ad445,0x6ad445,0x6ad445,0x6ad445,0x12010f,0x4d0000,0x02c041,0x02c041,
0x02c041,0x02c041,0x02c041,0x02c041,0x02c041,0x02c041,0x02c041,0x02c041,
0x02c041,0x02c041,0x02c041,0x808414,0x808414,0x808414,0x808414,0x808414,
0x808414,0x808414,0x2ad445,0x2ad445,0x2ad445,0x2ad445,0x2ad445,0x2ad445,
0x2ad445,0x2ad445,0x2ad445,0x2ad445,0x2ad445,0x2ad445,0x2ad445,0x2ad445,
0x2ad445,0x2ad445,0x2ad445,0x2ad445,0x2ad445,0x2ad445,0x2ad445,0x2ad445,
0x2ad445,0x2ad445,0x2ad445,0x6ad445,0x6ad445,0x6ad445,0x6ad445,0x6ad445,
0x6ad445,0x6ad445,0x6ad445,0x6ad445,0x6ad445,0x6ad445,0x6ad445,0x6ad445,
0x6ad445,0x6ad445,0x220505,0x220505,0x220505,0x220505,0x028104,0x028104,
0x028104,0x028104,0x028104,0x028104,0x028104,0x028104,0x2a0505,0x2a0505,
0x2a0505,0x2a0505,0x028105,0x028105,0x028105,0x028105,0x028105,0x820505,
0x820505,0x820505,0x820505,0x028110,0x028110,0x8a0505,0x8a0505,0x8a0505,
0x8a0505,0x028110,0x028110,0x028110,0x028110,0x028110,0x028110,0x028110,
0x028110,0x028110,0x028110,0x028110,0x028110,0x028110,0x028110,0x028110,
0xe20505,0xe20505,0xe20505,0xe20505,0x028111,0x028111,0x028111,0x028111,
0x028111,0x028111,0x028111,0x028111,0x028111,0x028111,0x028111,0x100005,
0x02c040,0x02c040,0x02c040,0x02c040,0x02c040,0x02c040,0x02c040,0x02c040,
0x02c040,0x02c040,0x02c040,0x02c040,0x02c040,0x000000,0x000000,0x000000,
0x000000,0x100011,0x02c040,0x02c040,0x02c040,0x02c040,0x02c040,0x02c040,
0x02c040,0x02c040,0x02c040,0x02c040,0x02c040,0x02c040,0x02c040,0x02c040,
0x02c040,0x000000,0x000000,0x000000,0x000000,0x100015,0x02c041,0x000000,
0x000000,0x000000,0x000000,0x100041,0x02c041,0x02c041,0x02c041,0x000000,
0x000000,0x000000,0x000000,0x100045,0x02c041,0x02c041,0x02c041,0x02c041,
0x02c041,0x000000,0x000000,0x000000,0x000000,0x100051,0x02c041,0x02c041,
0x02c041,0x02c041,0x02c041,0x02c041,0x02c041,0x100055,0x02c041,0x02c041,
0x02c041,0x02c041,0x02c041,0x02c041,0x02c041,0x02c041,0x02c041,0x100101,
0x02c041,0x02c041,0x02c041,0x02c041,0x02c041,0x02c041,0x02c041,0x02c041,
0x02c041,0x02c041,0x02c041,0x100105,0x02c041,0x02c041,0x02c041,0x02c041,
0x02c041,0x02c041,0x02c041,0x02c041,0x02c041,0x02c041,0x02c041,0x02c041,
0x02c041,0x150005,0x150005,0x028555,0x028555,0x028555,0x028555,0x028555,
0x028555,0x028555,0x028555,0x028555,0x028555,0x150055,0x150055,0x028555,
0x028555,0x028555,0x028555,0x028555,0x028555,0x028555,0x028555,0x028555,
0x028555,0x028555,0x028555,0x028555,0x028555,0x150101,0x150101,0x029000,
0x029000,0x150105,0x150105,0x029000,0x029000,0x029000,0x029000,0x029000,
0x150005,0x150005,0x028555,0x028555,0x028555,0x028555,0x028555,0x028555,
0x028555,0x028555,0x028555,0x028555,0x150055,0x150055,0x028555,0x028555,
0x028555,0x028555,0x028555,0x028555,0x028555,0x028555,0x028555,0x028555,
0x028555,0x028555,0x028555,0x028555,0x150101,0x150101,0x029000,0x029000,
0x150105,0x150105,0x029000,0x029000,0x029000,0x029000,0x029000,0x17000f,
0x17000f,0x02c044,0x02c044,0x02c044,0x02c044,0x02c044,0x02c044,0x02c044,
0x02c044,0x02c044,0x808414,0x808414,0x808414,0x808414,0x029415,0x029415,
0x029415,0x17001b,0x17001b,0x02c044,0x02c044,0x02c044,0x02c044,0x02c044,
0x02c044,0x02c044,0x02c044,0x02c044,0x02c044,0x02c044,0x808414,0x808414,
0x808414,0x808414,0x029415,0x029415,0x029415,0x17001f,0x17001f,0x02c044,
0x02c044,0x02c044,0x02c044,0x02c044,0x02c044,0x02c044,0x808414,0x808414,
0x808414,0x808414,0x029415,0x029415,0x029415,0x17004b,0x17004b,0x02c044,
0x02c044,0x02c044,0x02c044,0x02c044,0x02c044,0x02c044,0x02c044,0x02c044,
0x02c044,0x02c044,0x02c044,0x02c044,0x808414,0x808414,0x808414,0x808414,
0x029415,0x029415,0x029415,0x17004f,0x17004f,0x02c044,0x02c044,0x02c044,
0x02c044,0x02c044,0x02c044,0x02c044,0x02c044,0x02c044,0x02c044,0x02c044,
0x02c044,0x02c044,0x02c044,0x02c044,0x808414,0x808414,0x808414,0x808414,
0x029415,0x029415,0x029415,0x028101,0x028101,0x028101,0x028101,0x028101,
0x028101,0x028101,0x028101,0x028101,0x028101,0x028101,0x12001b,0x02c040,
0x2ad114,0x2ad114,0x2ad114,0x2ad114,0x2ad114,0x2ad114,0x2ad114,0x2ad114,
0x029415,0x029415,0x029415,0x029415,0x029415,0x029415,0x029415,0x2ad450,
0x2ad450,0x2ad450,0x028101,0x028101,0x028101,0x028101,0x028101,0x028101,
0x028101,0x028101,0x028101,0x028101,0x028101,0x17000f,0x17000f,0x4c0000,
0x4c0000,0x4c0000,0x02c100,0x02c100,0x02c100,0x02c100,0x02c100,0x02c100,
0x02c100,0x02c100,0x02c100,0x02c100,0x02c100,0x02c100,0x02c100,0x808414,
0x808414,0x808414,0x808414,0x029415,0x029415,0x029415,0x029415,0x029415,
0x17001b,0x17001b,0x4c0000,0x4c0000,0x4c0000,0x02c100,0x02c100,0x02c100,
0x02c100,0x02c100,0x02c100,0x02c100,0x02c100,0x02c100,0x02c100,0x02c100,
0x02c100,0x02c100,0x02c100,0x02c100,0x808414,0x808414,0x808414,0x808414,
0x029415,0x029415,0x029415,0x029415,0x029415,0x02c015,0x02c015,0x02c015,
0x02c015,0x02c015,0x02c015,0x17000f,0x17000f,0x02c040,0x02c040,0x02c040,
0x02c040,0x02c040,0x02c040,0x02c040,0x02c040,0x02c040,0xc08414,0xc08414,
0xc08414,0xc08414,0xc08414,0x029415,0x17001b,0x17001b,0x02c040,0x02c040,
0x02c040,0x02c040,0x02c040,0x02c040,0x02c040,0x02c040,0x02c040,0x02c040,
0x02c040,0xc08414,0xc08414,0xc08414,0xc08414,0xc08414,0x029415,0x028100,
0x028100,0x028100,0x028100,0x028100,0x028100,0x028100,0x028100,0x028100,
0x028100,0x028100,0x028100,0x028100,0x028100,0x028100,0x028100,0x028100,
0x028100,0x028100,0x028100,0x028100,0x028100,0x028100,0x028100,0x028100,
0x028100,0x028100,0x028100,0x028100,0x028100,0x12000f,0x1c0000,0x02c051,
0x02c051,0x02c051,0x02c051,0x02c051,0x02c051,0x02c051,0x02c051,0x02c051,
0x02c051,0x02c051,0x02c051,0x02c051,0x02c051,0x02c051,0x808414,0x808414,
0x808414,0x808414,0x808414,0x808414,0x808414,0x6ad450,0x6ad450,0x6ad450,
0x6ad450,0x6ad450,0x6ad450,0x6ad450,0x6ad450,0x6ad450,0x2ad450,0x2ad450,
0x2ad450,0x2ad450,0x2ad450,0x2ad450,0x2ad450,0x2ad450,0x12001b,0x080000,
0x02c054,0x02c054,0x02c054,0x02c054,0x02c054,0x808414,0x808414,0x808414,
0x808414,0x808414,0x808414,0x808414,0x6ad450,0x6ad450,0x6ad450,0x6ad450,
0x6ad450,0x6ad450,0x6ad450,0x6ad450,0x6ad450,0x2ad450,0x2ad450,0x2ad450,
0x2ad450,0x2ad450,0x2ad450,0x2ad450,0x2ad450,0x12001f,0x1d0000,0x02c054,
0x808414,0x808414,0x808414,0x808414,0x808414,0x808414,0x808414,0x6ad450,
0x6ad450,0x6ad450,0x6ad450,0x6ad450,0x6ad450,0x6ad450,0x6ad450,0x6ad450,
0x2ad450,0x2ad450,0x2ad450,0x2ad450,0x2ad450,0x2ad450,0x2ad450,0x2ad450,
0x12004b,0x480000,0x02c054,0x02c054,0x02c054,0x808414,0x808414,0x808414,
0x808414,0x808414,0x808414,0x808414,0x6ad450,0x6ad450,0x6ad450,0x6ad450,
0x6ad450,0x6ad450,0x6ad450,0x6ad450,0x6ad450,0x2ad450,0x2ad450,0x2ad450,
0x2ad450,0x2ad450,0x2ad450,0x2ad450,0x2ad450,0x028100,0x028100,0x028100,
0x028100,0x028100,0x028100,0x028100,0x028100,0x028100,0x028100,0x028100,
0x028100,0x028100,0x028100,0x028100,0x028100,0x028100,0x028100,0x028100,
0x028100,0x028100,0x028100,0x028100,0x028100,0x028100,0x028100,0x028100,
0x028100,0x028100,0x028100,0x100005,0x02c051,0x02c051,0x02c051,0x02c051,
0x02c051,0x02c051,0x02c051,0x02c051,0x02c051,0x02c051,0x02c051,0x02c051,
0x02c051,0x02c051,0x02c051,0x100011,0x02c054,0x02c054,0x02c054,0x02c054,
0x02c054,0x100015,0x02c054,0x100041,0x02c054,0x02c054,0x02c054,0x150005,
0x150005,0x028554,0x028554,0x028554,0x028554,0x028554,0x028554,0x150015,
0x150015,0x028554,0x028554,0x028554,0x028554,0x028554,0x028554,0x028554,
0x028554,0x150041,0x150041,0x028554,0x028554,0x028554,0x028554,0x028554,
0x028554,0x028554,0x028554,0x028554,0x028554,0x028554,0x028554,0x028554,
0x150045,0x150045,0x028554,0x028554,0x028554,0x028554,0x028554,0x150005,
0x150005,0x028554,0x028554,0x028554,0x028554,0x028554,0x028554,0x150015,
0x150015,0x028554,0x028554,0x028554,0x028554,0x028554,0x028554,0x028554,
0x028554,0x150041,0x150041,0x028554,0x028554,0x028554,0x028554,0x028554,
0x028554,0x028554,0x028554,0x028554,0x028554,0x028554,0x028554,0x028554,
0x150045,0x150045,0x028554,0x028554,0x028554,0x028554,0x028554,0xc0003c,
0x100000,0x029410,0x029410,0x2ad444,0x2ad444,0x2ad444,0x2ad444,0x2ad444,
0x2ad444,0x6ad140,0x6ad140,0x6ad140,0x6ad140,0x6ad140,0x6ad140,0x6ad140,
0x6ad140,0x6ad140,0x6ad140,0x029141,0x029141,0x029141,0x029141,0x029141,
0x029141,0x029141,0x6ad444,0x6ad444,0x6ad444,0x6ad444,0x6ad444,0x6ad444,
0x6ad444,0x6ad444,0x6ad444,0x029150,0x029150,0x029150,0x029150,0x029150,
0x029150,0x029150,0x029150,0x029150,0x029150,0x029150,0x029150,0x6ad444,
0x6ad444,0x6ad444,0x6ad444,0x6ad444,0x6ad444,0x6ad444,0x6ad444,0x6ad444,
0x6ad444,0x6ad444,0x000000,0x029405,0x029405,0x029405,0x029405,0x029405,
0x029405,0x6ad444,0x6ad444,0x6ad444,0x6ad444,0x6ad444,0x6ad444,0x6ad444,
0x6ad444,0x6ad444,0x6ad444,0x6ad444,0x6ad444,0x6ad444,0x029400,0x6ad444,
0x6ad444,0x6ad444,0x6ad444,0x6ad444,0x6ad444,0x6ad444,0x6ad444,0x6ad444,
0x6ad444,0x6ad444,0x6ad444,0x6ad444,0x6ad444,0x6ad444,0x6ad140,0x6ad140,
0x6ad140,0x6ad140,0x6ad140,0x6ad140,0x6ad140,0x6ad140,0x6ad140,0x6ad140,
0x6ad140,0x2ad141,0x2ad141,0x2ad141,0x2ad141,0x2ad141,0x6ad141,0x6ad141,
0x6ad141,0x6ad141,0x6ad141,0x6ad141,0x6ad141,0x6ad141,0x6ad141,0x2ad145,
0x2ad145,0x2ad145,0x2ad145,0x2ad145,0x2ad145,0x2ad145,0x2ad145,0x2ad145,
0x2ad145,0x2ad145,0x2ad145,0x2ad145,0x2ad145,0x2ad145,0x2ad145,0x2ad145,
0x2ad145,0x2ad150,0x2ad150,0x6ad141,0x6ad141,0x6ad141,0x6ad141,0x6ad141,
0x6ad141,0x6ad141,0x6ad141,0x6ad141,0x6ad141,0x029411,0x029411,0x029411,
0x029411,0x029411,0x2ad150,0x2ad150,0x2ad150,0x2ad150,0x2ad150,0x6ad155,
0x6ad155,0x6ad155,0x6ad155,0x6ad155,0x6ad155,0x6ad155,0x2ad404,0x2ad404,
0x2ad404,0x2ad404,0x2ad404,0x2ad404,0x2ad404,0x2ad404,0x2ad404,0x2ad404,
0x2ad404,0x2ad404,0x2ad404,0x2ad404,0x2ad405,0x2ad405,0x2ad405,0x6ad411,
0x6ad411,0x6ad411,0x6ad411,0x6ad411,0x6ad411,0x6ad411,0x6ad411,0x6ad411,
0x6ad411,0x6ad411,0x6ad411,0x6ad411,0x6ad411,0x6ad411,0x2ad414,0x2ad414,
0x2ad414,0x2ad414,0x2ad414,0x2ad414,0x029411,0x029411,0x029411,0x029411,
0x029411,0x029411,0x029411,0x029411,0x029411,0x2ad415,0x2ad415,0x2ad415,
0x2ad415,0x2ad415,0x2ad415,0x2ad415,0x2ad415,0x2ad415,0x2ad415,0x2ad415,
0x2ad415,0x2ad415,0x2ad415,0x2ad415,0x2ad415,0x2ad441,0x2ad441,0x2ad441,
0x2ad441,0x2ad441,0x2ad441,0x2ad441,0x2ad441,0x2ad441,0x2ad441,0x2ad441,
0x2ad441,0x2ad441,0x2ad441,0x2ad441,0x2ad441,0x2ad441,0x2ad444,0x2ad444,
0x6ad515,0x6ad515,0x6ad515,0x6ad515,0x6ad515,0x6ad515,0x6ad515,0x6ad515,
0x6ad515,0x029141,0x029141,0x029141,0x029141,0x029141,0x029141,0x029141,
0x029141,0x6ad450,0x6ad450,0x6ad450,0x6ad450,0x6ad450,0x6ad450,0x6ad450,
0x6ad450,0x6ad450,0x6ad450,0x6ad450,0x6ad450,0x029150,0x029150,0x029150,
0x029150,0x029150,0x029150,0x029150,0x029150,0x029150,0x029150,0x029150,
0x029150,0x029150,0x6ad450,0x6ad450,0x6ad450,0x6ad450,0x6ad450,0x6ad450,
0x6ad450,0x6ad450,0x6ad450,0x6ad450,0x6ad450,0x6ad450,0x6ad450,0x6ad450,
0x010000,0x029405,0x029405,0x029405,0x029405,0x029405,0x029405,0x029405,
0x029400,0x029400,0x6ad451,0x6ad451,0x029141,0x029141,0x029141,0x029141,
0x029141,0x029141,0x029141,0x029141,0x029141,0x029141,0x029141,0x029141,
0x6ad451,0x6ad451,0x6ad451,0x6ad451,0x029151,0x6ad451,0x6ad451,0x6ad451,
0x6ad451,0x6ad451,0x6ad451,0x010000,0x029405,0x029405,0x029405,0x029405,
0x029405,0x029405,0x029405,0x029405,0x029405,0x029405,0x029405,0x6ad451,
0x6ad451,0x6ad451,0x6ad451,0x6ad451,0x6ad451,0x6ad451,0x6ad451,0x029400,
0x029400,0x029400,0x029400,0x029400,0x029400,0x6ad451,0x6ad451,0x6ad451,
0x6ad451,0x6ad451,0x6ad451,0x6ad451,0x6ad451,0x6ad451,0x6ad451,0x808011,
0x808011,0x808011,0x808011,0x808011,0x808011,0x808011,0x808011,0x808011,
0x808011,0x808011,0x808011,0x808011,0x808011,0x808011,0x808011,0x808011,
0x808011,0x808011,0x808011,0x808011,0x808011,0x808011,0x808011,0x808011,
0x808011,0x808011,0x808011,0x808011,0x808011,0x808011,0x808011,0x808011,
0x808011,0x808011,0x808011,0x808011,0x808011,0x808011,0x808011,0x808011,
0x808011,0x808011,0x808011,0x808011,0x808011,0x808011,0x808011,0x808011,
0x808011,0x029110,0x029110,0x029110,0x029110,0x029110,0x029110,0x029110,
0x029110,0x2ad454,0x2ad454,0x2ad454,0x2ad454,0x029105,0x029105,0x029105,
0x029105,0x029105,0x029105,0x029105,0x029105,0x2ad454,0x2ad454,0x2ad454,
0x2ad454,0x2ad454,0x029141,0x029141,0x029141,0x029141,0x029141,0x029141,
0x2ad454,0x2ad454,0x2ad454,0x2ad454,0x2ad454,0x2ad454,0x2ad454,0x029150,
0x029150,0x029150,0x029150,0x029150,0x029150,0x029150,0x029150,0x029150,
0x029150,0x029150,0x2ad454,0x2ad454,0x2ad454,0x2ad454,0x2ad454,0x2ad454,
0x2ad454,0x2ad454,0x2ad454,0x000000,0x029405,0x029405,0x029405,0x029405,
0x029405,0x2ad454,0x2ad454,0x2ad454,0x2ad454,0x2ad454,0x2ad454,0x2ad454,
0x2ad454,0x2ad454,0x2ad454,0x2ad454,0x2ad454,0x2ad454,0x2ad454,0x2ad454,
0x2ad454,0x2ad454,0x2ad454,0x2ad454,0x2ad454,0x2ad454,0x2ad454,0x2ad454,
0x2ad454,0x808015,0x808015,0x808015,0x808015,0x808015,0x808015,0xc08015,
0xc08015,0xc08015,0xc08015,0xc08015,0xc08015,0xc08015,0xc08015,0xc08015,
0xc08015,0xc08015,0xc08015,0xc08015,0xc08015,0xc08015,0xc08015,0xc08015,
0xc08015,0xc08015,0xc08015,0xc08015,0xc08015,0xc08015,0xc08015,0xc08015,
0x808040,0x808040,0x808040,0x808040,0x860004,0x860004,0x808040,0x808040,
0x808040,0x808040,0x808040,0x040004,0x040004,0xc08040,0xc08040,0xc08040,
0xc08040,0xc08040,0xc08040,0xc08040,0xc08040,0xc08040,0xc08040,0xc08040,
0xc08040,0xc08040,0xc08040,0xc08040,0xc08040,0xc08040,0xc08040,0xc08040,
0xc08040,0xc08040,0xc08040,0xc08040,0x860004,0x860004,0xc08040,0xc08040,
0xc08040,0xc08040,0xc08040,0xc08040,0xc08040,0xc08040,0xc08040,0xc08040,
0xc08040,0xc08040,0xc08040,0x040004,0x040004,0x808041,0x808041,0x808041,
0x808041,0x808041,0x808041,0x808041,0x808041,0x808041,0x860004,0x860004,
0x808041,0x808041,0x808041,0x808041,0x808041,0x808041,0x040004,0x040004,
0xc08041,0xc08041,0xc08041,0xc08041,0xc08041,0xc08041,0xc08041,0xc08041,
0xc08041,0xc08041,0xc08041,0xc08041,0xc08041,0xc08041,0xc08041,0xc08041,
0xc08041,0xc08041,0xc08041,0xc08041,0xc08041,0xc08041,0xc08041,0xc08041,
0xc08041,0x860004,0x860004,0xc08041,0xc08041,0xc08041,0xc08041,0xc08041,
0xc08041,0xc08041,0xc08041,0xc08041,0xc08041,0xc08041,0xc08041,0xc08041,
0xc08041,0x040004,0x040004,0x808044,0x808044,0x808044,0x808044,0x808044,
0x808044,0x808044,0x808044,0x808044,0x808044,0x808044,0x860004,0x860004,
0x808050,0x808050,0x808050,0x808050,0x808050,0x808050,0x808050,0x808050,
0x040004,0x040004,0xc08050,0xc08050,0xc08050,0xc08050,0xc08050,0xc08050,
0xc08050,0xc08050,0xc08050,0xc08050,0xc08050,0xc08050,0xc08050,0xc08050,
0xc08050,0xc08050,0xc08050,0xc08050,0xc08050,0xc08050,0xc08050,0xc08050,
0xc08050,0xc08050,0xc08050,0xc08050,0xc08050,0xc08050,0xc08050,0x860004,
0x860004,0x040004,0x040004,0x808051,0x808051,0x808051,0x808051,0x808051,
0x808051,0x808051,0x808051,0x808051,0x808051,0x808051,0x808051,0x808051,
0x808051,0x808051,0x860004,0x860004,0x808051,0x808051,0x808051,0x808051,
0x808051,0x808051,0x808051,0x808051,0x808051,0x040004,0x040004,0xc08051,
0xc08051,0xc08051,0xc08051,0xc08051,0xc08051,0xc08051,0xc08051,0xc08051,
0xc08051,0xc08051,0xc08051,0xc08051,0xc08051,0xc08051,0x860004,0x860004,
0xc08054,0x040004,0x040004,0x808054,0x808054,0x808054,0x808054,0x808054,
0x808054,0x808054,0x808054,0x808054,0x808054,0x808054,0x808054,0x808054,
0x808054,0x808054,0x808054,0x808054,0x860004,0x860004,0x808054,0x808054,
0x808054,0x808054,0x808054,0x808054,0x808054,0x808054,0x808054,0x808054,
0x040004,0x040004,0xc08055,0x860004,0x860004,0xc08055,0xc08055,0x040004,
0x040004,0x808055,0x808055,0x808055,0x808055,0x808055,0x808055,0x808055,
0x808055,0x808055,0x808055,0x808055,0x808055,0x808055,0x808055,0x808055,
0x808055,0x808055,0x808055,0x808055,0x860004,0x860004,0x808101,0x808101,
0x808101,0x808101,0x808101,0x808101,0x808101,0x808101,0x808101,0x808101,
0x808101,0x808101,0x040004,0x040004,0xc08104,0xc08104,0xc08104,0xc08104,
0xc08104,0x860004,0x860004,0xc08104,0xc08104,0xc08104,0xc08104,0x040004,
0x040004,0x808104,0x808104,0x808104,0x808104,0x808104,0x808104,0x808104,
0x808104,0x808104,0x808104,0x808104,0x808104,0x808104,0x808104,0x808104,
0x808104,0x808104,0x808104,0x808104,0x808104,0x808104,0x808104,0x808104,
0x860004,0x860004,0x808104,0x808104,0x808104,0x808104,0x808104,0x808104,
0x808104,0x808104,0x808104,0x808104,0x808104,0x808104,0x808104,0x040004,
0x040004,0xc08105,0xc08105,0xc08105,0xc08105,0xc08105,0xc08105,0xc08105,
0x860004,0x860004,0xc08105,0xc08105,0xc08105,0xc08105,0xc08105,0x040004,
0x040004,0x808105,0x808105,0x808105,0x808105,0x808105,0x808105,0x808105,
0x808105,0x808105,0x808105,0x808105,0x808105,0x808105,0x808105,0x808105,
0x808105,0x808105,0x808105,0x808105,0x808105,0x808105,0x808105,0x808105,
0x808105,0x808105,0x860004,0x860004,0x808105,0x808105,0x808105,0x808105,
0x808105,0x808105,0x808105,0x808105,0x808105,0x808105,0x808105,0x808105,
0x808105,0x808105,0x040004,0x040004,0xc08110,0xc08110,0xc08110,0xc08110,
0xc08110,0xc08110,0xc08110,0xc08110,0xc08110,0x860004,0x860004,0xc08110,
0xc08110,0xc08110,0xc08110,0xc08110,0xc08110,0x040004,0x040004,0x808110,
0x808110,0x808110,0x808110,0x808110,0x808110,0x808110,0x808110,0x808110,
0x808110,0x808110,0x808110,0x808110,0x808110,0x808110,0x808110,0x808110,
0x808110,0x808110,0x808110,0x808110,0x808110,0x808110,0x808110,0x808110,
0x808110,0x808110,0x860004,0x860004,0x040004,0x040004,0xc08115,0xc08115,
0xc08115,0xc08115,0xc08115,0xc08115,0xc08115,0xc08115,0xc08115,0xc08115,
0xc08115,0xc08115,0xc08115,0x860004,0x860004,0xc08115,0xc08115,0xc08115,
0xc08115,0xc08115,0xc08115,0xc08115,0xc08115,0x040004,0x040004,0x808115,
0x808115,0x808115,0x808115,0x808115,0x808115,0x808115,0x808115,0x808115,
0x808115,0x808115,0x808115,0x808115,0x808115,0x808115,0x808140,0x808140,
0x808140,0x808140,0x808140,0x808140,0x808140,0x808140,0x808140,0x808140,
0x808140,0x808140,0x808140,0x808140,0x808140,0x808140,0x808140,0x808140,
0x808140,0xc08440,0xc08440,0xc08440,0xc08440,0xc08440,0xc08440,0xc08440,
0xc08440,0xc08440,0x2ad505,0x2ad505,0x2ad505,0x2ad505,0x2ad505,0x2ad505,
0x2ad505,0x029111,0x029111,0x029111,0x029111,0x029111,0x029111,0x029111,
0x029111,0x2ad505,0x2ad505,0x2ad505,0x2ad505,0x2ad505,0x2ad505,0x2ad505,
0x2ad505,0x2ad505,0x2ad505,0x2ad505,0x2ad505,0x2ad505,0x2ad505,0x2ad505,
0x2ad505,0x2ad505,0x2ad505,0x2ad505,0x2ad505,0xc08441,0xc08441,0xc08441,
0xc08441,0xc08441,0xc08441,0xc08441,0xc08441,0xc08441,0xc08441,0xc08441,
0xc08441,0xc08441,0xc08441,0xc08441,0xc08441,0xc08441,0xc08441,0xc08441,
0xc08441,0xc08441,0xc08441,0xc08441,0xc08441,0xc08441,0xc08441,0xc08441,
0xc08441,0xc08441,0xc08441,0xc08441,0xc08441,0xc08441,0xc08441,0xc08441,
0xc08441,0xc08441,0xc08441,0xc08441,0xc08441,0xc08441,0xc08441,0xc08441,
0xc08441,0xc08441,0xc08441,0xc08441,0xc08441,0xc08441,0xc08441,0xc08441,
0xc08441,0xc08441,0xc08441,0xc08441,0xc08441,0xc08441,0xc08441,0xc08441,
0xc08441,0xc08441,0xc08441,0xc08441,0xc08450,0xc08450,0xc08450,0xc08450,
0xc08450,0xc08450,0xc08450,0xc08450,0xc08450,0xc08450,0xc08450,0xc08450,
0xc08450,0xc08450,0xc08450,0xc08450,0xc08450,0xc08450,0x808451,0x808451,
0x808451,0x808451,0x808451,0x808451,0x808451,0x808451,0x808451,0x029411,
0x029411,0x029411,0x029411,0x029411,0x029411,0x029411,0x029411,0x029411,
0x029411,0x029411,0x808451,0x808451,0x808451,0x808451,0x808451,0x808451,
0x029141,0x029141,0x029141,0x029141,0x029141,0x6ad510,0x6ad510,0x6ad510,
0x6ad510,0x6ad510,0x6ad510,0x6ad510,0x6ad510,0x6ad510,0x6ad510,0x6ad510,
0x6ad510,0x029150,0x029150,0x029150,0x029150,0x029150,0x029150,0x029150,
0x029150,0x029150,0x029150,0x6ad510,0x6ad510,0x6ad510,0x6ad510,0x6ad510,
0x6ad510,0x6ad510,0x6ad510,0x6ad510,0x6ad510,0x6ad510,0x6ad510,0x6ad510,
0x6ad510,0x000000,0x029405,0x029405,0x029405,0x029405,0x029155,0x029155,
0x029155,0x029155,0x029155,0x029155,0x029155,0x029155,0x029155,0x029155,
0x029155,0x029155,0x029155,0x029155,0x029155,0x6ad511,0x6ad511,0x808451,
0x808451,0x808451,0x808451,0x808451,0x808451,0x808451,0xc08451,0xc08451,
0xc08451,0xc08451,0xc08451,0xc08451,0xc08451,0xc08451,0xc08451,0xc08451,
0xc08451,0xc08451,0xc08451,0xc00303,0x100000,0x029410,0x029410,0x029410,
0x029410,0x029410,0x029410,0x029410,0x029410,0x029410,0x029410,0x029410,
0x029410,0x029410,0x029410,0x029410,0x6ad511,0x6ad511,0x6ad511,0x6ad511,
0x6ad511,0x6ad511,0xc08455,0xc08455,0xc08455,0xc08455,0xc08455,0xc08455,
0xc08455,0xc08455,0xc08455,0xc08455,0xc08455,0x808500,0x808500,0x808500,
0x808500,0x808500,0xc08500,0xc08500,0xc08500,0xc08500,0xc08500,0xc08500,
0xc08500,0xc08500,0xc08500,0x12000f,0x080000,0x080000,0x02c045,0x02c045,
0x02c045,0x02c045,0x02c045,0x02c045,0x02c045,0x02c045,0x02c045,0x02c045,
0x02c045,0x808414,0x808414,0x808414,0x808414,0x808414,0x808414,0x808414,
0x2ad450,0x2ad450,0x2ad450,0x2ad450,0x2ad450,0x2ad450,0x2ad450,0x2ad450,
0x2ad450,0x2ad450,0x2ad450,0x12001b,0x090000,0x090000,0x02c045,0x02c045,
0x02c045,0x02c045,0x02c045,0x02c045,0x02c045,0x02c045,0x02c045,0x02c045,
0x02c045,0x02c045,0x02c045,0x808414,0x808414,0x808414,0x808414,0x808414,
0x808414,0x808414,0x12001f,0x0c0000,0x0c0000,0x02c045,0x02c045,0x02c045,
0x02c045,0x02c045,0x02c045,0x02c045,0x02c045,0x02c045,0x02c045,0x02c045,
0x02c045,0x02c045,0x02c045,0x02c045,0x808414,0x808414,0x808414,0x808414,
0x808414,0x808414,0x808414,0x12004b,0x0d0000,0x0d0000,0x02c050,0x808414,
0x808414,0x808414,0x808414,0x808414,0x808414,0x808414,0x100005,0x02c045,
0x02c045,0x02c045,0x02c045,0x02c045,0x02c045,0x02c045,0x02c045,0x02c045,
0x02c045,0x02c045,0x100011,0x02c045,0x02c045,0x02c045,0x02c045,0x02c045,
0x02c045,0x02c045,0x02c045,0x02c045,0x02c045,0x02c045,0x02c045,0x02c045,
0x100015,0x02c045,0x02c045,0x02c045,0x02c045,0x02c045,0x02c045,0x02c045,
0x02c045,0x02c045,0x02c045,0x02c045,0x02c045,0x02c045,0x02c045,0x02c045,
0x100041,0x02c050,0x150005,0x150005,0x029000,0x029000,0x029000,0x029000,
0x029000,0x029000,0x029000,0x150005,0x150005,0x029000,0x029000,0x029000,
0x029000,0x029000,0x029000,0x029000,0x02c014,0x02c014,0x02c014,0x02c014,
0x02c014,0x02c014,0x02c014,0x6ad515,0x6ad515,0x6ad515,0x6ad515,0x6ad515,
0x6ad515,0x6ad515,0x6ad515,0x6ad515,0x6ad515,0x6ad515,0x02c014,0x02c014,
0x02c014,0x02c014,0x02c014,0x02c014,0x02c014,0x02c014,0x02c014,0x02c014,
0xc08414,0xc08414,0xc08414,0xc08414,0xc08414,0x02c014,0x02c014,0x02c014,
0x02c014,0x02c014,0x02c014,0x02c014,0x02c014,0x02c014,0x02c014,0x02c014,
0x02c014,0xc08011,0xc08011,0xc08011,0xc08011,0xc08011,0xc08011,0xc08011,
0xc08011,0xc08011,0x029104,0x029104,0x029104,0x029104,0x029104,0x029104,
0x029104,0x029104,0x029104,0x029104,0x2ad454,0x2ad454,0x2ad454,0x2ad454,
0x2ad454,0x2ad454,0x07001f,0x02c014,0x02c014,0x02c014,0x02c014,0x02c014,
0x02c014,0x02c014,0x02c014,0x02c014,0x02c014,0x02c014,0x02c014,0x02c014,
0xc08011,0xc08011,0xc08011,0xc08011,0xc08011,0xc08011,0xc08011,0xc08011,
0xc08011,0x029105,0x029105,0x029105,0x029105,0x029105,0x029105,0x029105,
0x029105,0x029105,0x2ad454,0x2ad454,0x2ad454,0x2ad454,0x46001f,0x02c014,
0x02c014,0x02c014,0x02c014,0x02c014,0x02c014,0x02c014,0x02c014,0x02c014,
0x02c014,0x02c014,0x02c014,0x02c014,0x02c014,0xc08011,0xc08011,0xc08011,
0xc08011,0xc08011,0xc08011,0xc08011,0xc08011,0xc08011,0x029110,0x2ad454,
0x2ad454,0x02c014,0x02c014,0x02c014,0x02c014,0x02c014,0x02c014,0x02c014,
0x02c014,0x02c014,0x02c014,0x02c014,0x02c014,0xc08011,0xc08011,0xc08011,
0xc08011,0xc08011,0xc08011,0xc08011,0xc08011,0xc08011,0x029110,0x029110,
0x029110,0x029110,0x029110,0x029110,0x029110,0x029110,0x029110,0x2ad505,
0x2ad505,0x2ad505,0x2ad505,0x2ad505,0x2ad505,0x2ad505,0x2ad505,0x2ad505,
0x2ad505,0x2ad505,0x2ad505,0x07004a,0x02c014,0x02c014,0x02c014,0x02c014,
0x02c014,0x02c014,0x02c014,0x02c014,0x02c014,0x02c014,0x02c014,0x02c014,
0x02c014,0xc08011,0xc08011,0xc08011,0xc08011,0xc08011,0xc08011,0xc08011,
0xc08011,0xc08011,0x029111,0x029104,0x029104,0x029104,0x029104,0x029104,
0x029104,0x029104,0x029104,0x029104,0x2ad505,0x2ad505,0x2ad505,0x2ad505,
0x2ad505,0x2ad505,0x2ad505,0x2ad505,0x2ad505,0x2ad505,0x46004a,0x02c014,
0x02c014,0x02c014,0x02c014,0x02c014,0x02c014,0x02c014,0x02c014,0x02c014,
0x02c014,0x02c014,0x02c014,0x02c014,0x02c014,0xc08011,0xc08011,0xc08011,
0xc08011,0xc08011,0xc08011,0xc08011,0xc08011,0xc08011,0x029111,0x029111,
0x029111,0x029111,0x029111,0x029111,0x029111,0x029111,0x029111,0x2ad505,
0x2ad505,0x2ad505,0x2ad505,0x2ad505,0x2ad505,0x2ad505,0x2ad505,0x02c014,
0x02c014,0x02c014,0x02c014,0x02c014,0x02c014,0x02c014,0x02c014,0x02c014,
0x02c014,0x02c014,0x02c014,0xc08011,0xc08011,0xc08011,0xc08011,0xc08011,
0xc08011,0xc08011,0xc08011,0xc08011,0x029114,0x6ad510,0x6ad510,0x6ad510,
0x6ad510,0x6ad510,0x6ad510,0x6ad510,0x6ad510,0x6ad510,0x6ad510,0x6ad510,
0x6ad510,0x6ad510,0x07004e,0x02c014,0x02c014,0x02c014,0x02c014,0x02c014,
0x02c014,0x02c014,0x02c014,0x02c014,0x02c014,0x02c014,0x02c014,0x02c014,
0xc08011,0xc08011,0xc08011,0xc08011,0xc08011,0xc08011,0xc08011,0xc08011,
0xc08011,0x029114,0x029114,0x029114,0x029114,0x029114,0x029114,0x029114,
0x029114,0x029114,0x2ad454,0x2ad454,0x2ad454,0x2ad454,0x2ad454,0x2ad454,
0x2ad454,0x2ad454,0x46004e,0x02c014,0x02c014,0x02c014,0x02c014,0x02c014,
0x02c014,0x02c014,0x02c014,0x02c014,0x02c014,0x02c014,0x02c014,0x02c014,
0x02c014,0xc08011,0xc08011,0xc08011,0xc08011,0xc08011,0xc08011,0xc08011,
0xc08011,0xc08011,0x029115,0x6ad444,0x6ad444,0x6ad444,0x6ad444,0x6ad444,
0x6ad444,0x6ad444,0x6ad444,0x6ad444,0x6ad444,0x02c011,0x02c011,0x02c011,
0x02c011,0x02c011,0x02c011,0x02c011,0x02c011,0x02c011,0x02c011,0x02c011,
0x02c011,0x02c011,0x02c011,0x02c011,0xc08011,0xc08011,0xc08011,0xc08011,
0xc08011,0xc08011,0xc08011,0xc08011,0xc08011,0x029115,0x029115,0x029115,
0x029115,0x029115,0x029115,0x029115,0x029115,0x029115,0x6ad450,0x6ad450,
0x6ad450,0x6ad450,0x6ad450,0x6ad450,0x6ad450,0x6ad450,0x6ad450,0x6ad450,
0x6ad450,0x6ad450,0x6ad450,0x07004f,0xc08011,0xc08011,0xc08011,0xc08011,
0xc08011,0xc08011,0xc08011,0xc08011,0xc08011,0x029140,0x029140,0x029140,
0x029140,0x029140,0x029140,0x029140,0x029140,0x029140,0x029140,0x6ad451,
0x6ad451,0x6ad451,0x6ad451,0x6ad451,0x02c014,0x02c014,0x02c014,0x02c014,
0x02c014,0x02c014,0x02c014,0x02c014,0x02c014,0x02c014,0x02c014,0x02c014,
0xc08011,0xc08011,0xc08011,0xc08011,0xc08011,0xc08011,0xc08011,0xc08011,
0xc08011,0x029141,0x029141,0x029141,0x029141,0x029141,0x029141,0x029141,
0x029141,0x029141,0x029141,0x029141,0x029141,0x029141,0x029141,0x6ad510,
0x6ad510,0x6ad510,0x6ad510,0x6ad510,0x6ad510,0x6ad510,0x6ad510,0x6ad510,
0x6ad510,0x6ad510,0x6ad510,0x6ad510,0x6ad510,0x6ad510,0x07005a,0x02c014,
0x02c014,0x02c014,0x02c014,0x02c014,0x02c014,0x02c014,0x02c014,0x02c014,
0x02c014,0x02c014,0x02c014,0x02c014,0xc08011,0xc08011,0xc08011,0xc08011,
0xc08011,0xc08011,0xc08011,0xc08011,0xc08011,0x029144,0x029144,0x029144,
0x029144,0x029144,0x029144,0x2ad454,0x2ad454,0x2ad454,0x2ad454,0x2ad454,
0x2ad454,0x2ad454,0x2ad454,0x2ad454,0x2ad454,0x46005a,0x02c014,0x02c014,
0x02c014,0x02c014,0x02c014,0x02c014,0x02c014,0x02c014,0x02c014,0x02c014,
0x02c014,0x02c014,0x02c014,0x02c014,0xc08011,0xc08011,0xc08011,0xc08011,
0xc08011,0xc08011,0xc08011,0xc08011,0xc08011,0x029144,0x029144,0x029144,
0x029144,0x029144,0x029144,0x029144,0x029144,0x029144,0x029144,0x029144,
0x029144,0x029144,0x029144,0x6ad444,0x6ad444,0x6ad444,0x6ad444,0x6ad444,
0x6ad444,0x6ad444,0x6ad444,0x6ad444,0x6ad444,0x6ad444,0x6ad444,0x02c011,
0x02c011,0x02c011,0x02c011,0x02c011,0x02c011,0x02c011,0x02c011,0x02c011,
0x02c011,0x02c011,0x02c011,0x02c011,0x02c011,0x02c011,0xc08011,0xc08011,
0xc08011,0xc08011,0xc08011,0xc08011,0xc08011,0xc08011,0xc08011,0x029145,
0x029145,0x029145,0x029145,0x029145,0x029145,0x6ad450,0x6ad450,0x6ad450,
0x6ad450,0x6ad450,0x6ad450,0x6ad450,0x6ad450,0x6ad450,0x6ad450,0x6ad450,
0x6ad450,0x6ad450,0x6ad450,0x6ad450,0x07005b,0xc08011,0xc08011,0xc08011,
0xc08011,0xc08011,0xc08011,0xc08011,0xc08011,0xc08011,0x029145,0x029145,
0x029145,0x029145,0x029145,0x029145,0x029145,0x029145,0x029145,0x029145,
0x029145,0x029145,0x029145,0x029145,0x029145,0x6ad451,0x6ad451,0x6ad451,
0x6ad451,0x6ad451,0x6ad451,0x6ad451,0x02c014,0x02c014,0x02c014,0x02c014,
0x02c014,0x02c014,0x02c014,0x02c014,0x02c014,0x02c014,0x02c014,0x02c014,
0xc08011,0xc08011,0xc08011,0xc08011,0xc08011,0xc08011,0xc08011,0xc08011,
0xc08011,0x029151,0x029151,0x029151,0x6ad511,0x6ad511,0x6ad511,0x07005e,
0x02c014,0x02c014,0x02c014,0x02c014,0x02c014,0x02c014,0x02c014,0x02c014,
0x02c014,0x02c014,0x02c014,0x02c014,0x02c014,0xc08011,0xc08011,0xc08011,
0xc08011,0xc08011,0xc08011,0xc08011,0xc08011,0xc08011,0x029151,0x029151,
0x029151,0x029151,0x029151,0x029151,0x029151,0x029151,0x029151,0x029151,
0x029151,0x2ad454,0x2ad454,0x2ad454,0x2ad454,0x2ad454,0x2ad454,0x2ad454,
0x2ad454,0x2ad454,0x2ad454,0x2ad454,0x2ad454,0x2ad454,0x2ad454,0x46005e,
0x02c014,0x02c014,0x02c014,0x02c014,0x02c014,0x02c014,0x02c014,0x02c014,
0x02c014,0x02c014,0x02c014,0x02c014,0x02c014,0x02c014,0xc08011,0xc08011,
0xc08011,0xc08011,0xc08011,0xc08011,0xc08011,0xc08011,0xc08011,0x029154,
0x029154,0x029154,0x02c011,0x02c011,0x02c011,0x02c011,0x02c011,0x02c011,
0x02c011,0x02c011,0x02c011,0x02c011,0x02c011,0x02c011,0x02c011,0x02c011,
0x02c011,0xc08011,0xc08011,0xc08011,0xc08011,0xc08011,0xc08011,0xc08011,
0xc08011,0xc08011,0x029154,0x029154,0x029154,0x029154,0x029154,0x029154,
0x029154,0x029154,0x029154,0x029154,0x029154,0x6ad451,0x6ad451,0x6ad451,
0x07005f,0xc08011,0xc08011,0xc08011,0xc08011,0xc08011,0xc08011,0xc08011,
0xc08011,0xc08011,0x029155,0x029155,0x029155,0x029155,0x6ad451,0x6ad451,
0x6ad451,0x6ad451,0x6ad451,0x6ad451,0x6ad451,0x6ad451,0x6ad451,0x6ad451,
0x6ad451,0x02c014,0x02c014,0x02c014,0x02c014,0x02c014,0x02c014,0x02c014,
0x02c014,0x02c014,0x02c014,0x02c014,0x02c014,0xc08011,0xc08011,0xc08011,
0xc08011,0xc08011,0xc08011,0xc08011,0xc08011,0xc08011,0x029400,0x029400,
0x029400,0x029400,0x029400,0x029400,0x029400,0x029400,0x6ad511,0x07010a,
0x02c014,0x02c014,0x02c014,0x02c014,0x02c014,0x02c014,0x02c014,0x02c014,
0x02c014,0x02c014,0x02c014,0x02c014,0x02c014,0xc08011,0xc08011,0xc08011,
0xc08011,0xc08011,0xc08011,0xc08011,0xc08011,0xc08011,0x2ad454,0x2ad454,
0x2ad454,0x2ad454,0x2ad454,0x2ad454,0x2ad454,0x2ad454,0x2ad454,0x2ad454,
0x2ad454,0x2ad454,0x46010a,0x02c014,0x02c014,0x02c014,0x02c014,0x02c014,
0x02c014,0x02c014,0x02c014,0x02c014,0x02c014,0x02c014,0x02c014,0x02c014,
0x02c014,0xc08011,0xc08011,0xc08011,0xc08011,0xc08011,0xc08011,0xc08011,
0xc08011,0xc08011,0x029401,0x029401,0x029401,0x029401,0x029401,0x029401,
0x029401,0x029401,0x6ad444,0x6ad444,0x6ad444,0x6ad444,0x6ad444,0x6ad444,
0x6ad444,0x6ad444,0x6ad444,0x6ad444,0x6ad444,0x6ad444,0x6ad444,0x6ad444,
0x02c011,0x02c011,0x02c011,0x02c011,0x02c011,0x02c011,0x02c011,0x02c011,
0x02c011,0x02c011,0x02c011,0x02c011,0x02c011,0x02c011,0x02c011,0xc08011,
0xc08011,0xc08011,0xc08011,0xc08011,0xc08011,0xc08011,0xc08011,0xc08011,
0x6ad451,0x07010b,0xc08011,0xc08011,0xc08011,0xc08011,0xc08011,0xc08011,
0xc08011,0xc08011,0xc08011,0x029404,0x029404,0x029404,0x029404,0x029404,
0x029404,0x029404,0x029404,0x029404,0x029404,0x6ad451,0x6ad451,0x6ad451,
0x6ad451,0x6ad451,0x6ad451,0x6ad451,0x6ad451,0x6ad451,0x02c015,0x02c015,
0x02c015,0x02c015,0x02c015,0x02c015,0x02c015,0x02c015,0x02c015,0x02c015,
0xc08011,0xc08011,0xc08011,0xc08011,0xc08011,0xc08011,0xc08011,0xc08011,
0xc08011,0x029405,0x029405,0x029405,0x029405,0x029405,0x029405,0x029405,
0x029405,0x029405,0x029405,0x029405,0x029405,0x029405,0x2ad444,0x2ad444,
0x2ad444,0x2ad444,0x2ad444,0x2ad444,0x2ad444,0x2ad444,0x02c015,0x02c015,
0x02c015,0x02c015,0x02c015,0x02c015,0x02c015,0x02c015,0x02c015,0x02c015,
0x02c015,0x02c015,0x02c015,0xc08011,0xc08011,0xc08011,0xc08011,0xc08011,
0xc08011,0xc08011,0xc08011,0xc08011,0x029410,0x029410,0x029410,0x2ad444,
0x2ad444,0x2ad444,0x2ad444,0x2ad444,0x2ad444,0x2ad444,0x02c015,0x02c015,
0x02c015,0x02c015,0x02c015,0x02c015,0x02c015,0x02c015,0x02c015,0x02c015,
0x02c015,0x02c015,0x02c015,0x02c015,0xc08011,0xc08011,0xc08011,0xc08011,
0xc08011,0xc08011,0xc08011,0xc08011,0xc08011,0x2ad515,0x2ad515,0x2ad515,
0x2ad515,0x2ad515,0x2ad515,0x2ad515,0x2ad515,0x2ad515,0x2ad515,0x029410,
0x029410,0x029410,0x029410,0x029410,0x029410,0x029410,0x029410,0x029410,
0x6ad511,0x6ad511,0x6ad511,0x6ad511,0x6ad511,0x6ad511,0x6ad511,0x02c014,
0x02c014,0x02c014,0x02c014,0x02c014,0x02c014,0x6ad515,0x6ad515,0x6ad515,
0x6ad515,0x6ad515,0x6ad515,0x6ad515,0x6ad515,0x02c014,0x02c014,0x02c014,
0x02c014,0x02c014,0x02c014,0x02c014,0x02c014,0xc08011,0xc08011,0xc08011,
0xc08011,0xc08011,0xc08011,0xc08011,0xc08011,0xc08011,0x029411,0x2ad451,
0x2ad451,0x2ad451,0x2ad451,0x2ad451,0x2ad451,0x2ad451,0x2ad451,0x2ad451,
0x2ad451,0x2ad451,0x2ad451,0x2ad451,0x2ad451,0x2ad451,0x02c014,0x02c014,
0x02c014,0x02c014,0x02c014,0x02c014,0x02c014,0x02c014,0x02c014,0xc08011,
0xc08011,0xc08011,0xc08011,0xc08011,0xc08011,0xc08011,0xc08011,0xc08011,
0x029411,0x029411,0x029411,0x029411,0x02c015,0x02c015,0x02c015,0x02c015,
0x02c015,0x02c015,0x02c015,0xc08011,0xc08011,0xc08011,0xc08011,0xc08011,
0xc08011,0xc08011,0xc08011,0xc08011,0x029411,0x029411,0x029411,0x029411,
0x029411,0x029411,0x029411,0x029411,0x029411,0x029411,0x029411,0x029411,
0x2ad510,0x2ad510,0x2ad510,0x2ad510,0x2ad510,0x2ad510,0x2ad510,0x2ad510,
0x2ad510,0x2ad510,0x2ad510,0x02c015,0x02c015,0x02c015,0x02c015,0xc08011,
0xc08011,0xc08011,0xc08011,0xc08011,0xc08011,0xc08011,0xc08011,0xc08011,
0x029411,0x029411,0x029411,0x029411,0x029411,0x029411,0x6ad445,0x6ad445,
0x6ad445,0x6ad445,0x6ad445,0x6ad445,0x6ad445,0x6ad445,0x6ad445,0x6ad445,
0x02c015,0x02c015,0x02c015,0x02c015,0x02c015,0xc08011,0xc08011,0xc08011,
0xc08011,0xc08011,0xc08011,0xc08011,0xc08011,0xc08011,0x029411,0x029411,
0x029411,0x029411,0x029411,0x029411,0x029411,0x029411,0x029411,0x029411,
0x2ad450,0x2ad450,0x2ad450,0x12005f,0x6ad515,0x6ad515,0x6ad515,0x6ad515,
0x6ad515,0x6ad515,0x6ad515,0x6ad515,0x6ad451,0x6ad451,0x6ad451,0x6ad451,
0x6ad451,0x6ad451,0x6ad451,0x6ad451,0x6ad451,0x6ad451,0x6ad451,0x6ad451,
0x6ad451,0x6ad451,0x6ad451,0x6ad451,0x6ad451,0x6ad451,0x6ad451,0x6ad451,
0x6ad451,0x6ad451,0x6ad451,0x6ad451,0x6ad451,0x000005,0x029411,0x029411,
0x029411,0x029411,0x029411,0x029411,0x029411,0x029411,0x029411,0x029411,
0x029411,0x029411,0x029411,0x029411,0x029411,0x010400,0x010400,0x2ad515,
0x2ad515,0x2ad515,0x2ad515,0x2ad515,0x2ad515,0x2ad515,0x2ad515,0x2ad515,
0x2ad515,0x2ad515,0x2ad515,0x2ad515,0x150000,0x150000,0x029411,0x029411,
0x029411,0x029411,0x029411,0x029411,0x029411,0x029411,0x029411,0x029411,
0x029411,0x029411,0x029411,0x140000,0x029411,0x029411,0x140000,0x029411,
0x029411,0x029411,0x500000,0x02c011,0x02c011,0x02c011,0x02c011,0x02c011,
0x02c011,0x02c011,0x02c011,0x02c011,0x02c011,0x02c011,0x02c011,0x02c011,
0x050000,0x02c011,0x02c011,0x02c011,0x02c011,0x02c011,0x02c011,0x02c011,
0x02c011,0x02c011,0x02c011,0x02c011,0x02c011,0x02c011,0x02c011,0x02c014,
0x02c014,0x02c014,0x02c014,0x02c014,0x02c014,0x02c014,0x02c014,0x02c014,
0x02c014,0x02c014,0x02c014,0x02c014,0x02c014,0x02c014,0x02c014,0x02c014,
0x02c014,0x02c014,0x02c014,0x02c014,0x02c014,0x02c014,0x02c014,0x02c014,
0x02c014,0x02c014,0x02c014,0x02c014,0x02c014,0x02c014,0x02c014,0x02c014,
0x02c015,0x02c015,0x02c015,0x02c015,0x02c015,0x02c015,0x02c014,0x02c014,
0x02c014,0x02c014,0x02c014,0x02c014,0x02c014,0x02c014,0x17000f,0x17000f,
0x02c054,0x02c054,0x02c054,0x02c054,0x02c054,0x02c054,0x02c054,0xc08414,
0xc08414,0xc08414,0xc08414,0xc08414,0x029414,0x029414,0x029414,0x029414,
0x029414,0x029414,0x029414,0x029414,0x029414,0x029414,0x029414,0x029414,
0x029414,0x17001b,0x17001b,0x02c054,0x02c054,0x02c054,0x02c054,0x02c054,
0x02c054,0x02c054,0x02c054,0x02c054,0xc08414,0xc08414,0xc08414,0xc08414,
0xc08414,0x029414,0x029414,0x029414,0x029414,0x029414,0x029414,0x029414,
0x029414,0x029414,0x029414,0x029414,0x029414,0x029414,0x028105,0x028105,
0x028105,0x028105,0x028105,0x12001f,0x02c041,0x2ad114,0x2ad114,0x2ad114,
0x2ad114,0x2ad114,0x2ad114,0x2ad114,0x2ad114,0x029415,0x029415,0x029415,
0x029415,0x029415,0x029415,0x029415,0x029415,0x029415,0x029415,0x2ad454,
0x2ad454,0x2ad454,0x2ad454,0x2ad454,0x2ad454,0x2ad454,0x2ad454,0x2ad454,
0x2ad454,0x2ad454,0x2ad454,0x2ad454,0x2ad454,0x2ad454,0x028105,0x028105,
0x028105,0x028105,0x028105,0x028110,0x028110,0x028110,0x028110,0x028110,
0x028110,0x028110,0x028110,0x028110,0x028110,0x028110,0x028110,0x028110,
0x028110,0x028110,0x12004f,0x02c041,0x02c041,0x02c041,0x02c041,0x02c041,
0x2ad114,0x2ad114,0x2ad114,0x2ad114,0x2ad114,0x2ad114,0x2ad114,0x2ad114,
0x029415,0x029415,0x029415,0x029415,0x029415,0x029415,0x029415,0x029415,
0x029415,0x029415,0x029415,0x029415,0x2ad455,0x2ad455,0x2ad455,0x028110,
0x028110,0x028110,0x028110,0x028110,0x028110,0x028110,0x028110,0x028110,
0x028110,0x028110,0x028110,0x028110,0x028110,0x028110,0x028510,0x028510,
0x028510,0x028510,0x028510,0x028510,0x028510,0x028510,0x028510,0x028510,
0x028510,0x028510,0x028510,0x17001f,0x17001f,0x0d0000,0x0d0000,0x2ad114,
0x2ad114,0x2ad114,0x2ad114,0x2ad114,0x2ad114,0x2ad114,0x2ad114,0x029441,
0x029441,0x2ad455,0x2ad455,0x2ad455,0x2ad455,0x2ad455,0x2ad455,0x2ad455,
0x2ad455,0x2ad455,0x2ad455,0x2ad455,0x2ad455,0x028510,0x028510,0x028510,
0x028510,0x028510,0x028510,0x028510,0x028510,0x028510,0x028510,0x028510,
0x028510,0x028510,0x150015,0x150015,0x02c050,0x02c050,0x02c050,0x02c050,
0x02c050,0x02c050,0x02c050,0x02c050,0x02c050,0x02c050,0x02c050,0x02c050,
0x02c050,0x028511,0x028511,0x028511,0x028511,0x028511,0x028511,0x028511,
0x028511,0x028511,0x17004b,0x17004b,0x0d0000,0x0d0000,0x2ad114,0x2ad114,
0x2ad114,0x2ad114,0x2ad114,0x2ad114,0x2ad114,0x2ad114,0x029441,0x029441,
0x029441,0x6ad455,0x6ad455,0x6ad455,0x6ad455,0x6ad455,0x6ad455,0x6ad455,
0x6ad455,0x6ad455,0x6ad455,0x6ad455,0x6ad455,0x6ad455,0x6ad455,0x6ad455,
0x6ad455,0x6ad455,0x6ad455,0x6ad455,0x6ad455,0x6ad455,0x028511,0x028511,
0x028511,0x028511,0x028511,0x028511,0x028511,0x028511,0x028511,0x150041,
0x150041,0x02c050,0x02c050,0x02c050,0x02c050,0x02c050,0x02c050,0x02c050,
0x02c050,0x02c050,0x02c050,0x02c050,0x02c050,0x02c050,0x02c050,0x02c050,
0x028510,0x17001b,0x17001b,0x0d0000,0x0d0000,0x2ad114,0x2ad114,0x2ad114,
0x2ad114,0x2ad114,0x2ad114,0x2ad114,0x2ad114,0x029441,0x2ad455,0x2ad455,
0x2ad455,0x2ad455,0x2ad455,0x2ad455,0x2ad455,0x2ad455,0x2ad455,0x2ad455,
0x2ad455,0x2ad455,0x2ad455,0x2ad455,0x2ad455,0x2ad455,0x2ad455,0x2ad455,
0x2ad455,0x2ad455,0x2ad455,0x2ad455,0x2ad455,0x2ad455,0x2ad455,0x2ad455,
0x2ad455,0x2ad455,0x2ad455,0x2ad455,0x2ad455,0x2ad455,0x2ad455,0x028510,
0x150011,0x150011,0x02c050,0x02c050,0x02c050,0x02c050,0x02c050,0x02c050,
0x02c050,0x02c050,0x02c050,0x02c050,0x02c050,0x028514,0x028514,0x028514,
0x028514,0x028514,0x17004f,0x17004f,0x0d0000,0x0d0000,0x2ad114,0x2ad114,
0x2ad114,0x2ad114,0x2ad114,0x2ad114,0x2ad114,0x2ad114,0x029441,0x029441,
0x029441,0x029441,0x000000,0x000000,0x000000,0x000000,0x000000,0x000000,
0x000000,0x000000,0x000000,0x000000,0x000000,0x000000,0x000000,0x000000,
0x000000,0x000000,0x000000,0x000000,0x000000,0x000000,0x000000,0x000000,
0x000000,0x000000,0x000000,0x000000,0x000000,0x000000,0x000000,0x000000,
0x000000,0x000000,0x000000,0x000000,0x000000,0x000000,0x000000,0x000000,
0x000000,0x000000,0x000000,0x000000,0x000000,0x000000,0x000000,0x000000,
0x000000,0x000000,0x000000,0x000000,0x000000,0x000000,0x000000,0x000000,
0x000000,0x000000,0x000000,0x000000,0x000000,0x000000,0x000000,0x000000,
0x000000,0x000000,0x000000,0x000000,0x000000,0x000000,0x000000,0x000000,
0x000000,0x000000,0x000000,0x000000,0x000000,0x000000,0x000000,0x000000,
0x000000,0x000000,0x000000,0x000000,0x000000,0x000000,0x000000,0x000000,
0x000000,0x000000,0x000000,0x000000,0x000000,0x000000,0x000000,0x000000,
0x000000,0x000000,0x000000,0x000000,0x000000,0x000000,0x000000,0x000000,
0x000000,0x000000,0x000000,0x000000,0x000000,0x000000,0x000000,0x000000,
0x000000,0x000000,0x000000,0x000000,0x000000,0x000000,0x000000,0x000000,
0x000000,0x000000,0x000000,0x000000,0x000000,0x000000,0x000000,0x000000,
0x000000,0x000000,0x000000,0x000000,0x000000,0x000000,0x000000,0x000000,
0x000000,0x000000,0x000000,0x000000,0x000000,0x000000,0x000000,0x000000,
0x000000,0x000000,0x000000,0x000000,0x000000,0x000000,0x000000,0x000000,
0x000000,0x000000,0x000000,0x000000,0x000000,0x000000,0x000000,0x000000,
0x000000,0x000000,0x000000,0x000000,0x000000,0x000000,0x000000,0x000000,
0x000000,0x000000,0x000000,0x000000,0x000000,0x000000,0x000000,0x000000,
0x000000,0x000000,0x000000,0x000000,0x000000,0x000000,0x000000,0x000000,
0x000000,0x000000,0x000000,0x000000,0x000000,0x000000,0x000000,0x000000,
0x000000,0x000000,0x000000,0x000000,0x000000,0x000000,0x000000,0x000000,
0x000000,0x000000,0x000000,0x000000,0x000000,0x000000,0x000000,0x000000,
0x000000,0x000000,0x000000,0x000000,0x000000,0x000000,0x000000,0x000000,
0x000000,0x000000,0x000000,0x000000,0x000000,0x000000,0x000000,0x000000,
0x000000,0x000000,0x000000,0x000000,0x000000,0x000000,0x000000,0x000000,
0x000000,0x000000,0x000000,0x000000,0x000000,0x000000,0x000000,0x000000,
0x000000,0x000000,0x000000,0x000000,0x000000,0x000000,0x000000,0x000000,
0x000000,0x000000,0x000000,0x000000,0x000000,0x000000,0x000000,0x000000,
0x000000,0x000000,0x000000,0x000000,0x000000,0x000000,0x000000,0x000000,
0x000000,0x000000,0x000000,0x000000,0x000000,0x000000,0x000000,0x000000,
0x000000,0x000000,0x000000,0x000000,0x000000,0x000000,0x000000,0x000000,
0x000000,0x000000,0x000000,0x000000,0x000000,0x000000,0x000000,0x000000,
0x000000,0x000000,0x000000,0x000000,0x000000,0x000000,0x000000,0x000000,
0x000000,0x000000,0x000000,0x000000,0x000000,0x000000,0x000000,0x000000,
0x000000,0x000000,0x000000,0x000000,0x000000,0x000000,0x000000,0x000000,
0x000000,0x000000,0x000000,0x000000,0x000000,0x000000,0x000000,0x000000,
0x000000,0x000000,0x000000,0x000000,0x000000,0x000000,0x000000,0x000000,
0x000000,0x000000,0x000000,0x000000,0x000000,0x000000,0x000000,0x000000,
0x000000,0x000000,0x000000,0x000000,0x000000,0x000000,0x000000,0x000000,
0x000000,0x000000,0x000000,0x000000,0x000000,0x000000,0x000000,0x000000,
0x000000,0x000000,0x000000,0x000000,0x000000,0x000000,0x000000,0x000000,
0x000000,0x000000,0x000000,0x000000,0x000000,0x000000,0x000000,0x000000,
0x000000,0x000000,0x000000,0x000000,0x000000,0x000000,0x000000,0x000000,
0x000000,0x000000,0x000000,0x000000,0x000000,0x000000,0x000000,0x000000,
0x000000,0x000000,0x000000,0x000000,0x000000,0x000000,0x000000,0x000000,
0x000000,0x000000,0x000000,0x000000,0x000000,0x000000,0x000000,0x000000,
0x000000,0x000000,0x000000,0x000000,0x000000,0x000000,0x000000,0x000000,
0x000000,0x000000,0x000000,0x000000,0x000000,0x000000,0x000000,0x000000,
0x000000,0x000000,0x000000,0x000000,0x000000,0x000000,0x000000,0x000000,
0x000000,0x000000,0x000000,0x000000,0x000000,0x000000,0x000000,0x000000,
0x000000,0x000000,0x000000,0x000000,0x000000,0x000000,0x000000,0x000000,
0x000000,0x000000,0x000000,0x000000,0x000000,0x000000,0x000000,0x000000,
0x000000,0x000000,0x000000,0x000000,0x000000,0x000000,0x000000,0x000000,
0x000000,0x000000,0x000000,0x000000,0x000000,0x000000,0x000000,0x000000,
0x000000,0x000000,0x000000,0x000000,0x000000,0x000000,0x000000,0x000000,
0x000000,0x000000,0x000000,0x000000,0x000000,0x000000,0x000000,0x000000,
0x000000,0x000000,0x000000,0x000000,0x000000,0x000000,0x000000,0x000000,
0x000000,0x000000,0x000000,0x000000,0x000000,0x000000,0x000000,0x000000,
0x000000,0x000000,0x000000,0x000000,0x000000,0x000000,0x000000,0x000000,
0x000000,0x000000,0x000000,0x000000,0x000000,0x000000,0x000000,0x000000,
0x000000,0x000000,0x000000,0x000000,0x000000,0x000000,0x000000,0x000000,
0x000000,0x000000,0x000000,0x000000,0x000000,0x000000,0x000000,0x000000,
0x000000,0x000000,0x000000,0x000000,0x000000,0x000000,0x000000,0x000000,
0x000000,0x000000,0x000000,0x000000,0x000000,0x000000,0x000000,0x000000,
0x000000,0x000000,0x000000,0x000000,0x000000,0x000000,0x000000,0x000000,
0x000000,0x000000,0x000000,0x000000,0x000000,0x000000,0x000000,0x000000,
0x000000,0x000000,0x000000,0x000000,0x000000,0x000000,0x000000,0x000000,
0x000000,0x000000,0x000000,0x000000,0x000000,0x000000,0x000000,0x000000,
0x000000,0x000000,0x000000,0x000000,0x000000,0x000000,0x000000,0x000000,
0x000000,0x000000,0x000000,0x000000,0x000000,0x000000,0x000000,0x000000,
0x000000,0x000000,0x000000,0x000000,0x000000,0x000000,0x000000,0x000000,
0x000000,0x000000,0x000000,0x000000,0x000000,0x000000,0x000000,0x000000,
0x000000,0x000000,0x000000,0x000000,0x000000,0x000000,0x000000,0x000000,
0x000000,0x000000,0x000000,0x000000,0x000000,0x000000,0x000000,0x000000,
0x000000,0x000000,0x000000,0x000000,0x000000,0x000000,0x000000,0x000000,
0x000000,0x000000,0x000000,0x000000,0x000000,0x000000,0x000000,0x000000,
0x000000,0x000000,0x000000,0x000000,0x000000,0x000000,0x000000,0x000000,
0x000000,0x000000,0x000000,0x000000,0x000000,0x000000,0x000000,0x000000,
0x000000,0x000000,0x000000,0x000000,0x000000,0x000000,0x000000,0x000000,
0x000000,0x000000,0x000000,0x000000,0x000000,0x000000,0x000000,0x000000,
0x000000,0x000000,0x000000,0x000000,0x000000,0x000000,0x000000,0x000000,
0x000000,0x000000,0x000000,0x000000,0x000000,0x000000,0x000000,0x000000,
0x000000,0x000000,0x000000,0x000000,0x000000,0x000000,0x000000,0x000000,
0x000000,0x000000,0x000000,0x000000,0x000000,0x000000,0x000000,0x000000,
0x000000,0x000000,0x000000,0x000000,0x000000,0x000000,0x000000,0x000000,
0x000000,0x000000,0x000000,0x000000,0x000000,0x000000,0x000000,0x000000,
0x000000,0x000000,0x000000,0x000000,0x000000,0x000000,0x000000,0x000000,
0x000000,0x000000,0x000000,0x000000,0x000000,0x000000,0x000000,0x000000,
0x000000,0x000000,0x000000,0x000000,0x000000,0x000000,0x000000,0x000000,
0x000000,0x000000,0x000000,0x000000,0x000000,0x000000,0x000000,0x000000,
0x000000,0x000000,0x000000,0x000000,0x000000,0x000000,0x000000,0x000000,
0x000000,0x000000,0x000000,0x000000,0x000000,0x000000,0x000000,0x000000,
0x000000,0x000000,0x000000,0x000000,0x000000,0x000000,0x000000,0x000000,
0x000000,0x000000,0x000000,0x000000,0x000000,0x000000,0x000000,0x000000,
0x000000,0x000000,0x000000,0x000000,0x000000,0x000000,0x000000,0x000000,
0x000000,0x000000,0x000000,0x000000,0x000000,0x000000,0x000000,0x000000,
0x000000,0x000000,0x000000,0x000000,0x000000,0x000000,0x000000,0x000000,
0x000000,0x000000,0x000000,0x000000,0x000000,0x000000,0x000000,0x000000,
0x000000,0x000000,0x000000,0x000000,0x000000,0x000000,0x000000,0x000000,
0x000000,0x000000,0x000000,0x000000,0x000000,0x000000,0x000000,0x000000,
0x000000,0x000000,0x000000,0x000000,0x000000,0x000000,0x000000,0x000000,
0x000000,0x000000,0x000000,0x000000,0x000000,0x000000,0x000000,0x000000,
0x000000,0x000000,0x000000,0x000000,0x000000,0x000000,0x000000,0x000000,
0x585858,0x580000,0x000000,0x000000,0x000000,0x000000,0x000000,0x000000,
0x200100,0x000000,0x008000,0x000000,0xf0f0f0,0x000000,0xf00040,0x404000,
0x883e26,0x00f9f9,0x0a0000,0x000000,0x000000,0x000000,0x000000,0x000000,
0x000000,0x000000,0x000000,0x000000,0x000000,0x000000,0x000000,0x000000,
0xfefefe,0x00c49e,0x8d0084,0x321000,0x83300e,0x000000,0x000000,0x000000,
0x000000,0x000000,0x000000,0x000000,0x000000,0x000000,0x000000,0x000000,
0x000000,0x000000,0x000000,0x000000,0x000000,0x000000,0x000000,0x000000,
0x000000,0x000000,0x000000,0x000000,0x000000,0x000000,0x000000,0x000000,
0x000000,0x000000,0x000000,0x000000,0x000000,0x000000,0x000000,0x000000,
0x000000,0x000000,0x000000,0x000000,0x000000,0x000000,0x000000,0x000000,
0x000000,0x000000,0x000000,0x000000,0x000000,0x000000,0x000000,0x000000,
0x000000,0x000000,0x000000,0x000000,0x000000,0x000000,0x000000,0x000000,
0x585858,0x580000,0x000000,0x000000,0x000000,0x00f0ff,0xff9f00,0x000000,
0xf089b0,0x1e0000,0x00005c,0xefc0cd,0x5407c9,0x4ed8df,0x0c8000,0x000000,
0xd8df0c,0x800000,0x000010,0x764f81,0x000000,0x000000,0x000000,0x000000,
0xb86c10,0x800000,0x000000,0x1e4f2c,0xd55cec,0x686e1e,0x4f2cd5,0x5cec68,
0xf0ffff,0x9f0000,0x0000a0,0x89b01e,0x000000,0x003b64,0x8dacb6,0xc6eed2,
0xf91fa4,0x13b6c6,0xeed2b0,0xad04e8,0x20d7c0,0x07e8c5,0xc37420,0xd7c007,
0x000000,0x000000,0x000058,0xe00c80,0x000000,0x0058e0,0x0c8000,0x000000,
0x80764f,0x810000,0x000000,0x000000,0x000000,0x00286d,0x108000,0x000000,
0x000000,0x000000,0x000000,0x000000,0x000000,0x00f0ff,0xff9f00,0x000000,
0x3089b0,0x1e0000,0x000000,0x000000,0x000000,0x000000,0x000000,0x000000,
0x000000,0x000000,0x000000,0x000000,0x000000,0x005858,0x585800,0x000000,
0x000000,0x000000,0x000092,0x4e2d6d,0x8d75db,0x7f92ee,0x50ee8d,0x75db7f,
0x88a8a2,0xf1caea,0x30fbf8,0xfa3852,0x889d90,0x5b8a7c,0x6b9565,0xed9540,
0xf6a8ea,0x4565ed,0x9540c6,0x966ea6,0xdb6fc4,0xb7492f,0xf746db,0x6fc4b7,
0x3cd29e,0x0e2abc,0x310b4c,0xa55eb3,0x2abc31,0x0b610d,0x8c2d64,0x9b91aa,
0x4043a9,0x37649b,0x91aaa8,0x415abf,0x060b84,0x32309d,0x6a3706,0x0b8432,
0x9b96c8,0xcb66aa,0xf42a85,0xe4ed83,0x66aaf4,0x2a0000,0x000000,0x000000,
0x000000,0x000000,0x0000f0,0xffff9f,0x000000,0x006088,0xb01e00,0x000000,
0x000000,0x000000,0x000000,0x000000,0x000000,0x000000,0x000000,0x000000,
0x000000,0x000000,0x000000,0x000000,0x000000,0x000000,0x000000,0x000000,
0x000000,0x000000,0x000000,0x000000,0x000000,0x000000,0x000000,0x000000,
0x000000,0x000000,0x000000,0x000000,0x000000,0x000000,0x000000,0x000000,
0xf637ed,0x12fd43,0xac59f6,0x37ed12,0xfd43ac,0x59101b,0x0ce8b4,0xf22da0,
0x101b0c,0xe8b4f2,0x2da019,0xf30b05,0xfda069,0x1f19f3,0x0b05fd,0xa0691f,
0xfcc3b7,0x5df683,0xbd39fc,0xc3b75d,0xf683bd,0x390993,0x71728b,0x13eb8e,
0x099371,0x728b13,0xeb8ebe,0x02f3d5,0x703cbd,0xdfbe02,0xf3d570,0x3cbddf,
0xf30123,0x7f3f52,0xc1b2f3,0x01237f,0x3f52c1,0xb2c127,0xb7d9fc,0x15d938,
0xc127b7,0xd9fc15,0xd93800,0x000000,0x000000,0x000000,0x000000,0x000000,
0x000000,0x000000,0x000000,0x000000,0x000000,0x000000,0x000000,0x000000,
0x000000,0x000000,0x000000,0x000000,0x000000,0x000000,0x000000,0x000000,
0x000000,0x000000,0x000000,0x000000,0x000000,0x000000,0x000000,0x000000,
0x000000,0x000000,0x000000,0x000000,0x000000,0x000000,0x000000,0x000000,
0x000000,0x000000,0x000000,0x000000,0x000000,0x003794,0x4bc4e3,0x0d979b,
0x37944b,0xc4e30d,0x979b2d,0xe97585,0x99cb34,0xb92de9,0x758599,0xcb34b9,
0x80754d,0x85c7ce,0x909a80,0x754d85,0xc7ce90,0x9ac893,0x972840,0xb5421c,
0xc89397,0x2840b5,0x421ca0,0x3d0d51,0x3e9f54,0xa4a03d,0x0d513e,0x9f54a4,
0xf330b7,0x43aa58,0x7702f3,0x30b743,0xaa5877,0x02cc86,0x6c04de,0xe1b348,
0xcc866c,0x04dee1,0xb34818,0x4d913b,0xf8794d,0x9c184d,0x913bf8,0x794d9c,
0x000000,0x000000,0x000000,0x000000,0x000000,0x000000,0x000000,0x000000,
0x000000,0x000000,0x000000,0x000000,0x000000,0x000000,0x000000,0x000000,
0x000000,0x000000,0x000000,0x000000,0x000000,0x000000,0x000000,0x000000,
0x000000,0x000000,0x000000,0x000000,0x000000,0x000000,0x000000,0x000000,
0x000000,0x000000,0x000000,0x000000,0x000000,0x000000,0x000000,0x000000,
0x000000,0x000000,0x0000ff,0x667653,0x89fe44,0x5fff66,0x765389,0xfe445f,
0x095d8f,0x89e401,0x6f2009,0x5d8f89,0xe4016f,0x20cc24,0x44d193,0xcfeae4,
0xcc2444,0xd193cf,0xeae4f5,0x2fd3eb,0xed30d4,0xfcf52f,0xd3ebed,0x30d4fc,
0xcdbaad,0x573a76,0x4331cd,0xbaad57,0x3a7643,0x3196aa,0x4c4475,0xb2567b,
0x96aa4c,0x4475b2,0x567bc9,0xcfdd24,0x41630f,0x2dc9cf,0xdd2441,0x630f2d,
0x03c078,0xfb093e,0xe4c003,0xc078fb,0x093ee4,0xc00000,0x000000,0x000000,
0x000000,0x000000,0x000000,0x000000,0x000000,0x000000,0x000000,0x000000,
0x000000,0x000000,0x000000,0x000000,0x000000,0x000000,0x000000,0x000000,
0x000000,0x000000,0x000000,0x000000,0x000000,0x000000,0x000000,0x000000,
0x000000,0x000000,0x000000,0x000000,0x000000,0x000000,0x000000,0x000000,
0x000000,0x000000,0x000000,0x000000,0x000000,0x000000,0x000000,0x000000,
0x5f9685,0x10a456,0x85815f,0x968510,0xa45685,0x81d674,0x19757e,0xf0f9ff,
0xd67419,0x757ef0,0xf9ffe8,0xe53548,0x0ba7ab,0x90e8e5,0x35480b,0xa7ab90,
0x82482d,0x689592,0x88e782,0x482d68,0x959288,0xe7d641,0xc0ff74,0x101bd0,
0xd641c0,0xff7410,0x1bd0e0,0x08f5a5,0x5fa33e,0xd1e008,0xf5a55f,0xa33ed1,
0xb1d29a,0x1fcf1b,0x77beb1,0xd29a1f,0xcf1b77,0xbea5c7,0xb595cd,0x88f8a1,
0xa5c7b5,0x95cd88,0xf8a100,0x000000,0x000000,0x000000,0x000000,0x000000,
0x000000,0x000000,0x000000,0x000000,0x000000,0x000000,0x000000,0x000000,
0x000000,0x000000,0x000000,0x000000,0x000000,0x000000,0x000000,0x000000,
0x000000,0x000000,0x000000,0x000000,0x000000,0x000000,0x000000,0x000000,
0x000000,0x000000,0x000000,0x000000,0x000000,0x000000,0x000000,0x000000,
0x000000,0x000000,0x000000,0x000000,0x000000,0x002106,0xff75f8,0x0bd301,
0x2106ff,0x75f80b,0xd301f8,0x6b30b4,0xe87821,0x58f86b,0x30b4e8,0x782158,
0xc37ba9,0x0eb1cb,0x9761c3,0x7ba90e,0xb1cb97,0x61fa9d,0x5e9639,0x060e14,
0xfa9d5e,0x963906,0x0e1434,0xdf24d2,0x1facd8,0xc334df,0x24d21f,0xacd8c3 
};
#else 
uint32_t font_2b_arr[] = {0};
#endif
size_t FONT_1B_SIZE = sizeof(font_1b_arr)/sizeof(font_1b_arr[0]);
size_t FONT_2B_SIZE = sizeof(font_2b_arr)/sizeof(font_2b_arr[0]);
size_t FONT_4B_SIZE = 0;//sizeof(font_4b_arr)/sizeof(font_4b_arr[0]);

uint32_t font_4b_arr[] = {0};

void read_font_to_mem(uint32_t *arr,int addr_st,/*MNT_OSD_FONT_TYPE_t sel,*/uint32_t arr_size){
    //size_t arr_size = WIN0_TYPE_IDX;
   // switch(sel) {
   //     case FONT_TYPE_1B : arr_size = FONT_1B_SIZE; break;
   //     case FONT_TYPE_2B : arr_size = FONT_2B_SIZE; break;
   //     case FONT_TYPE_4B : arr_size = FONT_4B_SIZE; break;
   //     case WIN0_TYPE_IDX: arr_size = WIN0_SIZE   ; break;
   //     case WIN1_TYPE_IDX: arr_size = WIN1_SIZE   ; break;
   //     case WIN2_TYPE_IDX: arr_size = WIN2_SIZE   ; break;
   //     case WIN3_TYPE_IDX: arr_size = WIN3_SIZE   ; break;
   //     case WIN4_TYPE_IDX: arr_size = WIN4_SIZE   ; break;
   //     case WIN5_TYPE_IDX: arr_size = WIN5_SIZE   ; break;
   //     case WIN6_TYPE_IDX: arr_size = WIN6_SIZE   ; break;
   //     case WIN7_TYPE_IDX: arr_size = WIN7_SIZE   ; break;
   //     default: printf("[cfg_share_mem] :share_mem_idx [%d] error,pls set again",sel);   
   // }                                              
    uint32_t value;

    cfg_ram_lut_addr(1,addr_st); 
    for(int i =0;i<arr_size;i++){
        value   = arr[i];
        cfg_ram_lut_data(1,value&0xffffffff);
    }
}

//void init_one_win_idx_to_mem(int font_hnum,int font_vnum,int font_idx_st,int win_addr_st){   
//    int win_size = font_hnum*font_vnum;
//    //Wr(FOSD_SHARE_RAM_ADDR,win_addr_st);   
//    cfg_ram_lut_addr(1,win_addr_st);     
//    for(int i=0;i<win_size;i++){
//        int win_idx_mem = ((font_idx_st+i)<<8) | ((i)<<4) | ((i+8)) ;
//        //Wr(FOSD_SHARE_RAM_DATA,win_idx_mem&0xffffff);    
//        cfg_ram_lut_data(1,win_idx_mem&0xffffff);
//
//    }
//}

void init_color_mem(MNT_OSD_COLOR_PALETTE_t* arr, int addr_st){

    uint32_t value;

    cfg_ram_lut_addr(0,addr_st); 
    for(int i =0;i<PALETTE_SIZE;i++){
        value   = (arr[i].u1ColorKey<<24)|(arr[i].u8Red<<16)|(arr[i].u8Green<<8)|(arr[i].u8Blue);
        cfg_ram_lut_data(0,value&0x1ffffff);
    }

}



void init_osd_win_font(MNT_OSD_t *mnt_vpu_osd)
{
    //strcpy(mnt_vpu_osd->osd_win_info.osd_win_idx_file[0] ,"/home/wenqiang.ge/work/project_ms1/ucode/vpu/osd_info/win0_idx.txt");
    //strcpy(mnt_vpu_osd->osd_win_info.osd_win_idx_file[1] ,"/home/wenqiang.ge/work/project_ms1/ucode/vpu/osd_info/win0_idx.txt");
    //strcpy(mnt_vpu_osd->osd_win_info.osd_win_idx_file[2] ,"/home/wenqiang.ge/work/project_ms1/ucode/vpu/osd_info/win0_idx.txt");
    //strcpy(mnt_vpu_osd->osd_win_info.osd_win_idx_file[3] ,"/home/wenqiang.ge/work/project_ms1/ucode/vpu/osd_info/win0_idx.txt");
    //strcpy(mnt_vpu_osd->osd_win_info.osd_win_idx_file[4] ,"/home/wenqiang.ge/work/project_ms1/ucode/vpu/osd_info/win0_idx.txt");
    //strcpy(mnt_vpu_osd->osd_win_info.osd_win_idx_file[5] ,"/home/wenqiang.ge/work/project_ms1/ucode/vpu/osd_info/win0_idx.txt");
    //strcpy(mnt_vpu_osd->osd_win_info.osd_win_idx_file[6] ,"/home/wenqiang.ge/work/project_ms1/ucode/vpu/osd_info/win0_idx.txt");
    //strcpy(mnt_vpu_osd->osd_win_info.osd_win_idx_file[7] ,"/home/wenqiang.ge/work/project_ms1/ucode/vpu/osd_info/win0_idx.txt");
    //strcpy(mnt_vpu_osd->osd_win_info.osd_1bit_font_file,"/home/wenqiang.ge/work/project_ms1/ucode/vpu/osd_info/1bit_font.txt");
    //strcpy(mnt_vpu_osd->osd_win_info.osd_2bit_font_file,"/home/wenqiang.ge/work/project_ms1/ucode/vpu/osd_info/2bit_font.txt");
    //strcpy(mnt_vpu_osd->osd_win_info.osd_4bit_font_file,"/home/wenqiang.ge/work/project_ms1/ucode/vpu/osd_info/4b_font.txt");
    //strcpy(mnt_vpu_osd->osd_win_info.osd_color_file    ,"/home/wenqiang.ge/work/project_ms1/ucode/vpu/osd_info/color_data.txt"       );
    

    

    mnt_vpu_osd->osd_win_info.osd_win_addr_st[0] = 0; 
    mnt_vpu_osd->osd_win_info.osd_win_lt_x[0]    = 5;
    mnt_vpu_osd->osd_win_info.osd_win_lt_y[0]    = 5;

    for(int i=0;i<FOSD_WIN_NUM;i++){
        mnt_vpu_osd->osd_win_info.osd_win_en[i]        = (i%FOSD_WIN_NUM==0);
        mnt_vpu_osd->osd_win_info.osd_win_vflip_en[i]  = 0;
        mnt_vpu_osd->osd_win_info.osd_win_hmirr_en[i]  = 0;
        mnt_vpu_osd->osd_win_info.osd_font_vflip_en[i] = 0;
        mnt_vpu_osd->osd_win_info.osd_font_hmirr_en[i] = 0;
        mnt_vpu_osd->osd_win_info.osd_blend_alpha[i]   = 0xff;

        mnt_vpu_osd->osd_win_info.osd_font_hnum[i]    = i==0 ? 56 : 0;
        mnt_vpu_osd->osd_win_info.osd_font_vnum[i]    = i==0 ? 26 : 0; 
        if(i>0){
            mnt_vpu_osd->osd_win_info.osd_win_lt_x[i]    = mnt_vpu_osd->osd_win_info.osd_win_lt_x[i-1]+mnt_vpu_osd->osd_win_info.osd_font_hnum[i-1]*FOSD_FONT_HNUM+5;
            mnt_vpu_osd->osd_win_info.osd_win_lt_y[i]    = mnt_vpu_osd->osd_win_info.osd_win_lt_y[i-1]+5;
        
            mnt_vpu_osd->osd_win_info.osd_win_addr_st[i] = mnt_vpu_osd->osd_win_info.osd_win_addr_st[i-1]+ mnt_vpu_osd->osd_win_info.osd_font_hnum[i-1]*mnt_vpu_osd->osd_win_info.osd_font_vnum[i-1];
        }
        mnt_vpu_osd->osd_win_info.osd_win_update_info.osd_win_update_mode[i]  = 0;
        mnt_vpu_osd->osd_win_info.osd_win_update_info.osd_win_update_alpha[i] = 0;
        mnt_vpu_osd->osd_win_info.osd_win_update_info.osd_win_update_r[i]     = 0;
        mnt_vpu_osd->osd_win_info.osd_win_update_info.osd_win_update_g[i]     = 0;
        mnt_vpu_osd->osd_win_info.osd_win_update_info.osd_win_update_b[i]     = 0;
        mnt_vpu_osd->osd_win_info.osd_win_update_info.osd_win_update_lt_x[i]  = 0;
        mnt_vpu_osd->osd_win_info.osd_win_update_info.osd_win_update_lt_y[i]  = 0;
        mnt_vpu_osd->osd_win_info.osd_win_update_info.osd_win_update_rb_x[i]  = 0;
        mnt_vpu_osd->osd_win_info.osd_win_update_info.osd_win_update_rb_y[i]  = 0;
       
    }
    mnt_vpu_osd->osd_win_info.osd_win_rot_90        =  0;
    mnt_vpu_osd->osd_win_info.osd_win_rot_180       =  0;
    mnt_vpu_osd->osd_win_info.osd_win_rot_270       =  0;
    
    mnt_vpu_osd->osd_win_info.osd_2bit_font_idx_st_th = 512;
    mnt_vpu_osd->osd_win_info.osd_4bit_font_idx_st_th = 512+512;

    mnt_vpu_osd->osd_win_info.osd_1bit_font_addr_st =  mnt_vpu_osd->osd_win_info.osd_win_addr_st[FOSD_WIN_NUM-1]+ mnt_vpu_osd->osd_win_info.osd_font_hnum[FOSD_WIN_NUM-1]*mnt_vpu_osd->osd_win_info.osd_font_vnum[FOSD_WIN_NUM-1]+100;
    mnt_vpu_osd->osd_win_info.osd_2bit_font_addr_st =  mnt_vpu_osd->osd_win_info.osd_1bit_font_addr_st + (mnt_vpu_osd->osd_win_info.osd_2bit_font_idx_st_th*FOSD_FONT_HNUM*FOSD_FONT_VNUM)/FOSD_SHARE_RAM_WID;
    mnt_vpu_osd->osd_win_info.osd_4bit_font_addr_st =  mnt_vpu_osd->osd_win_info.osd_2bit_font_addr_st + ((mnt_vpu_osd->osd_win_info.osd_4bit_font_idx_st_th-mnt_vpu_osd->osd_win_info.osd_2bit_font_idx_st_th)*FOSD_FONT_HNUM*FOSD_FONT_VNUM*2)/FOSD_SHARE_RAM_WID;

    mnt_vpu_osd->osd_win_info.osd_font_repack_info.osd_font_rep_en             =  0;
    mnt_vpu_osd->osd_win_info.osd_font_repack_info.osd_font_gap                =  1;
    mnt_vpu_osd->osd_win_info.osd_font_repack_info.osd_font_rep_num            =  1;
    mnt_vpu_osd->osd_win_info.osd_font_repack_info.osd_font_nrep_num           =  1;
    for(int i=0;i<FOSD_FONT_REP_NUM;i++){
        mnt_vpu_osd->osd_win_info.osd_font_repack_info.osd_font_rep_st_addr[i]        =  0;
        mnt_vpu_osd->osd_win_info.osd_font_repack_info.osd_font_rep_sum_num[i]        =  0;
        mnt_vpu_osd->osd_win_info.osd_font_repack_info.osd_font_nrep_st_addr[i]        =  0;
        mnt_vpu_osd->osd_win_info.osd_font_repack_info.osd_font_nrep_sum_num[i]        =  0;
    }

}
void set_osd_win_font(MNT_OSD_t *mnt_vpu_osd)
{

// cfg 
    uint8_t  win_rot_en            = get_font_rot_info(mnt_vpu_osd);
    uint32_t font_type_2b_th       = mnt_vpu_osd->osd_win_info.osd_2bit_font_idx_st_th   ;
    uint32_t font_type_4b_th       = mnt_vpu_osd->osd_win_info.osd_4bit_font_idx_st_th   ;
    uint8_t  osd_win_invalid_en    = mnt_vpu_osd->osd_win_info.osd_win_invalid_en        ;
    uint8_t  osd_win_invalid_r     = mnt_vpu_osd->osd_win_info.osd_win_invalid_r         ;
    uint8_t  osd_win_invalid_g     = mnt_vpu_osd->osd_win_info.osd_win_invalid_g         ;
    uint8_t  osd_win_invalid_b     = mnt_vpu_osd->osd_win_info.osd_win_invalid_b         ;
    uint8_t  osd_win_invalid_alpha = mnt_vpu_osd->osd_win_info.osd_win_invalid_alpha     ;  

//init share_mem
    for(int i =0;i<FOSD_WIN_NUM;i++){
        cfg_win_en(i,mnt_vpu_osd->osd_win_info.osd_win_en[i]);
        cfg_win_alpha(i,mnt_vpu_osd->osd_win_info.osd_blend_alpha[i]);
        cfg_win_baseaddr(i,mnt_vpu_osd->osd_win_info.osd_win_addr_st[i]);
        cfg_win_position(i,mnt_vpu_osd->osd_win_info.osd_win_lt_x[i],mnt_vpu_osd->osd_win_info.osd_win_lt_y[i],mnt_vpu_osd->osd_win_info.osd_font_hnum[i],mnt_vpu_osd->osd_win_info.osd_font_vnum[i],win_rot_en);

    }
    if(mnt_vpu_osd->osd_win_info.osd_win_en[0]){
        read_font_to_mem(osd_win0_idx_arr,mnt_vpu_osd->osd_win_info.osd_win_addr_st[0],WIN0_SIZE);        
    }
    if(mnt_vpu_osd->osd_win_info.osd_win_en[1]){
        read_font_to_mem(osd_win1_idx_arr,mnt_vpu_osd->osd_win_info.osd_win_addr_st[1],WIN1_SIZE);        
    }
    if(mnt_vpu_osd->osd_win_info.osd_win_en[2]){
        read_font_to_mem(osd_win2_idx_arr,mnt_vpu_osd->osd_win_info.osd_win_addr_st[2],WIN2_SIZE);        
    }
    if(mnt_vpu_osd->osd_win_info.osd_win_en[3]){
        read_font_to_mem(osd_win3_idx_arr,mnt_vpu_osd->osd_win_info.osd_win_addr_st[3],WIN3_SIZE);        
    }
    if(mnt_vpu_osd->osd_win_info.osd_win_en[4]){
        read_font_to_mem(osd_win4_idx_arr,mnt_vpu_osd->osd_win_info.osd_win_addr_st[4],WIN4_SIZE);        
    }
    if(mnt_vpu_osd->osd_win_info.osd_win_en[5]){
        read_font_to_mem(osd_win5_idx_arr,mnt_vpu_osd->osd_win_info.osd_win_addr_st[5],WIN5_SIZE);        
    }
    if(mnt_vpu_osd->osd_win_info.osd_win_en[6]){
        read_font_to_mem(osd_win6_idx_arr,mnt_vpu_osd->osd_win_info.osd_win_addr_st[6],WIN6_SIZE);        
    }
    if(mnt_vpu_osd->osd_win_info.osd_win_en[7]){
        read_font_to_mem(osd_win7_idx_arr,mnt_vpu_osd->osd_win_info.osd_win_addr_st[7],WIN7_SIZE);        
    }

    cfg_font_baseaddr(FONT_TYPE_1B,mnt_vpu_osd->osd_win_info.osd_1bit_font_addr_st);
    cfg_font_baseaddr(FONT_TYPE_2B,mnt_vpu_osd->osd_win_info.osd_2bit_font_addr_st);
    cfg_font_baseaddr(FONT_TYPE_4B,mnt_vpu_osd->osd_win_info.osd_4bit_font_addr_st);
    cfg_win_font_ctrl(mnt_vpu_osd);    
    cfg_font_rot_ctrl(mnt_vpu_osd);
    printf("[OSD_DEBUG] :: cfg OSD win repack start\n");    
    if(mnt_vpu_osd->osd_win_info.osd_font_repack_info.osd_font_rep_en==1){
        cfg_font_repack(&mnt_vpu_osd->osd_win_info.osd_font_repack_info);        
    }
    else{
        read_font_to_mem(font_1b_arr,mnt_vpu_osd->osd_win_info.osd_1bit_font_addr_st,FONT_1B_SIZE);
    }
    printf("[OSD_DEBUG] :: cfg OSD win repack done\n");
    read_font_to_mem(font_2b_arr,mnt_vpu_osd->osd_win_info.osd_2bit_font_addr_st,FONT_2B_SIZE);
    read_font_to_mem(font_4b_arr,mnt_vpu_osd->osd_win_info.osd_4bit_font_addr_st,FONT_4B_SIZE); 
    init_color_mem(osd_color_palette,0);
    cfg_font_start_idx(FONT_TYPE_2B,font_type_2b_th);
    cfg_font_start_idx(FONT_TYPE_4B,font_type_4b_th);
    if(osd_win_invalid_en){
        cfg_win_invalid_area(osd_win_invalid_en,osd_win_invalid_r,osd_win_invalid_g,osd_win_invalid_b,osd_win_invalid_alpha);
    }


}

void update_osd_share_ram(MNT_OSD_t *mnt_vpu_osd, int upd_win_en, int upd_win_alpha ,int upd_win_baddr,int upd_font_baddr,int upd_font_th_st,int wait_update_en)
{

    // cfg 
    uint8_t  win_rot_en                         = get_font_rot_info(mnt_vpu_osd);
    uint32_t font_type_2b_th                    = mnt_vpu_osd->osd_win_info.osd_2bit_font_idx_st_th   ;
    uint32_t font_type_4b_th                    = mnt_vpu_osd->osd_win_info.osd_4bit_font_idx_st_th   ;
    uint8_t  osd_win_invalid_en                 = mnt_vpu_osd->osd_win_info.osd_win_invalid_en        ;
    uint8_t  osd_win_invalid_r                  = mnt_vpu_osd->osd_win_info.osd_win_invalid_r         ;
    uint8_t  osd_win_invalid_g                  = mnt_vpu_osd->osd_win_info.osd_win_invalid_g         ;
    uint8_t  osd_win_invalid_b                  = mnt_vpu_osd->osd_win_info.osd_win_invalid_b         ;
    uint8_t  osd_win_invalid_alpha              = mnt_vpu_osd->osd_win_info.osd_win_invalid_alpha     ;  
    uint8_t  osd_win_update_mode  = 0;
    uint8_t  osd_win_update_alpha = 0;
    uint8_t  osd_win_update_r     = 0;
    uint8_t  osd_win_update_g     = 0;
    uint8_t  osd_win_update_b     = 0;
    uint8_t  osd_win_update_lt_x  = 0;
    uint8_t  osd_win_update_lt_y  = 0;
    uint8_t  osd_win_update_rb_x  = 0;
    uint8_t  osd_win_update_rb_y  = 0;
                                                                                                                                  
    uint32_t osd_win_upd_rgb;
//init share_mem
    for(int i =0;i<FOSD_WIN_NUM;i++){ 
        osd_win_update_mode  = mnt_vpu_osd->osd_win_info.osd_win_update_info.osd_win_update_mode[i] ;
        osd_win_update_alpha = mnt_vpu_osd->osd_win_info.osd_win_update_info.osd_win_update_alpha[i];
        osd_win_update_r     = mnt_vpu_osd->osd_win_info.osd_win_update_info.osd_win_update_r[i]    ;
        osd_win_update_g     = mnt_vpu_osd->osd_win_info.osd_win_update_info.osd_win_update_g[i]    ;
        osd_win_update_b     = mnt_vpu_osd->osd_win_info.osd_win_update_info.osd_win_update_b[i]    ;
        osd_win_update_lt_x  = mnt_vpu_osd->osd_win_info.osd_win_update_info.osd_win_update_lt_x[i] ;
        osd_win_update_lt_y  = mnt_vpu_osd->osd_win_info.osd_win_update_info.osd_win_update_lt_y[i] ;
        osd_win_update_rb_x  = mnt_vpu_osd->osd_win_info.osd_win_update_info.osd_win_update_rb_x[i] ;
        osd_win_update_rb_y  = mnt_vpu_osd->osd_win_info.osd_win_update_info.osd_win_update_rb_y[i] ;
        if(FOSD_WIN_CLEAR_MODE==1){ 
            if(mnt_vpu_osd->osd_win_info.osd_win_en[i]){
                osd_win_upd_rgb = (osd_win_update_r<<16)|(osd_win_update_g<<8)|osd_win_update_b;
                clear_win_info(i,osd_win_update_mode,osd_win_update_alpha,osd_win_upd_rgb,osd_win_update_lt_x,osd_win_update_lt_y,osd_win_update_rb_x,osd_win_update_rb_y);
            }
            if(upd_win_en==1){
                cfg_win_en(i,mnt_vpu_osd->osd_win_info.osd_win_en[i]);
            }
        }
        else{
            cfg_win_en(i,0);
        }
        if(wait_update_en==1){
            if(FOSD_WIN_CLEAR_MODE==1){ 
                close_clear_win_info();
            }
            else{
                cfg_win_en(i,mnt_vpu_osd->osd_win_info.osd_win_en[i]);
            }
            if(upd_win_alpha==1){
                cfg_win_alpha(i,mnt_vpu_osd->osd_win_info.osd_blend_alpha[i]);
            }
            if(upd_win_baddr==1){
                cfg_win_baseaddr(i,mnt_vpu_osd->osd_win_info.osd_win_addr_st[i]);
            }
            if(mnt_vpu_osd->osd_win_info.osd_win_en[i]){
            cfg_win_position(i,mnt_vpu_osd->osd_win_info.osd_win_lt_x[i],mnt_vpu_osd->osd_win_info.osd_win_lt_y[i],mnt_vpu_osd->osd_win_info.osd_font_hnum[i],mnt_vpu_osd->osd_win_info.osd_font_vnum[i],win_rot_en);
            }
        }
        
    }
    if(wait_update_en==1){    
        if(mnt_vpu_osd->osd_win_info.osd_win_en[0]){
            read_font_to_mem(osd_win0_idx_arr,mnt_vpu_osd->osd_win_info.osd_win_addr_st[0],WIN0_SIZE);        
        }
        if(mnt_vpu_osd->osd_win_info.osd_win_en[1]){
            read_font_to_mem(osd_win1_idx_arr,mnt_vpu_osd->osd_win_info.osd_win_addr_st[1],WIN1_SIZE);        
        }
        if(mnt_vpu_osd->osd_win_info.osd_win_en[2]){
            read_font_to_mem(osd_win2_idx_arr,mnt_vpu_osd->osd_win_info.osd_win_addr_st[2],WIN2_SIZE);        
        }
        if(mnt_vpu_osd->osd_win_info.osd_win_en[3]){
            read_font_to_mem(osd_win3_idx_arr,mnt_vpu_osd->osd_win_info.osd_win_addr_st[3],WIN3_SIZE);        
        }
        if(mnt_vpu_osd->osd_win_info.osd_win_en[4]){
            read_font_to_mem(osd_win4_idx_arr,mnt_vpu_osd->osd_win_info.osd_win_addr_st[4],WIN4_SIZE);        
        }
        if(mnt_vpu_osd->osd_win_info.osd_win_en[5]){
            read_font_to_mem(osd_win5_idx_arr,mnt_vpu_osd->osd_win_info.osd_win_addr_st[5],WIN5_SIZE);        
        }
        if(mnt_vpu_osd->osd_win_info.osd_win_en[6]){
            read_font_to_mem(osd_win6_idx_arr,mnt_vpu_osd->osd_win_info.osd_win_addr_st[6],WIN6_SIZE);        
        }
        if(mnt_vpu_osd->osd_win_info.osd_win_en[7]){
            read_font_to_mem(osd_win7_idx_arr,mnt_vpu_osd->osd_win_info.osd_win_addr_st[7],WIN7_SIZE);        
        }
        if(upd_font_baddr){
            cfg_font_baseaddr(FONT_TYPE_1B,mnt_vpu_osd->osd_win_info.osd_1bit_font_addr_st);
            cfg_font_baseaddr(FONT_TYPE_2B,mnt_vpu_osd->osd_win_info.osd_2bit_font_addr_st);
            cfg_font_baseaddr(FONT_TYPE_4B,mnt_vpu_osd->osd_win_info.osd_4bit_font_addr_st);
        }
        cfg_win_font_ctrl(mnt_vpu_osd);    
        cfg_font_rot_ctrl(mnt_vpu_osd);
        read_font_to_mem(font_1b_arr,mnt_vpu_osd->osd_win_info.osd_1bit_font_addr_st,FONT_1B_SIZE);
        read_font_to_mem(font_2b_arr,mnt_vpu_osd->osd_win_info.osd_2bit_font_addr_st,FONT_2B_SIZE);
        read_font_to_mem(font_4b_arr,mnt_vpu_osd->osd_win_info.osd_4bit_font_addr_st,FONT_4B_SIZE); 
        if(upd_font_th_st){
            cfg_font_start_idx(FONT_TYPE_2B,font_type_2b_th);
            cfg_font_start_idx(FONT_TYPE_4B,font_type_4b_th);
        }
        if(osd_win_invalid_en){
            cfg_win_invalid_area(osd_win_invalid_en,osd_win_invalid_r,osd_win_invalid_g,osd_win_invalid_b,osd_win_invalid_alpha);
        }
    }
}

void init_osd_rect(MNT_OSD_t *mnt_vpu_osd)
{
    for(int i=0;i<FOSD_RECT_NUM;i++){
        mnt_vpu_osd->osd_rect_info.osd_rect_en[i]       =1;
        mnt_vpu_osd->osd_rect_info.osd_rect_st_x[i]     =80+i*10;
        mnt_vpu_osd->osd_rect_info.osd_rect_st_y[i]     =80+i*10;
        mnt_vpu_osd->osd_rect_info.osd_rect_w[i]        =80+i*10;
        mnt_vpu_osd->osd_rect_info.osd_rect_h[i]        =60+i*10;
        mnt_vpu_osd->osd_rect_info.osd_rect_thick[i]    =10+i;
        mnt_vpu_osd->osd_rect_info.osd_rect_grad_mode[i]= i==0 ? RECT_PURE :i==1 ? RECT_HORI_GRAD:i==2 ? RECT_HORI_CENTER_GRAD:i==3 ?RECT_VERT_GRAD:RECT_BILA_CENTER_GRAD;
        mnt_vpu_osd->osd_rect_info.osd_rect_mode[i]     =i>0;
        mnt_vpu_osd->osd_rect_info.osd_rect_step_r[i]   =2;
        mnt_vpu_osd->osd_rect_info.osd_rect_step_g[i]   =2;
        mnt_vpu_osd->osd_rect_info.osd_rect_step_b[i]   =2;
        mnt_vpu_osd->osd_rect_info.osd_rect_st_r[i]     =128-i*10;
        mnt_vpu_osd->osd_rect_info.osd_rect_st_g[i]     =100-i*10;
        mnt_vpu_osd->osd_rect_info.osd_rect_st_b[i]     =88-i*10;
        mnt_vpu_osd->osd_rect_info.osd_rect_ed_r[i]     =228-i*10;
        mnt_vpu_osd->osd_rect_info.osd_rect_ed_g[i]     =200-i*10;
        mnt_vpu_osd->osd_rect_info.osd_rect_ed_b[i]     =188-i*10;
        mnt_vpu_osd->osd_rect_info.osd_rect_alpha[i]    =0x1f;
    } 
        mnt_vpu_osd->osd_rect_info.osd_rect_invalid_en       =0;
        mnt_vpu_osd->osd_rect_info.osd_rect_invalid_r        =0;
        mnt_vpu_osd->osd_rect_info.osd_rect_invalid_g        =0;
        mnt_vpu_osd->osd_rect_info.osd_rect_invalid_b        =0;
        mnt_vpu_osd->osd_rect_info.osd_rect_invalid_alpha    =0;
        
}
void set_osd_rect(MNT_OSD_t *mnt_vpu_osd)
{
        uint8_t  osd_rect_en       =0;  
        uint32_t osd_rect_st_x     =0;  
        uint32_t osd_rect_st_y     =0;  
        uint32_t osd_rect_w        =0;  
        uint32_t osd_rect_h        =0;  
        uint32_t osd_rect_thick    =0;  
        MNT_OSD_RECT_GRAD_TYPE_t osd_rect_grad_mode=RECT_PURE;  
        uint8_t  osd_rect_mode     =0;  
        uint8_t  osd_rect_step_r   =0;  
        uint8_t  osd_rect_step_g   =0;  
        uint8_t  osd_rect_step_b   =0;  
        uint8_t  osd_rect_st_r     =0;  
        uint8_t  osd_rect_st_g     =0;  
        uint8_t  osd_rect_st_b     =0;  
        uint8_t  osd_rect_ed_r     =0;  
        uint8_t  osd_rect_ed_g     =0;  
        uint8_t  osd_rect_ed_b     =0;  
        uint8_t  osd_rect_alpha    =0;  
        uint8_t  osd_rect_invalid_en    = mnt_vpu_osd->osd_rect_info.osd_rect_invalid_en          ;
        uint8_t  osd_rect_invalid_r     = mnt_vpu_osd->osd_rect_info.osd_rect_invalid_r           ;
        uint8_t  osd_rect_invalid_g     = mnt_vpu_osd->osd_rect_info.osd_rect_invalid_g           ;
        uint8_t  osd_rect_invalid_b     = mnt_vpu_osd->osd_rect_info.osd_rect_invalid_b           ;
        uint8_t  osd_rect_invalid_alpha = mnt_vpu_osd->osd_rect_info.osd_rect_invalid_alpha       ;
    for(int i=0;i<FOSD_RECT_NUM;i++){
        osd_rect_en       = mnt_vpu_osd->osd_rect_info.osd_rect_en[i]       ;
        osd_rect_st_x     = mnt_vpu_osd->osd_rect_info.osd_rect_st_x[i]     ;
        osd_rect_st_y     = mnt_vpu_osd->osd_rect_info.osd_rect_st_y[i]     ;
        osd_rect_w        = mnt_vpu_osd->osd_rect_info.osd_rect_w[i]        ;
        osd_rect_h        = mnt_vpu_osd->osd_rect_info.osd_rect_h[i]        ;
        osd_rect_thick    = mnt_vpu_osd->osd_rect_info.osd_rect_thick[i]    ;
        osd_rect_grad_mode= mnt_vpu_osd->osd_rect_info.osd_rect_grad_mode[i];
        osd_rect_mode     = mnt_vpu_osd->osd_rect_info.osd_rect_mode[i]     ;
        osd_rect_step_r   = mnt_vpu_osd->osd_rect_info.osd_rect_step_r[i]   ;
        osd_rect_step_g   = mnt_vpu_osd->osd_rect_info.osd_rect_step_g[i]   ;
        osd_rect_step_b   = mnt_vpu_osd->osd_rect_info.osd_rect_step_b[i]   ;
        osd_rect_st_r     = mnt_vpu_osd->osd_rect_info.osd_rect_st_r[i]     ;
        osd_rect_st_g     = mnt_vpu_osd->osd_rect_info.osd_rect_st_g[i]     ;
        osd_rect_st_b     = mnt_vpu_osd->osd_rect_info.osd_rect_st_b[i]     ;
        osd_rect_ed_r     = mnt_vpu_osd->osd_rect_info.osd_rect_ed_r[i]     ;
        osd_rect_ed_g     = mnt_vpu_osd->osd_rect_info.osd_rect_ed_g[i]     ;
        osd_rect_ed_b     = mnt_vpu_osd->osd_rect_info.osd_rect_ed_b[i]     ;
        osd_rect_alpha    = mnt_vpu_osd->osd_rect_info.osd_rect_alpha[i]    ;
        cfg_rect_en(i,osd_rect_en);
        cfg_rect_position(i,osd_rect_st_x,osd_rect_st_y,osd_rect_w,osd_rect_h);
        cfg_rect_mode_info(i,osd_rect_grad_mode,osd_rect_mode,osd_rect_thick,osd_rect_st_r,osd_rect_st_g,osd_rect_st_b,osd_rect_ed_r,osd_rect_ed_g,osd_rect_ed_b,osd_rect_alpha,osd_rect_w,osd_rect_h,osd_rect_step_r,osd_rect_step_g,osd_rect_step_b);
        
    }
    if(osd_rect_invalid_en) {
        cfg_rect_invalid_area(osd_rect_invalid_en,osd_rect_invalid_r,osd_rect_invalid_g,osd_rect_invalid_b,osd_rect_invalid_alpha);
    }
}

void init_osd_ellip(MNT_OSD_t *mnt_vpu_osd)
{
    for(int i=0;i<FOSD_ELLIP_NUM;i++){
        mnt_vpu_osd->osd_ellip_info.osd_ellip_en[i]         =1;
        mnt_vpu_osd->osd_ellip_info.osd_ellip_mode[i]       =0;
        mnt_vpu_osd->osd_ellip_info.osd_ellip_center_x[i]   =128;
        mnt_vpu_osd->osd_ellip_info.osd_ellip_center_y[i]   =80;
        mnt_vpu_osd->osd_ellip_info.osd_ellip_hor_radius[i] =80-i*20;
        mnt_vpu_osd->osd_ellip_info.osd_ellip_ver_radius[i] =60-i*20;
        mnt_vpu_osd->osd_ellip_info.osd_ellip_thick[i]      =10;
        mnt_vpu_osd->osd_ellip_info.osd_ellip_r[i]          =58+i*150;
        mnt_vpu_osd->osd_ellip_info.osd_ellip_g[i]          =100+i*10;
        mnt_vpu_osd->osd_ellip_info.osd_ellip_b[i]          =88+i*50;
        mnt_vpu_osd->osd_ellip_info.osd_ellip_alpha[i]      =0x1f;
    } 
}
void set_osd_ellip(MNT_OSD_t *mnt_vpu_osd)
{
        uint8_t  osd_ellip_en         =0;
        uint8_t  osd_ellip_mode       =0;
        uint32_t osd_ellip_center_x   =0;
        uint32_t osd_ellip_center_y   =0;
        uint32_t osd_ellip_hor_radius =0;
        uint32_t osd_ellip_ver_radius =0;
        uint32_t osd_ellip_thick      =0;
        uint32_t osd_ellip_r          =0;
        uint32_t osd_ellip_g          =0;
        uint32_t osd_ellip_b          =0;
        uint32_t osd_ellip_alpha      =0;

    for(int i=0;i<FOSD_ELLIP_NUM;i++){
        osd_ellip_en         = mnt_vpu_osd->osd_ellip_info.osd_ellip_en[i]        ;
        osd_ellip_mode       = mnt_vpu_osd->osd_ellip_info.osd_ellip_mode[i]      ;
        osd_ellip_center_x   = mnt_vpu_osd->osd_ellip_info.osd_ellip_center_x[i]  ;
        osd_ellip_center_y   = mnt_vpu_osd->osd_ellip_info.osd_ellip_center_y[i]  ;
        osd_ellip_hor_radius = mnt_vpu_osd->osd_ellip_info.osd_ellip_hor_radius[i];
        osd_ellip_ver_radius = mnt_vpu_osd->osd_ellip_info.osd_ellip_ver_radius[i];
        osd_ellip_thick      = mnt_vpu_osd->osd_ellip_info.osd_ellip_thick[i]     ;
        osd_ellip_r          = mnt_vpu_osd->osd_ellip_info.osd_ellip_r[i]         ;
        osd_ellip_g          = mnt_vpu_osd->osd_ellip_info.osd_ellip_g[i]         ;
        osd_ellip_b          = mnt_vpu_osd->osd_ellip_info.osd_ellip_b[i]         ;
        osd_ellip_alpha      = mnt_vpu_osd->osd_ellip_info.osd_ellip_alpha[i]     ;

        cfg_ellip_en(i,osd_ellip_en,osd_ellip_mode);
        cfg_ellip_position(i,osd_ellip_center_x,osd_ellip_center_y,osd_ellip_thick,osd_ellip_hor_radius,osd_ellip_ver_radius);
        cfg_ellip_color(i,osd_ellip_r,osd_ellip_g,osd_ellip_b,osd_ellip_alpha);
    }
}

void init_osd_line(MNT_OSD_t *mnt_vpu_osd)
{
    for(int i=0;i<FOSD_LINE_NUM;i++){
        mnt_vpu_osd->osd_line_info.osd_line_en[i]         =1;
        mnt_vpu_osd->osd_line_info.osd_line_st_x[i]       =40+i*10;
        mnt_vpu_osd->osd_line_info.osd_line_st_y[i]       =20+i*10;
        mnt_vpu_osd->osd_line_info.osd_line_ed_x[i]       =i<2  ? 140 :i<3 ? 60: 120;
        mnt_vpu_osd->osd_line_info.osd_line_ed_y[i]       =i==0 ? 20  :i==1? 80:i<4?160:100;
        mnt_vpu_osd->osd_line_info.osd_line_thick[i]      =10;
        mnt_vpu_osd->osd_line_info.osd_line_r[i]          =158+i*10;
        mnt_vpu_osd->osd_line_info.osd_line_g[i]          =130+i*10;
        mnt_vpu_osd->osd_line_info.osd_line_b[i]          =88+i*10;
        mnt_vpu_osd->osd_line_info.osd_line_alpha[i]      =0x1f;
    } 
        mnt_vpu_osd->osd_line_info.osd_line_invalid_en    =0;
        mnt_vpu_osd->osd_line_info.osd_line_invalid_r     =0;
        mnt_vpu_osd->osd_line_info.osd_line_invalid_g     =0;
        mnt_vpu_osd->osd_line_info.osd_line_invalid_b     =0;
        mnt_vpu_osd->osd_line_info.osd_line_invalid_alpha =0;

}
void set_osd_line(MNT_OSD_t *mnt_vpu_osd)
{
        uint8_t  osd_line_en         =0;
        uint32_t osd_line_st_x       =0;
        uint32_t osd_line_st_y       =0;
        uint32_t osd_line_ed_x       =0;
        uint32_t osd_line_ed_y       =0;
        uint32_t osd_line_thick      =0;
        uint32_t osd_line_r          =0;
        uint32_t osd_line_g          =0;
        uint32_t osd_line_b          =0;
        uint32_t osd_line_alpha      =0;
        uint8_t  osd_line_invalid_en    = mnt_vpu_osd->osd_line_info.osd_line_invalid_en          ;
        uint8_t  osd_line_invalid_r     = mnt_vpu_osd->osd_line_info.osd_line_invalid_r           ;
        uint8_t  osd_line_invalid_g     = mnt_vpu_osd->osd_line_info.osd_line_invalid_g           ;
        uint8_t  osd_line_invalid_b     = mnt_vpu_osd->osd_line_info.osd_line_invalid_b           ;
        uint8_t  osd_line_invalid_alpha = mnt_vpu_osd->osd_line_info.osd_line_invalid_alpha       ;
    for(int i=0;i<FOSD_LINE_NUM;i++){
        osd_line_en         = mnt_vpu_osd->osd_line_info.osd_line_en[i]   ;
        osd_line_st_x       = mnt_vpu_osd->osd_line_info.osd_line_st_x[i] ;
        osd_line_st_y       = mnt_vpu_osd->osd_line_info.osd_line_st_y[i] ;
        osd_line_ed_x       = mnt_vpu_osd->osd_line_info.osd_line_ed_x[i] ;
        osd_line_ed_y       = mnt_vpu_osd->osd_line_info.osd_line_ed_y[i] ;
        osd_line_thick      = mnt_vpu_osd->osd_line_info.osd_line_thick[i];
        osd_line_r          = mnt_vpu_osd->osd_line_info.osd_line_r[i]    ;
        osd_line_g          = mnt_vpu_osd->osd_line_info.osd_line_g[i]    ;
        osd_line_b          = mnt_vpu_osd->osd_line_info.osd_line_b[i]    ;
        osd_line_alpha      = mnt_vpu_osd->osd_line_info.osd_line_alpha[i];

        cfg_line_en(i,osd_line_en);
        cfg_line_position(i,osd_line_st_x,osd_line_st_y,osd_line_ed_x,osd_line_ed_y,osd_line_thick);
        cfg_line_color(i,osd_line_r,osd_line_g,osd_line_b,osd_line_alpha);
    }
    if(osd_line_invalid_en){
        cfg_line_invalid_area(osd_line_invalid_en,osd_line_invalid_r,osd_line_invalid_g,osd_line_invalid_b,osd_line_invalid_alpha);

    }
}

void init_vpu_osd(MNT_OSD_t *mnt_vpu_osd)
{
    init_osd_win_font(mnt_vpu_osd);
    init_osd_rect(mnt_vpu_osd);
    init_osd_ellip(mnt_vpu_osd);
    init_osd_line(mnt_vpu_osd);
    printf("[OSD_DEBUG] :: init OSD done\n");
    
}

void set_vpu_osd(MNT_OSD_t *mnt_vpu_osd)
{
        set_osd_en(mnt_vpu_osd->osd_en);
    if(mnt_vpu_osd->osd_en) {
        set_osd_win_font(mnt_vpu_osd);
        set_osd_rect(mnt_vpu_osd);
        set_osd_ellip(mnt_vpu_osd);
        set_osd_line(mnt_vpu_osd);
        printf("[OSD_DEBUG] :: cfg OSD done\n");

        //Wr_reg_bits(FOSD_MODE_INFO_1_0  , 3, 15, 2);//RECT&LINE ENABLE
        //Wr_reg_bits(FOSD_WIN_FONT_INFO_0, 1, 30, 1);//FOSD      ENABLE
    } else {
        Wr_reg_bits(VPU_PROC_BLD_EN, 0, 0, 1);//BLEND CLOSE
        printf("[OSD_DEBUG] :: warnning not enable OSD \n");
//
    }
}
void set_osd_en(int osd_en){
    uint32_t osd_en_addr = FOSD_FRM_CTRL;
    Wr(osd_en_addr,(osd_en&0x1));
}

void cfg_win_font_ctrl(MNT_OSD_t *mnt_vpu_osd ){
    uint8_t osd_win_rot_90  = mnt_vpu_osd->osd_win_info.osd_win_rot_90  &0x1;
    uint8_t osd_win_rot_180 = mnt_vpu_osd->osd_win_info.osd_win_rot_180 &0x1;
    uint8_t osd_win_rot_270 = mnt_vpu_osd->osd_win_info.osd_win_rot_270 &0x1;
    uint8_t osd_win_rot_en  = osd_win_rot_90|osd_win_rot_180|osd_win_rot_270;
    
    uint8_t osd_win_en [FOSD_WIN_NUM]       ;
    uint8_t osd_win_vflip_en [FOSD_WIN_NUM] ;
    uint8_t osd_win_hmirr_en [FOSD_WIN_NUM] ;
    uint8_t osd_font_vflip_en [FOSD_WIN_NUM];
    uint8_t osd_font_hmirr_en [FOSD_WIN_NUM];

    uint32_t osd_win_rot_mode = osd_win_rot_90 ? 1 : osd_win_rot_180 ? 2: osd_win_rot_270 ? 3 : 0 ;
    uint32_t osd_win_info_addr = 0;
    for (int i=0;i<FOSD_WIN_NUM;i++){
        osd_win_en [i]        = mnt_vpu_osd->osd_win_info.osd_win_en[i];
        osd_win_vflip_en [i]  = mnt_vpu_osd->osd_win_info.osd_win_vflip_en[i];
        osd_win_hmirr_en [i]  = mnt_vpu_osd->osd_win_info.osd_win_hmirr_en[i];
        osd_font_vflip_en [i] = mnt_vpu_osd->osd_win_info.osd_font_vflip_en[i];
        osd_font_hmirr_en [i] = mnt_vpu_osd->osd_win_info.osd_font_hmirr_en[i];
        if(osd_win_rot_en){
            osd_win_vflip_en [i]  = 0;
            osd_win_hmirr_en [i]  = 0;
            osd_font_vflip_en [i] = 0;
            osd_font_hmirr_en [i] = 0;
        }
        else{// Font ctrl align To win ctrl
            osd_font_vflip_en [i] = osd_win_vflip_en [i];
            osd_font_hmirr_en [i] = osd_win_hmirr_en [i];       
        } 
        cfg_win_en(i,osd_win_en[i]);        
        osd_win_info_addr = i ==0 ? FOSD_WIN_FONT_INFO_0 : 
                            i ==1 ? FOSD_WIN_FONT_INFO_1 :
                            i ==2 ? FOSD_WIN_FONT_INFO_2 :
                            i ==3 ? FOSD_WIN_FONT_INFO_3 :
                            i ==4 ? FOSD_WIN_FONT_INFO_4 :
                            i ==5 ? FOSD_WIN_FONT_INFO_5 :
                            i ==6 ? FOSD_WIN_FONT_INFO_6 :
                                    FOSD_WIN_FONT_INFO_7 ;
        Wr_reg_bits(osd_win_info_addr,  ((osd_win_rot_mode<<6    )|
                                         (osd_font_vflip_en[i]<<5)|
                                         (osd_font_hmirr_en[i]<<4)|
                                         (osd_win_rot_mode<<2    )|
                                         (osd_win_vflip_en[i]<<1 )|
                                         (osd_win_hmirr_en[i]<<0 )),0,8); 

    }
    
}
uint8_t get_font_rot_info(MNT_OSD_t *mnt_vpu_osd ){
    uint8_t osd_win_rot_90  = mnt_vpu_osd->osd_win_info.osd_win_rot_90  &0x1;
    uint8_t osd_win_rot_180 = mnt_vpu_osd->osd_win_info.osd_win_rot_180 &0x1;
    uint8_t osd_win_rot_270 = mnt_vpu_osd->osd_win_info.osd_win_rot_270 &0x1;
    uint8_t osd_win_rot_en  = (osd_win_rot_90|osd_win_rot_270) &0x1;
    return osd_win_rot_en;
};

//int get_font_type_start_idx(MNT_OSD_FONT_TYPE_t font_type, MNT_OSD_t *mnt_vpu_osd ){
//     int font_st_th = 0;
//     switch(font_type) {    
//        case FONT_TYPE_2B: font_st_th = mnt_vpu_osd->osd_win_info.osd_1bit_font_idx_num; break;
//        case FONT_TYPE_4B: font_st_th = mnt_vpu_osd->osd_win_info.osd_1bit_font_idx_num+mnt_vpu_osd->osd_win_info.osd_2bit_font_idx_num; break;
//        default: printf("[get_font_th] :Font_type [%d] error,pls set again",font_type);   
//
//    }
//    return font_st_th;
//   
//}
void cfg_win_invalid_area(uint8_t en ,uint8_t color_r,uint8_t color_g,uint8_t color_b,uint8_t color_alpha ){
    uint32_t color_data = (color_alpha<<24)|(color_r<<16)|(color_g<<8)|color_b;
    if(en) Wr(FOSD_WIN_INVALID_AREA_RGBA,color_data);
};

void cfg_rect_invalid_area(uint8_t en ,uint8_t color_r,uint8_t color_g,uint8_t color_b,uint8_t color_alpha ){
    uint32_t color_data = (color_alpha<<24)|(color_r<<16)|(color_g<<8)|color_b;
    if(en) Wr(FOSD_RECT_INVALID_AREA_RGBA,color_data);
};

void cfg_line_invalid_area(uint8_t en ,uint8_t color_r,uint8_t color_g,uint8_t color_b,uint8_t color_alpha ){
    uint32_t color_data = (color_alpha<<24)|(color_r<<16)|(color_g<<8)|color_b;
    if(en) Wr(FOSD_LINE_INVALID_AREA_RGBA,color_data);
};
void cfg_font_rot_ctrl(MNT_OSD_t *mnt_vpu_osd ){
    uint8_t osd_win_rot_en =0;
    osd_win_rot_en = get_font_rot_info(mnt_vpu_osd);
    Wr(FOSD_FONT_ROTATE_CTRL,osd_win_rot_en);
};

void cfg_win_en(int win_idx, uint8_t win_en ){
    uint32_t win_addr =0;
    switch(win_idx) {
        case 0: win_addr = FOSD_WIN_FONT_INFO_0; break;
        case 1: win_addr = FOSD_WIN_FONT_INFO_1; break;
        case 2: win_addr = FOSD_WIN_FONT_INFO_2; break;
        case 3: win_addr = FOSD_WIN_FONT_INFO_3; break;
        case 4: win_addr = FOSD_WIN_FONT_INFO_4; break;
        case 5: win_addr = FOSD_WIN_FONT_INFO_5; break;
        case 6: win_addr = FOSD_WIN_FONT_INFO_6; break;
        case 7: win_addr = FOSD_WIN_FONT_INFO_7; break; 
        default: printf("[cfg_win_en] :win_idx [%d] error,pls set again",win_idx);   
    }
    Wr_reg_bits(win_addr,win_en,30,1);
};

void cfg_win_alpha(int win_idx, int win_alpha ){
    uint32_t win_addr =0;
    switch(win_idx) {
        case 0: win_addr = FOSD_WIN_FONT_INFO_0; break;
        case 1: win_addr = FOSD_WIN_FONT_INFO_1; break;
        case 2: win_addr = FOSD_WIN_FONT_INFO_2; break;
        case 3: win_addr = FOSD_WIN_FONT_INFO_3; break;
        case 4: win_addr = FOSD_WIN_FONT_INFO_4; break;
        case 5: win_addr = FOSD_WIN_FONT_INFO_5; break;
        case 6: win_addr = FOSD_WIN_FONT_INFO_6; break;
        case 7: win_addr = FOSD_WIN_FONT_INFO_7; break; 
        default: printf("[cfg_win_alpha] win_idx [%d] error,pls set again",win_idx);   
    }
    Wr_reg_bits(win_addr,win_alpha,8,8);
}; 

void cfg_win_baseaddr(int win_idx, int win_base_addr ){
    uint32_t win_addr =0;
    switch(win_idx) {
        case 0: win_addr = FOSD_WIN_FONT_INFO_0; break;
        case 1: win_addr = FOSD_WIN_FONT_INFO_1; break;
        case 2: win_addr = FOSD_WIN_FONT_INFO_2; break;
        case 3: win_addr = FOSD_WIN_FONT_INFO_3; break;
        case 4: win_addr = FOSD_WIN_FONT_INFO_4; break;
        case 5: win_addr = FOSD_WIN_FONT_INFO_5; break;
        case 6: win_addr = FOSD_WIN_FONT_INFO_6; break;
        case 7: win_addr = FOSD_WIN_FONT_INFO_7; break; 
        default: printf("[cfg_win_base_addr] win_idx [%d] error,pls set again",win_idx);   
    }
    Wr_reg_bits(win_addr,win_base_addr,16,14);
}; 
void osd_font_local_update(MNT_OSD_FONT_TYPE_t font_type,uint32_t *share_ram_arr,int font_new_addr,int arr_size){
    uint8_t  osd_win_update_fifo_en     = 1;
    uint8_t  osd_win_update_fifo_mode   = 0;
    uint32_t osd_win_addr               = 0;
    uint32_t osd_font_type_addr         = 0;
    switch(font_type){
        case (FONT_TYPE_1B) : osd_font_type_addr = FOSD_FONT_1BIT_ADDR;break;
        case (FONT_TYPE_2B) : osd_font_type_addr = FOSD_FONT_2BIT_ADDR;break;
        case (FONT_TYPE_4B) : osd_font_type_addr = FOSD_FONT_4BIT_ADDR;break;
        default: printf("[osd_font_local_update] :win_idx [%d] error,pls set again",font_type);     
    }
    Wr(FOSD_RAM_UPD_CRTL,(osd_win_update_fifo_mode<<1)|osd_win_update_fifo_en);          
    read_font_to_mem(share_ram_arr,font_new_addr,arr_size); 
    Wr(osd_font_type_addr,font_new_addr);
    //Wr(FOSD_RAM_UPD_CRTL,0);        
}
void osd_win_idx_local_update(int win_idx, uint32_t *share_ram_arr,int win_new_addr,int arr_size){
    uint8_t  osd_win_update_fifo_en     = 1;
    uint8_t  osd_win_update_fifo_mode   = 0;
    uint32_t osd_win_addr               = 0;
    Wr(FOSD_RAM_UPD_CRTL,(osd_win_update_fifo_mode<<1)|osd_win_update_fifo_en);
    MNT_OSD_FONT_TYPE_t win_idx_type = WIN0_TYPE_IDX;
    switch(win_idx) {
        case 0: {win_idx_type = WIN0_TYPE_IDX; 
                 osd_win_addr = FOSD_WIN_FONT_INFO_0; 
                break;}
        case 1: {win_idx_type = WIN1_TYPE_IDX; 
                 osd_win_addr = FOSD_WIN_FONT_INFO_1; 
                break;}
        case 2: {win_idx_type = WIN2_TYPE_IDX; 
                 osd_win_addr = FOSD_WIN_FONT_INFO_2; 
                break;}
        case 3: {win_idx_type = WIN3_TYPE_IDX; 
                 osd_win_addr = FOSD_WIN_FONT_INFO_3; 
                break;}
        case 4: {win_idx_type = WIN4_TYPE_IDX; 
                 osd_win_addr = FOSD_WIN_FONT_INFO_4; 
                break;}
        case 5: {win_idx_type = WIN5_TYPE_IDX; 
                 osd_win_addr = FOSD_WIN_FONT_INFO_5; 
                break;}
        case 6: {win_idx_type = WIN6_TYPE_IDX; 
                 osd_win_addr = FOSD_WIN_FONT_INFO_6; 
                break;}
        case 7: {win_idx_type = WIN7_TYPE_IDX; 
                 osd_win_addr = FOSD_WIN_FONT_INFO_7; 
                break;}    
        default: printf("[osd_win_idx_local_update] :win_idx [%d] error,pls set again",win_idx);     
    }              
    read_font_to_mem(share_ram_arr,win_new_addr,arr_size); 
    Wr_reg_bits(osd_win_addr,win_new_addr,16,14);
    //Wr(FOSD_RAM_UPD_CRTL,0);        
}
void osd_color_ram_local_update(MNT_OSD_COLOR_PALETTE_t *color_ram_arr, int color_new_addr){
    uint8_t osd_win_update_fifo_en     = 1;
    uint8_t osd_win_update_fifo_mode   = 1;
    Wr(FOSD_RAM_UPD_CRTL,(osd_win_update_fifo_mode<<1)|osd_win_update_fifo_en);
    init_color_mem(color_ram_arr,color_new_addr);
    //Wr(FOSD_RAM_UPD_CRTL,(osd_win_update_fifo_mode<<1)|0);//dont close mode 
}
void cfg_osd_win_crop_mode(int win_idx,int hofst, int vofst, int stride,int win_st_x,int win_st_y,int font_hnum,int font_vnum,int rot_en){
    uint32_t win_idx_ofst_addr    = 0;
    uint32_t win_st_xy_addr       = 0;
    uint32_t win_ed_xy_addr       = 0;
    uint32_t win_font_num_addr    = 0;
    uint32_t win_idx_stride_addr  = 0;
    uint32_t win_idx_crop_en      = 1;

    uint32_t win_ed_x             = win_st_x+font_hnum*(rot_en ? FOSD_FONT_VNUM : FOSD_FONT_HNUM)-1;
    uint32_t win_ed_y             = win_st_y+font_vnum*(rot_en ? FOSD_FONT_HNUM : FOSD_FONT_VNUM)-1;
    switch(win_idx) {
        case 0: {win_idx_ofst_addr   = FOSD_WIN_IDX_OFST_0  ; 
                 win_idx_stride_addr = FOSD_WIN_IDX_STRIDE_0;
                 win_st_xy_addr      = FOSD_WIN_LT_XY_0     ;
                 win_ed_xy_addr      = FOSD_WIN_RB_XY_0     ;
                 win_font_num_addr   = FOSD_WIN_WH_0        ;
        break;}
        case 1: {win_idx_ofst_addr   = FOSD_WIN_IDX_OFST_1  ; 
                 win_idx_stride_addr = FOSD_WIN_IDX_STRIDE_1;
                 win_st_xy_addr      = FOSD_WIN_LT_XY_1     ;
                 win_ed_xy_addr      = FOSD_WIN_RB_XY_1     ;
                 win_font_num_addr   = FOSD_WIN_WH_1        ;
        break;}
        case 2: {win_idx_ofst_addr   = FOSD_WIN_IDX_OFST_2  ; 
                 win_idx_stride_addr = FOSD_WIN_IDX_STRIDE_2;
                 win_st_xy_addr      = FOSD_WIN_LT_XY_2     ;
                 win_ed_xy_addr      = FOSD_WIN_RB_XY_2     ;
                 win_font_num_addr   = FOSD_WIN_WH_2        ;
        break;}
        case 3: {win_idx_ofst_addr   = FOSD_WIN_IDX_OFST_3  ; 
                 win_idx_stride_addr = FOSD_WIN_IDX_STRIDE_3;
                 win_st_xy_addr      = FOSD_WIN_LT_XY_3     ;
                 win_ed_xy_addr      = FOSD_WIN_RB_XY_3     ;
                 win_font_num_addr   = FOSD_WIN_WH_3        ;
        break;}
        case 4: {win_idx_ofst_addr   = FOSD_WIN_IDX_OFST_4  ; 
                 win_idx_stride_addr = FOSD_WIN_IDX_STRIDE_4;
                 win_st_xy_addr      = FOSD_WIN_LT_XY_4     ;
                 win_ed_xy_addr      = FOSD_WIN_RB_XY_4     ;
                 win_font_num_addr   = FOSD_WIN_WH_4        ;
        break;}
        case 5: {win_idx_ofst_addr   = FOSD_WIN_IDX_OFST_5  ; 
                 win_idx_stride_addr = FOSD_WIN_IDX_STRIDE_5;
                 win_st_xy_addr      = FOSD_WIN_LT_XY_5     ;
                 win_ed_xy_addr      = FOSD_WIN_RB_XY_5     ;
                 win_font_num_addr   = FOSD_WIN_WH_5        ;
        break;}
        case 6: {win_idx_ofst_addr   = FOSD_WIN_IDX_OFST_6  ; 
                 win_idx_stride_addr = FOSD_WIN_IDX_STRIDE_6;
                 win_st_xy_addr      = FOSD_WIN_LT_XY_6     ;
                 win_ed_xy_addr      = FOSD_WIN_RB_XY_6     ;
                 win_font_num_addr   = FOSD_WIN_WH_6        ;
        break;}
        case 7: {win_idx_ofst_addr   = FOSD_WIN_IDX_OFST_7  ; 
                 win_idx_stride_addr = FOSD_WIN_IDX_STRIDE_7;
                 win_st_xy_addr      = FOSD_WIN_LT_XY_7     ;
                 win_ed_xy_addr      = FOSD_WIN_RB_XY_7     ;
                 win_font_num_addr   = FOSD_WIN_WH_7        ;
        break;}    
        default: printf("[cfg_osd_win_crop_mode] :win_idx [%d] error,pls set again",win_idx);     
    }   
    Wr(win_idx_ofst_addr,(win_idx_crop_en<<26)|(hofst<<13)|vofst);
    Wr(win_idx_stride_addr,stride);
    Wr(win_st_xy_addr,(win_st_x<<13)|win_st_y);
    Wr(win_ed_xy_addr,(win_ed_x<<13)|win_ed_y);
    Wr(win_font_num_addr,(font_hnum<<13)|font_vnum);
}
void clear_win_info(int win_idx, int clear_local_win, int win_alpha, int win_color_rgb,int win_st_x, int win_st_y ,int win_ed_x, int win_ed_y){
    uint32_t win_clear_st_addr   = 0;
    uint32_t win_clear_ed_addr   = 0;
    uint32_t win_clear_rgba_addr = 0;
    uint32_t win_clear_ctrl_addr = FOSD_FONT_UPDATE_CRTL;
    uint8_t  win_clear_mode      = (clear_local_win ==1) <<win_idx;
    uint8_t  win_clear_en        = 1 <<win_idx;
    switch(win_idx){
        case 0 : {win_clear_st_addr   = FOSD_FONT_UPDATE_LT_XY_0;
                  win_clear_ed_addr   = FOSD_FONT_UPDATE_RB_XY_0;
                  win_clear_rgba_addr = FOSD_FONT_UPDATE_RGBA_0 ;
        break;}
        case 1 : {win_clear_st_addr   = FOSD_FONT_UPDATE_LT_XY_1;
                  win_clear_ed_addr   = FOSD_FONT_UPDATE_RB_XY_1;
                  win_clear_rgba_addr = FOSD_FONT_UPDATE_RGBA_1 ;
        break;}
        case 2 : {win_clear_st_addr   = FOSD_FONT_UPDATE_LT_XY_2;
                  win_clear_ed_addr   = FOSD_FONT_UPDATE_RB_XY_2;
                  win_clear_rgba_addr = FOSD_FONT_UPDATE_RGBA_2 ;
        break;}
        case 3 : {win_clear_st_addr   = FOSD_FONT_UPDATE_LT_XY_3;
                  win_clear_ed_addr   = FOSD_FONT_UPDATE_RB_XY_3;
                  win_clear_rgba_addr = FOSD_FONT_UPDATE_RGBA_3 ;
        break;}
        case 4 : {win_clear_st_addr   = FOSD_FONT_UPDATE_LT_XY_4;
                  win_clear_ed_addr   = FOSD_FONT_UPDATE_RB_XY_4;
                  win_clear_rgba_addr = FOSD_FONT_UPDATE_RGBA_4 ;
        break;}
        case 5 : {win_clear_st_addr   = FOSD_FONT_UPDATE_LT_XY_5;
                  win_clear_ed_addr   = FOSD_FONT_UPDATE_RB_XY_5;
                  win_clear_rgba_addr = FOSD_FONT_UPDATE_RGBA_5 ;
        break;}
        case 6 : {win_clear_st_addr   = FOSD_FONT_UPDATE_LT_XY_6;
                  win_clear_ed_addr   = FOSD_FONT_UPDATE_RB_XY_6;
                  win_clear_rgba_addr = FOSD_FONT_UPDATE_RGBA_6 ;
        break;}
        case 7 : {win_clear_st_addr   = FOSD_FONT_UPDATE_LT_XY_7;
                  win_clear_ed_addr   = FOSD_FONT_UPDATE_RB_XY_7;
                  win_clear_rgba_addr = FOSD_FONT_UPDATE_RGBA_7 ;
        break;}
        default: printf("[clear_win_info] :win_idx [%d] error,pls set again",win_idx);     
    }
    if(clear_local_win){
        Wr(win_clear_st_addr,(win_st_x<<13)|win_st_y);
        Wr(win_clear_ed_addr,(win_ed_x<<13)|win_ed_y);
    }
    Wr(win_clear_rgba_addr,(win_alpha<<24)|win_color_rgb);
    uint32_t win_clear_data = Rd(win_clear_ctrl_addr);
             win_clear_data = win_clear_data |((win_clear_en<<8)|win_clear_mode);
    Wr(win_clear_ctrl_addr,win_clear_data);
    

}
void close_clear_win_info(){
    uint32_t win_clear_ctrl_addr = FOSD_FONT_UPDATE_CRTL;
    Wr(win_clear_ctrl_addr,0);
    

}
void cfg_win_position(int win_idx, int win_st_x, int win_st_y,int font_hnum, int font_vnum ,uint8_t rot_en){

    uint32_t win_font_hnum  = rot_en ? font_vnum : font_hnum;
    uint32_t win_font_vnum  = rot_en ? font_hnum : font_vnum;
    uint32_t win_font_hsize = rot_en ? FOSD_FONT_VNUM : FOSD_FONT_HNUM;
    uint32_t win_font_vsize = rot_en ? FOSD_FONT_HNUM : FOSD_FONT_VNUM;

    uint32_t win_ed_x      = win_st_x+ win_font_hnum*win_font_hsize-1;
    uint32_t win_ed_y      = win_st_y+ win_font_vnum*win_font_vsize-1;

    uint32_t win_lt_addr =0;
    uint32_t win_rb_addr =0;
    uint32_t win_wh_addr =0;
    switch(win_idx) {
        case 0: {win_lt_addr = FOSD_WIN_LT_XY_0;
                 win_rb_addr = FOSD_WIN_RB_XY_0; 
                 win_wh_addr = FOSD_WIN_WH_0   ; 
        break;}
        case 1: {win_lt_addr = FOSD_WIN_LT_XY_1;
                 win_rb_addr = FOSD_WIN_RB_XY_1; 
                 win_wh_addr = FOSD_WIN_WH_1   ; 
        break;}
        case 2: {win_lt_addr = FOSD_WIN_LT_XY_2;
                 win_rb_addr = FOSD_WIN_RB_XY_2; 
                 win_wh_addr = FOSD_WIN_WH_2   ; 
        break;}
        case 3: {win_lt_addr = FOSD_WIN_LT_XY_3;
                 win_rb_addr = FOSD_WIN_RB_XY_3; 
                 win_wh_addr = FOSD_WIN_WH_3   ; 
        break;}
        case 4: {win_lt_addr = FOSD_WIN_LT_XY_4;
                 win_rb_addr = FOSD_WIN_RB_XY_4; 
                 win_wh_addr = FOSD_WIN_WH_4   ; 
        break;}
        case 5: {win_lt_addr = FOSD_WIN_LT_XY_5;
                 win_rb_addr = FOSD_WIN_RB_XY_5; 
                 win_wh_addr = FOSD_WIN_WH_5   ; 
        break;}
        case 6: {win_lt_addr = FOSD_WIN_LT_XY_6;
                 win_rb_addr = FOSD_WIN_RB_XY_6; 
                 win_wh_addr = FOSD_WIN_WH_6   ; 
        break;}
        case 7: {win_lt_addr = FOSD_WIN_LT_XY_7;
                 win_rb_addr = FOSD_WIN_RB_XY_7; 
                 win_wh_addr = FOSD_WIN_WH_7   ; 
        break;}
        default: printf("[cfg_win_position] win_idx [%d] error,pls set again",win_idx);   
    }
    Wr(win_lt_addr,(win_st_x<<13)|(win_st_y<<0));
    Wr(win_rb_addr,(win_ed_x<<13)|(win_ed_y<<0));
    Wr(win_wh_addr,(font_hnum<<13)|(font_vnum<<0));
}; 

void cfg_font_baseaddr(MNT_OSD_FONT_TYPE_t font_type, int font_baddr ){
    uint32_t font_addr =0;
    switch(font_type) {
        case FONT_TYPE_1B: font_addr = FOSD_FONT_1BIT_ADDR; break;
        case FONT_TYPE_2B: font_addr = FOSD_FONT_2BIT_ADDR; break;
        case FONT_TYPE_4B: font_addr = FOSD_FONT_4BIT_ADDR; break;
        default: printf("[cfg_font_addr] :Font_type [%d] error,pls set again",font_type);   
    }
    Wr(font_addr,font_baddr);
}; 

void cfg_font_start_idx(MNT_OSD_FONT_TYPE_t font_type, int font_st_idx ){

    switch(font_type) {    
        case FONT_TYPE_2B: Wr_reg_bits(FOSD_FONT_IDX_TH,font_st_idx,12,12); break;
        case FONT_TYPE_4B: Wr_reg_bits(FOSD_FONT_IDX_TH,font_st_idx,0 ,12); break;
        default: printf("[cfg_font_th] :Font_type [%d] error,pls set again",font_type);   
    }
}; 


void cfg_ram_lut_addr(uint8_t is_share_ram, int buf_addr ){
    uint32_t ram_addr =0;
    switch(is_share_ram) {    
        case 1: ram_addr = FOSD_SHARE_RAM_ADDR; break;
        case 0: ram_addr = FOSD_COLOR_RAM_ADDR; break;
        default: printf("[cfg_ram_addr] :ram_type [%d] error,pls set again",is_share_ram);   
    }
    Wr(ram_addr,buf_addr);
};

void cfg_ram_lut_data(uint8_t is_share_ram, int buf_data ){
    uint32_t ram_addr =0;
    switch(is_share_ram) {    
        case 1: ram_addr = FOSD_SHARE_RAM_DATA; break;
        case 0: ram_addr = FOSD_COLOR_RAM_DATA; break;
        default: printf("[cfg_ram_data] :ram_type [%d] error,pls set again",is_share_ram);   
    }
    Wr(ram_addr,buf_data);
}; 

void cfg_rect_en(int rect_idx, uint8_t rect_en ){
    uint32_t rect_addr =0;
    switch(rect_idx) {
        case 0: rect_addr = FOSD_MODE_INFO_1_0; break;
        case 1: rect_addr = FOSD_MODE_INFO_1_1; break;
        case 2: rect_addr = FOSD_MODE_INFO_1_2; break;
        case 3: rect_addr = FOSD_MODE_INFO_1_3; break;
        case 4: rect_addr = FOSD_MODE_INFO_1_4; break;
        default: printf("[cfg_rect_en] :rect_idx [%d] error,pls set again",rect_idx);   
    }
    Wr_reg_bits(rect_addr,rect_en,11,1);
};

void cfg_rect_position(int rect_idx, int rect_st_x, int rect_st_y, int rect_width, int rect_height  ){
    uint32_t rect_xy_addr =0;
    uint32_t rect_wh_addr =0;
    switch(rect_idx) {
        case 0: {rect_xy_addr = FOSD_RECT_XY_0;
                 rect_wh_addr = FOSD_RECT_WH_0; 
        break;}
        case 1: {rect_xy_addr = FOSD_RECT_XY_1;
                 rect_wh_addr = FOSD_RECT_WH_1; 
        break;}
        case 2: {rect_xy_addr = FOSD_RECT_XY_2;
                 rect_wh_addr = FOSD_RECT_WH_2; 
        break;}
        case 3: {rect_xy_addr = FOSD_RECT_XY_3;
                 rect_wh_addr = FOSD_RECT_WH_3; 
        break;}
        case 4: {rect_xy_addr = FOSD_RECT_XY_4;
                 rect_wh_addr = FOSD_RECT_WH_4; 
        break;}
        default: printf("[cfg_rect_position] :rect_idx [%d] error,pls set again",rect_idx);   
    }
    Wr(rect_xy_addr,(rect_st_x<<13)|(rect_st_y));
    Wr(rect_wh_addr,(rect_width<<13)|(rect_width));
};

void cfg_rect_mode_info(int rect_idx, MNT_OSD_RECT_GRAD_TYPE_t rect_grad_mode, int rect_mode, int rect_thick, int rect_st_r ,int rect_st_g ,int rect_st_b ,int rect_ed_r ,int rect_ed_g ,int rect_ed_b ,int rect_alpha,int rect_width ,int rect_height ,int step_r,int step_g ,int step_b  ){
    uint32_t rect_mode_addr  =0;
    uint32_t rect_delta_addr =0;
    uint32_t rect_step_addr  =0;
    uint32_t rect_color_addr =0;
    uint8_t  rect_grad_en    = (rect_mode ==1)&0x1;
    uint32_t rect_grad_mode_val  = 0;
    uint32_t rect_line_thick     = 0;

    uint32_t color_r_delta       = rect_ed_r>rect_st_r ? rect_ed_r-rect_st_r : rect_st_r-rect_ed_r;
    uint32_t color_g_delta       = rect_ed_g>rect_st_g ? rect_ed_g-rect_st_g : rect_st_g-rect_ed_g;
    uint32_t color_b_delta       = rect_ed_b>rect_st_b ? rect_ed_b-rect_st_b : rect_st_b-rect_ed_b;
    uint32_t rect_length         = rect_width > rect_height ?  rect_height : rect_width;
    uint32_t comp_r              = rect_ed_r>rect_st_r ? 0 : 1;            
    uint32_t comp_g              = rect_ed_g>rect_st_g ? 0 : 1;            
    uint32_t comp_b              = rect_ed_b>rect_st_b ? 0 : 1;            
    uint32_t delta_r             = 0;            
    uint32_t delta_g             = 0;            
    uint32_t delta_b             = 0;

            
    switch(rect_idx) {
        case 0: {rect_mode_addr  = FOSD_MODE_INFO_1_0;
                 rect_delta_addr = FOSD_RECT_DELTA_0 ; 
                 rect_step_addr  = FOSD_RECT_STEP_0  ; 
                 rect_color_addr = FOSD_RECT_RGBA_0  ; 
        break;}
        case 1: {rect_mode_addr  = FOSD_MODE_INFO_1_1;
                 rect_delta_addr = FOSD_RECT_DELTA_1 ; 
                 rect_step_addr  = FOSD_RECT_STEP_1  ; 
                 rect_color_addr = FOSD_RECT_RGBA_1  ; 
        break;}
        case 2: {rect_mode_addr  = FOSD_MODE_INFO_1_2;
                 rect_delta_addr = FOSD_RECT_DELTA_2 ; 
                 rect_step_addr  = FOSD_RECT_STEP_2  ; 
                 rect_color_addr = FOSD_RECT_RGBA_2  ; 
        break;}
        case 3: {rect_mode_addr  = FOSD_MODE_INFO_1_3;
                 rect_delta_addr = FOSD_RECT_DELTA_3 ; 
                 rect_step_addr  = FOSD_RECT_STEP_3  ; 
                 rect_color_addr = FOSD_RECT_RGBA_3  ; 
        break;}
        case 4: {rect_mode_addr  = FOSD_MODE_INFO_1_4;
                 rect_delta_addr = FOSD_RECT_DELTA_4 ; 
                 rect_step_addr  = FOSD_RECT_STEP_4  ; 
                 rect_color_addr = FOSD_RECT_RGBA_4  ; 
        break;}
        default: printf("[cfg_rect_mode_info] :rect_idx [%d] error,pls set again",rect_idx);   
    }
    if(rect_grad_en){
        switch(rect_grad_mode) {
            case RECT_HORI_GRAD       : {rect_grad_mode_val  = 0;
                                         delta_r             = get_rect_delta(step_r,rect_width,color_r_delta);
                                         delta_g             = get_rect_delta(step_g,rect_width,color_g_delta);
                                         delta_b             = get_rect_delta(step_b,rect_width,color_b_delta);
            break;}
            case RECT_HORI_CENTER_GRAD: {rect_grad_mode_val  = 1;
                                         delta_r             = get_rect_delta(step_r,rect_width,color_r_delta);
                                         delta_g             = get_rect_delta(step_g,rect_width,color_g_delta);
                                         delta_b             = get_rect_delta(step_b,rect_width,color_b_delta);
            break;}
            case RECT_VERT_GRAD       : {rect_grad_mode_val  = 2;
                                         delta_r             = get_rect_delta(step_r,rect_height,color_r_delta);
                                         delta_g             = get_rect_delta(step_g,rect_height,color_g_delta);
                                         delta_b             = get_rect_delta(step_b,rect_height,color_b_delta);
            break;}
            case RECT_VERT_CENTER_GRAD: {rect_grad_mode_val  = 3;
                                         delta_r             = get_rect_delta(step_r,rect_height,color_r_delta);
                                         delta_g             = get_rect_delta(step_g,rect_height,color_g_delta);
                                         delta_b             = get_rect_delta(step_b,rect_height,color_b_delta);
            break;}
            case RECT_BILA_CENTER_GRAD: {rect_grad_mode_val  = 4;
                                         delta_r             = get_rect_delta(step_r,rect_length,color_r_delta);
                                         delta_g             = get_rect_delta(step_g,rect_length,color_g_delta);
                                         delta_b             = get_rect_delta(step_b,rect_length,color_b_delta);
            break;}
            case RECT_PURE            : {rect_grad_mode_val  = 5;
            break;}
        } 
    }
    else {
        rect_line_thick = rect_thick;
    }
    uint32_t  rect_mode_info = (rect_grad_mode<<8)|(rect_mode<<7)|(rect_line_thick<<3)|(comp_r<<2)|(comp_g<<1)|comp_b;
    Wr_reg_bits(rect_mode_addr,rect_mode_info,0,11);
    Wr(rect_delta_addr,(delta_r<<16)|(delta_g<<8)|delta_b);
    Wr(rect_step_addr,(step_r<<16)|(step_g<<8)|step_b);
    Wr(rect_color_addr,(rect_alpha<<24)|(rect_st_r<<16)|(rect_st_g<<8)|rect_st_b);
};

int get_rect_delta(int rect_step_level, int rect_width , int color_delta ){
    uint32_t rect_step  = (rect_width/*+rect_step_level-1*/) / rect_step_level;
    uint32_t rect_delta = (color_delta/*+rect_step_level-1*/)/ rect_step;                                 
    return rect_delta;
}

void cfg_ellip_en(int ellip_idx, uint8_t ellip_en , uint8_t ellip_mode){
    uint32_t ellip_addr =0;
    switch(ellip_idx) {
        case 0: ellip_addr = FOSD_ELLIP_INFO_0; break;
        case 1: ellip_addr = FOSD_ELLIP_INFO_1; break;
        default: printf("[cfg_ellip_en] :ellip_idx [%d] error,pls set again",ellip_idx);   
    }
    Wr_reg_bits(ellip_addr,(ellip_en<<1)|ellip_mode,24,2);
};

void cfg_ellip_position(int ellip_idx, int ellip_center_x, int ellip_center_y,int ellip_line_width, int ellip_hradius, int ellip_vradius){
    uint64_t ellip_outer_hradius_square        = ellip_hradius*ellip_hradius; 
    uint64_t ellip_inter_hradius_square        = (ellip_hradius-ellip_line_width)*(ellip_hradius-ellip_line_width); 
    uint64_t ellip_outer_vradius_square        = ellip_vradius*ellip_vradius; 
    uint64_t ellip_inter_vradius_square        = (ellip_vradius-ellip_line_width)*(ellip_vradius-ellip_line_width); 
    uint64_t ellip_outer_hradius_square_square = ellip_outer_hradius_square* ellip_outer_vradius_square;
    uint64_t ellip_inter_hradius_square_square = ellip_inter_hradius_square* ellip_inter_vradius_square;
    uint32_t ellip_outer_hradius_square_square_low_32 = ellip_outer_hradius_square_square & 0xffffffff;
    uint32_t ellip_outer_hradius_square_square_hign_8 = ellip_outer_hradius_square_square >>32;
    uint32_t ellip_inter_hradius_square_square_low_32 = ellip_inter_hradius_square_square & 0xffffffff;
    uint32_t ellip_inter_hradius_square_square_hign_8 = ellip_inter_hradius_square_square >>32;
    if(ellip_idx==0){
    printf("[OSD DEBUG]:++++++++++++++++++++++src o %d i %d  o %d i %d \n",ellip_outer_hradius_square_square,ellip_inter_hradius_square_square,ellip_outer_hradius_square_square_hign_8,ellip_inter_hradius_square_square_hign_8);
    }
    uint32_t ellip_idx_addr            =0;
    uint32_t ellip_info_addr           =0;
    uint32_t ellip_hradius_addr_out0   =0;
    uint32_t ellip_hradius_addr_in0    =0;
    uint32_t ellip_hradius_addr_out1   =0;
    uint32_t ellip_hradius_addr_in1    =0;
    uint32_t ellip_out_radius_addr_l   =0;
    uint32_t ellip_in_radius_addr_l    =0;
    uint32_t ellip_outin_radius_addr_h =0;

    switch(ellip_idx) {
        case 0: {ellip_idx_addr             = FOSD_ELLIP_CENTERXY_0     ;
                 ellip_info_addr            = FOSD_ELLIP_INFO_0         ; 
                 ellip_hradius_addr_out0    = FOSD_ELLIP_OUT_A2_0       ; 
                 ellip_hradius_addr_in0     = FOSD_ELLIP_IN_A2_0        ; 
                 ellip_hradius_addr_out1    = FOSD_ELLIP_OUT_B2_0       ; 
                 ellip_hradius_addr_in1     = FOSD_ELLIP_IN_B2_0        ;  
                 ellip_out_radius_addr_l    = FOSD_ELLIP_OUT_A2B2_L_0   ;
                 ellip_in_radius_addr_l     = FOSD_ELLIP_IN_A2B2_L_0    ;
                 ellip_outin_radius_addr_h  = FOSD_ELLIP_OUTIN_A2B2_H_0 ;
        break;}
        case 1: {ellip_idx_addr             = FOSD_ELLIP_CENTERXY_1     ;
                 ellip_info_addr            = FOSD_ELLIP_INFO_1         ; 
                 ellip_hradius_addr_out0    = FOSD_ELLIP_OUT_A2_1       ; 
                 ellip_hradius_addr_in0     = FOSD_ELLIP_IN_A2_1        ; 
                 ellip_hradius_addr_out1    = FOSD_ELLIP_OUT_B2_1       ; 
                 ellip_hradius_addr_in1     = FOSD_ELLIP_IN_B2_1        ;
                 ellip_out_radius_addr_l    = FOSD_ELLIP_OUT_A2B2_L_1   ;
                 ellip_in_radius_addr_l     = FOSD_ELLIP_IN_A2B2_L_1    ;
                 ellip_outin_radius_addr_h  = FOSD_ELLIP_OUTIN_A2B2_H_1 ;

        break;}
        default: printf("[cfg_ellip_position] ellip_idx [%d] error,pls set again",ellip_idx);   
    }
    Wr(ellip_idx_addr ,(ellip_center_x<<13)|(ellip_center_y<<0));
    Wr_reg_bits(ellip_info_addr,(ellip_line_width<<20)|(ellip_hradius<<10)|ellip_vradius,0,24);
    Wr(ellip_hradius_addr_out0,ellip_outer_hradius_square);
    Wr(ellip_hradius_addr_in0 ,ellip_inter_hradius_square);
    Wr(ellip_hradius_addr_out1,ellip_outer_vradius_square);
    Wr(ellip_hradius_addr_in1 ,ellip_inter_vradius_square);
    Wr(ellip_out_radius_addr_l,ellip_outer_hradius_square_square_low_32);
    Wr(ellip_in_radius_addr_l ,ellip_inter_hradius_square_square_low_32);
    Wr(ellip_outin_radius_addr_h,(ellip_inter_hradius_square_square_hign_8<<8)|ellip_outer_hradius_square_square_hign_8);

}; 
void cfg_ellip_color(int ellip_idx, int ellip_color_r, int ellip_color_g, int ellip_color_b, int ellip_alpha){
    uint32_t ellip_color_addr        =0;
    switch(ellip_idx) {
        case 0: {ellip_color_addr         = FOSD_ELLIP_RGBA_0;
        break;}
        case 1: {ellip_color_addr         = FOSD_ELLIP_RGBA_1;
        break;}
        default: printf("[cfg_ellip_color] ellip_idx [%d] error,pls set again",ellip_idx);   
    }
    Wr(ellip_color_addr ,(ellip_alpha<<24)|(ellip_color_r<<16)|(ellip_color_g<<8)|ellip_color_b);
}; 

void cfg_line_en(int line_idx, uint8_t line_en ){
    uint32_t line_addr =0;
    switch(line_idx) {
        case 0: line_addr = FOSD_LINE_START_XY_0; break;
        case 1: line_addr = FOSD_LINE_START_XY_1; break;
        case 2: line_addr = FOSD_LINE_START_XY_2; break;
        case 3: line_addr = FOSD_LINE_START_XY_3; break;
        case 4: line_addr = FOSD_LINE_START_XY_4; break;
        default: printf("[cfg_line_en] :line_idx [%d] error,pls set again",line_idx);   
    }
    Wr_reg_bits(line_addr,line_en,4,1);
};
void cfg_line_position(int line_idx, int line_st_x, int line_st_y, int line_ed_x, int line_ed_y,int line_width){
    uint32_t line_grad               = get_line_k_abs(line_st_x,line_st_y,line_ed_x,line_ed_y);
    uint32_t line_st_idx_addr        =0;
    uint32_t line_ed_idx_addr        =0;
    uint32_t line_grad_addr          =0;
    uint32_t line_width_addr         =0;
    switch(line_idx) {
        case 0: {line_st_idx_addr    = FOSD_LINE_START_XY_0;
                 line_ed_idx_addr    = FOSD_LINE_END_XY_0  ; 
                 line_grad_addr      = FOSD_LINE_K_0       ; 
                // line_width_addr     = FOSD_LINE_START_XY_0; 
        break;}
        case 1: {line_st_idx_addr    = FOSD_LINE_START_XY_1;
                 line_ed_idx_addr    = FOSD_LINE_END_XY_1  ; 
                 line_grad_addr      = FOSD_LINE_K_1       ; 
                // line_width_addr     = FOSD_MODE_INFO_1_1  ; 
        break;}
        case 2: {line_st_idx_addr    = FOSD_LINE_START_XY_2;
                 line_ed_idx_addr    = FOSD_LINE_END_XY_2  ; 
                 line_grad_addr      = FOSD_LINE_K_2       ; 
                // line_width_addr     = FOSD_MODE_INFO_1_2  ; 
        break;}
        case 3: {line_st_idx_addr    = FOSD_LINE_START_XY_3;
                 line_ed_idx_addr    = FOSD_LINE_END_XY_3  ; 
                 line_grad_addr      = FOSD_LINE_K_3       ; 
                // line_width_addr     = FOSD_MODE_INFO_1_3  ; 
        break;}
        case 4: {line_st_idx_addr    = FOSD_LINE_START_XY_4;
                 line_ed_idx_addr    = FOSD_LINE_END_XY_4  ; 
                 line_grad_addr      = FOSD_LINE_K_4       ; 
                // line_width_addr     = FOSD_MODE_INFO_1_4  ; 
        break;}
        default: printf("[cfg_line_position] line_idx [%d] error,pls set again",line_idx);   
    }
    uint32_t line_st_idx_info = Rd(line_st_idx_addr);
             line_st_idx_info = (line_st_x<<18)|(line_st_y<<5)|line_st_idx_info|(line_width & 0xf);
             
    Wr(line_st_idx_addr ,line_st_idx_info);
    Wr(line_ed_idx_addr ,(line_ed_x<<13)|(line_ed_y<<0));
    Wr(line_grad_addr   ,line_grad                     );
    //Wr_reg_bits(line_width_addr,line_width,11,4);
}; 
void cfg_line_color(int line_idx, int line_color_r, int line_color_g, int line_color_b, int line_alpha){
    uint32_t line_color_addr        =0;
    switch(line_idx) {
        case 0: {line_color_addr         = FOSD_LINE_RGBA_0;
        break;}
        case 1: {line_color_addr         = FOSD_LINE_RGBA_1;
        break;}
        case 2: {line_color_addr         = FOSD_LINE_RGBA_2;
        break;}
        case 3: {line_color_addr         = FOSD_LINE_RGBA_3;
        break;}
        case 4: {line_color_addr         = FOSD_LINE_RGBA_4;
        break;}
        default: printf("[cfg_line_color] line_idx [%d] error,pls set again",line_idx);   
    }
    Wr(line_color_addr ,(line_alpha<<24)|(line_color_r<<16)|(line_color_g<<8)|line_color_b);
}; 

int get_line_k_abs (int line_st_x, int line_st_y, int line_ed_x, int line_ed_y)
{
    uint32_t dx   = abs(line_ed_x - line_st_x);
    uint32_t dy   = abs(line_ed_y - line_st_y);
    uint8_t     dx_max_dy = (dx > dy) ? 1 :0 ;
    uint32_t dy_new = dx_max_dy ? dy : dx;
    uint32_t dx_new = dx_max_dy ? dx : dy;
    uint32_t grad = dx_new ==0 ? 1<<16 : (dy_new<<16)/dx_new;//dx > dy ? (dy<<16)/dx :(dx<<16)/dy 
    return grad;
} 
void cfg_font_repack(MNT_OSD_FONT_REPACK_t *osd_font_repack_info)
{
    if(osd_font_repack_info->osd_font_rep_en==1){
        uint8_t  osd_font_gap= osd_font_repack_info->osd_font_gap;
        uint8_t  osd_font_nrep_num = osd_font_repack_info->osd_font_nrep_num;
        uint8_t  osd_font_rep_num = osd_font_repack_info->osd_font_rep_num;
        uint32_t osd_font_rep_st_addr[FOSD_FONT_REP_NUM];
        uint32_t osd_font_rep_sum_num[FOSD_FONT_REP_NUM];
        uint32_t osd_font_nrep_st_addr[FOSD_FONT_REP_NUM];
        uint32_t osd_font_nrep_sum_num[FOSD_FONT_REP_NUM];
        cfg_font_repack_gap(osd_font_gap);        
        for(int i=0;i<FOSD_FONT_REP_NUM;i++){
            osd_font_rep_st_addr[i]= osd_font_repack_info->osd_font_rep_st_addr[i];
            osd_font_rep_sum_num[i]= osd_font_repack_info->osd_font_rep_sum_num[i];
            osd_font_nrep_st_addr[i]= osd_font_repack_info->osd_font_nrep_st_addr[i];
            osd_font_nrep_sum_num[i]= osd_font_repack_info->osd_font_nrep_sum_num[i];
            if(i<osd_font_nrep_num){
                read_font_to_mem(font_1b_arr,osd_font_nrep_st_addr[i],osd_font_nrep_sum_num[i]);                
            }
            if(i<osd_font_rep_num){
                cfg_font_repack_mode(1);  
                switch(i){
                    case 0 : read_font_to_mem(osd_1b_font_repack_arr0,osd_font_rep_st_addr[i],osd_font_rep_sum_num[i]);break; 
                    case 1 : read_font_to_mem(osd_1b_font_repack_arr1,osd_font_rep_st_addr[i],osd_font_rep_sum_num[i]);break; 
                    case 2 : read_font_to_mem(osd_1b_font_repack_arr2,osd_font_rep_st_addr[i],osd_font_rep_sum_num[i]);break; 
                    case 3 : read_font_to_mem(osd_1b_font_repack_arr3,osd_font_rep_st_addr[i],osd_font_rep_sum_num[i]);break; 
                    case 4 : read_font_to_mem(osd_1b_font_repack_arr4,osd_font_rep_st_addr[i],osd_font_rep_sum_num[i]);break; 
                    default: printf("[cfg_font_repack] :arr [%d] error,have arr[%d],pls set again",i,osd_font_rep_num);  
                }      
                cfg_font_repack_mode(0);        
            }
        }
    }
}
void cfg_font_repack_mode(uint8_t repack_en )
{
    uint32_t font_repack_addr     = FOSD_FONT_REPACK_CTRL;
    Wr(font_repack_addr,repack_en);
}
void cfg_font_repack_gap(uint8_t font_gap)
{
    uint32_t font_repack_gap_addr = FOSD_FONT_REPACK_GAP;
    if(font_gap>0xf){
        printf("[cfg_font_repack_mode] font_gap [%d] error,need[0-f],pls set again",font_gap);
    }
    Wr(font_repack_gap_addr,font_gap);
}
void upd_init_arr(MNT_OSD_FONT_TYPE_t sel, uint32_t *arr )
{   
    switch(sel) {
        case FONT_TYPE_1B :   memcpy(font_1b_arr     ,arr,sizeof(arr))    ; break;
        case FONT_TYPE_2B :   memcpy(font_2b_arr     ,arr,sizeof(arr))    ; break;
        case FONT_TYPE_4B :   memcpy(font_4b_arr     ,arr,sizeof(arr))    ; break;
        case WIN0_TYPE_IDX:   memcpy(osd_win0_idx_arr,arr,sizeof(arr))   ; break;
        case WIN1_TYPE_IDX:   memcpy(osd_win1_idx_arr,arr,sizeof(arr))   ; break;
        case WIN2_TYPE_IDX:   memcpy(osd_win2_idx_arr,arr,sizeof(arr))   ; break;
        case WIN3_TYPE_IDX:   memcpy(osd_win3_idx_arr,arr,sizeof(arr))   ; break;
        case WIN4_TYPE_IDX:   memcpy(osd_win4_idx_arr,arr,sizeof(arr))   ; break;
        case WIN5_TYPE_IDX:   memcpy(osd_win5_idx_arr,arr,sizeof(arr))   ; break;
        case WIN6_TYPE_IDX:   memcpy(osd_win6_idx_arr,arr,sizeof(arr))   ; break;
        case WIN7_TYPE_IDX:   memcpy(osd_win7_idx_arr,arr,sizeof(arr))   ; break;
        case FONT_TYPE_REP0:   memcpy(osd_1b_font_repack_arr0,arr,sizeof(arr))   ; break;
        case FONT_TYPE_REP1:   memcpy(osd_1b_font_repack_arr1,arr,sizeof(arr))   ; break;
        case FONT_TYPE_REP2:   memcpy(osd_1b_font_repack_arr2,arr,sizeof(arr))   ; break;
        case FONT_TYPE_REP3:   memcpy(osd_1b_font_repack_arr3,arr,sizeof(arr))   ; break;
        case FONT_TYPE_REP4:   memcpy(osd_1b_font_repack_arr4,arr,sizeof(arr))   ; break;
        default: printf("[upd_init_arr] :arr [%d] error,pls set again",sel);  
    }      
}
#ifdef VPU_FPGA_EN
void init_osd_win_font_fpga(MNT_OSD_t *mnt_vpu_osd)
{
    //strcpy(mnt_vpu_osd->osd_win_info.osd_win_idx_file[0] ,"/home/wenqiang.ge/work/project_ms1/ucode/vpu/osd_info/win0_idx.txt");
    //strcpy(mnt_vpu_osd->osd_win_info.osd_win_idx_file[1] ,"/home/wenqiang.ge/work/project_ms1/ucode/vpu/osd_info/win0_idx.txt");
    //strcpy(mnt_vpu_osd->osd_win_info.osd_win_idx_file[2] ,"/home/wenqiang.ge/work/project_ms1/ucode/vpu/osd_info/win0_idx.txt");
    //strcpy(mnt_vpu_osd->osd_win_info.osd_win_idx_file[3] ,"/home/wenqiang.ge/work/project_ms1/ucode/vpu/osd_info/win0_idx.txt");
    //strcpy(mnt_vpu_osd->osd_win_info.osd_win_idx_file[4] ,"/home/wenqiang.ge/work/project_ms1/ucode/vpu/osd_info/win0_idx.txt");
    //strcpy(mnt_vpu_osd->osd_win_info.osd_win_idx_file[5] ,"/home/wenqiang.ge/work/project_ms1/ucode/vpu/osd_info/win0_idx.txt");
    //strcpy(mnt_vpu_osd->osd_win_info.osd_win_idx_file[6] ,"/home/wenqiang.ge/work/project_ms1/ucode/vpu/osd_info/win0_idx.txt");
    //strcpy(mnt_vpu_osd->osd_win_info.osd_win_idx_file[7] ,"/home/wenqiang.ge/work/project_ms1/ucode/vpu/osd_info/win0_idx.txt");
    //strcpy(mnt_vpu_osd->osd_win_info.osd_1bit_font_file,"/home/wenqiang.ge/work/project_ms1/ucode/vpu/osd_info/1bit_font.txt");
    //strcpy(mnt_vpu_osd->osd_win_info.osd_2bit_font_file,"/home/wenqiang.ge/work/project_ms1/ucode/vpu/osd_info/2bit_font.txt");
    //strcpy(mnt_vpu_osd->osd_win_info.osd_4bit_font_file,"/home/wenqiang.ge/work/project_ms1/ucode/vpu/osd_info/4b_font.txt");
    //strcpy(mnt_vpu_osd->osd_win_info.osd_color_file    ,"/home/wenqiang.ge/work/project_ms1/ucode/vpu/osd_info/color_data.txt"       );

    mnt_vpu_osd->osd_win_info.osd_win_addr_st[0] = 0; 
    mnt_vpu_osd->osd_win_info.osd_win_lt_x[0]    = 304;
    mnt_vpu_osd->osd_win_info.osd_win_lt_y[0]    = 126;

    for(int i=0;i<FOSD_WIN_NUM;i++){
        mnt_vpu_osd->osd_win_info.osd_win_en[i]        = (i%FOSD_WIN_NUM==0);
        mnt_vpu_osd->osd_win_info.osd_win_vflip_en[i]  = 0;
        mnt_vpu_osd->osd_win_info.osd_win_hmirr_en[i]  = 0;
        mnt_vpu_osd->osd_win_info.osd_font_vflip_en[i] = 0;
        mnt_vpu_osd->osd_win_info.osd_font_hmirr_en[i] = 0;
        mnt_vpu_osd->osd_win_info.osd_blend_alpha[i]   = 0xef;

        mnt_vpu_osd->osd_win_info.osd_font_hnum[i]    = i==0 ? 56 : 0;
        mnt_vpu_osd->osd_win_info.osd_font_vnum[i]    = i==0 ? 26 : 0; 
        if(i>0){
            mnt_vpu_osd->osd_win_info.osd_win_lt_x[i]    = mnt_vpu_osd->osd_win_info.osd_win_lt_x[i-1]+mnt_vpu_osd->osd_win_info.osd_font_hnum[i-1]*FOSD_FONT_HNUM+5;
            mnt_vpu_osd->osd_win_info.osd_win_lt_y[i]    = mnt_vpu_osd->osd_win_info.osd_win_lt_y[i-1]+5;
        
            mnt_vpu_osd->osd_win_info.osd_win_addr_st[i] = mnt_vpu_osd->osd_win_info.osd_win_addr_st[i-1]+ mnt_vpu_osd->osd_win_info.osd_font_hnum[i-1]*mnt_vpu_osd->osd_win_info.osd_font_vnum[i-1];
        } 
    }
    mnt_vpu_osd->osd_win_info.osd_win_rot_90        =  0;
    mnt_vpu_osd->osd_win_info.osd_win_rot_180       =  0;
    mnt_vpu_osd->osd_win_info.osd_win_rot_270       =  0;
    
    mnt_vpu_osd->osd_win_info.osd_2bit_font_idx_st_th = 512;
    mnt_vpu_osd->osd_win_info.osd_4bit_font_idx_st_th = 512+512;

    mnt_vpu_osd->osd_win_info.osd_1bit_font_addr_st =  mnt_vpu_osd->osd_win_info.osd_win_addr_st[FOSD_WIN_NUM-1]+ mnt_vpu_osd->osd_win_info.osd_font_hnum[FOSD_WIN_NUM-1]*mnt_vpu_osd->osd_win_info.osd_font_vnum[FOSD_WIN_NUM-1]+100;
    mnt_vpu_osd->osd_win_info.osd_2bit_font_addr_st =  mnt_vpu_osd->osd_win_info.osd_1bit_font_addr_st + (mnt_vpu_osd->osd_win_info.osd_2bit_font_idx_st_th*FOSD_FONT_HNUM*FOSD_FONT_VNUM)/FOSD_SHARE_RAM_WID;
    mnt_vpu_osd->osd_win_info.osd_4bit_font_addr_st =  mnt_vpu_osd->osd_win_info.osd_2bit_font_addr_st + ((mnt_vpu_osd->osd_win_info.osd_4bit_font_idx_st_th-mnt_vpu_osd->osd_win_info.osd_2bit_font_idx_st_th)*FOSD_FONT_HNUM*FOSD_FONT_VNUM*2)/FOSD_SHARE_RAM_WID;

}

void init_osd_rect_fpga(MNT_OSD_t *mnt_vpu_osd)
{
    for(int i=0;i<FOSD_RECT_NUM;i++){
        mnt_vpu_osd->osd_rect_info.osd_rect_en[i]       =0;
        mnt_vpu_osd->osd_rect_info.osd_rect_st_x[i]     =80+i*10;
        mnt_vpu_osd->osd_rect_info.osd_rect_st_y[i]     =80+i*10;
        mnt_vpu_osd->osd_rect_info.osd_rect_w[i]        =80+i*10;
        mnt_vpu_osd->osd_rect_info.osd_rect_h[i]        =60+i*10;
        mnt_vpu_osd->osd_rect_info.osd_rect_thick[i]    =10+i;
        mnt_vpu_osd->osd_rect_info.osd_rect_grad_mode[i]= i==0 ? RECT_PURE :i==1 ? RECT_HORI_GRAD:i==2 ? RECT_HORI_CENTER_GRAD:i==3 ?RECT_VERT_GRAD:RECT_BILA_CENTER_GRAD;
        mnt_vpu_osd->osd_rect_info.osd_rect_mode[i]     =i>0;
        mnt_vpu_osd->osd_rect_info.osd_rect_step_r[i]   =2;
        mnt_vpu_osd->osd_rect_info.osd_rect_step_g[i]   =2;
        mnt_vpu_osd->osd_rect_info.osd_rect_step_b[i]   =2;
        mnt_vpu_osd->osd_rect_info.osd_rect_st_r[i]     =128-i*10;
        mnt_vpu_osd->osd_rect_info.osd_rect_st_g[i]     =100-i*10;
        mnt_vpu_osd->osd_rect_info.osd_rect_st_b[i]     =88-i*10;
        mnt_vpu_osd->osd_rect_info.osd_rect_ed_r[i]     =228-i*10;
        mnt_vpu_osd->osd_rect_info.osd_rect_ed_g[i]     =200-i*10;
        mnt_vpu_osd->osd_rect_info.osd_rect_ed_b[i]     =188-i*10;
        mnt_vpu_osd->osd_rect_info.osd_rect_alpha[i]    =0x1f;
    } 
}

void init_osd_ellip_fpga(MNT_OSD_t *mnt_vpu_osd)
{
    for(int i=0;i<FOSD_ELLIP_NUM;i++){
        mnt_vpu_osd->osd_ellip_info.osd_ellip_en[i]         =i==0 ? 1 : 0;
        mnt_vpu_osd->osd_ellip_info.osd_ellip_mode[i]       =i==0 ? 1 : 0;
        mnt_vpu_osd->osd_ellip_info.osd_ellip_center_x[i]   =640;
        mnt_vpu_osd->osd_ellip_info.osd_ellip_center_y[i]   =360;
        mnt_vpu_osd->osd_ellip_info.osd_ellip_hor_radius[i] =478;
        mnt_vpu_osd->osd_ellip_info.osd_ellip_ver_radius[i] =338;
        mnt_vpu_osd->osd_ellip_info.osd_ellip_thick[i]      =5;
        mnt_vpu_osd->osd_ellip_info.osd_ellip_r[i]          =255;
        mnt_vpu_osd->osd_ellip_info.osd_ellip_g[i]          =0;
        mnt_vpu_osd->osd_ellip_info.osd_ellip_b[i]          =8;
        mnt_vpu_osd->osd_ellip_info.osd_ellip_alpha[i]      =0x7f;
    } 
}

void init_osd_line_fpga(MNT_OSD_t *mnt_vpu_osd)
{
    for(int i=0;i<FOSD_LINE_NUM;i++){
        mnt_vpu_osd->osd_line_info.osd_line_en[i]         =i<4 ? 1 :0;
        mnt_vpu_osd->osd_line_info.osd_line_st_x[i]       =i==0 ? 304-74 :i==1 ? 976+74 :i==2 ? 304-74 :i==3 ? 976+74 :0;
        mnt_vpu_osd->osd_line_info.osd_line_st_y[i]       =i==0 ? 126+52 :i==1 ? 126+52 :i==2 ? 594-52 :i==3 ? 594-52 :0;
        mnt_vpu_osd->osd_line_info.osd_line_ed_x[i]       =i==0 ? 304+172:i==1 ? 976-172:i==2 ? 304+172:i==3 ? 976-172:0;
        mnt_vpu_osd->osd_line_info.osd_line_ed_y[i]       =i==0 ? 126-120:i==1 ? 126-120:i==2 ? 594+120:i==3 ? 594+120:0;
        mnt_vpu_osd->osd_line_info.osd_line_thick[i]      =5;
        mnt_vpu_osd->osd_line_info.osd_line_r[i]          =245;
        mnt_vpu_osd->osd_line_info.osd_line_g[i]          =241;
        mnt_vpu_osd->osd_line_info.osd_line_b[i]          =7;
        mnt_vpu_osd->osd_line_info.osd_line_alpha[i]      =0xaf;
    } 
}

#endif 
