#include <stdint.h>
uint32_t vout_bcon_spi_one_lane_setting[] = {
0x0301, 0x06405010,
0x0302, 0x01010007,
0x0303, 0x0001513d,
0x0304, 0x00200020,
0x0305, 0xc0002000,
0x0328, 0x3d07fe00,
0x0307, 0x3d07fc80,
0x0308, 0x0fa00000,
0x0309, 0x0fa00000,
0x030a, 0x0f9c0000,
0x030b, 0x00101fff,
0x030c, 0x1fff1fff,
0x0311, 0x700081ff,
0x0312, 0x01000000,
0x0313, 0x03000200,
0x0316, 0x0ce83fff,
0x0319, 0x00200008,
0x031e, 0x00000100,
0x0305, 0xc0002100,
0x0320, 0x00000340,
0x031a, 0x7b000000,
0x031b, 0x20c50180,
0x0329, 0x0000100f,
0x0352, 0x00000410,
0x0340, 0xa5a60000,
0x0355, 0x006403e8,
0x0356, 0x0308230f,
0x0358, 0x4507d006,
0x0359, 0x000403e6,
0x035a, 0x00000064,
0x0367, 0x0fff8240,
0x0369, 0x3d07fec0,
0x036e, 0x000033c1,
0x036f, 0x00000200,
0x0340, 0xa5a70000,
0x0300, 0x00000040,
0x0352, 0x000004d0,
0x0340, 0xa5a60000,
0x060a, 0x00000001,
0x0700, 0x000001df,
0x0701, 0x000001de,
0x0702, 0x000001dd,
0x0703, 0x000001dc,
0x0704, 0x000001db,
0x0705, 0x000001da,
0x0706, 0x000001d9,
0x0707, 0x000001d8,
0x0708, 0x000001d7,
0x0709, 0x000001d6,
0x070a, 0x000001d5,
0x070b, 0x000001d4,
0x070c, 0x000001d3,
0x070d, 0x000001d2,
0x070e, 0x000001d1,
0x070f, 0x000001d0,
0x0710, 0x000001cf,
0x0711, 0x000001ce,
0x0712, 0x000001cd,
0x0713, 0x000001cc,
0x0714, 0x000001cb,
0x0715, 0x000001ca,
0x0716, 0x000001c9,
0x0717, 0x000001c8,
0x0718, 0x000001c7,
0x0719, 0x000001c6,
0x071a, 0x000001c5,
0x071b, 0x000001c4,
0x071c, 0x000001c3,
0x071d, 0x000001c2,
0x071e, 0x000001c1,
0x071f, 0x000001c0,
0x0720, 0x0000019f,
0x0721, 0x0000019e,
0x0722, 0x0000019d,
0x0723, 0x0000019c,
0x0724, 0x0000019b,
0x0725, 0x0000019a,
0x0726, 0x00000199,
0x0727, 0x00000198,
0x0728, 0x00000197,
0x0729, 0x00000196,
0x072a, 0x00000195,
0x072b, 0x00000194,
0x072c, 0x00000193,
0x072d, 0x00000192,
0x072e, 0x00000191,
0x072f, 0x00000190,
0x0730, 0x0000018f,
0x0731, 0x0000018e,
0x0732, 0x0000018d,
0x0733, 0x0000018c,
0x0734, 0x0000018b,
0x0735, 0x0000018a,
0x0736, 0x00000189,
0x0737, 0x00000188,
0x0738, 0x00000187,
0x0739, 0x00000186,
0x073a, 0x00000185,
0x073b, 0x00000184,
0x073c, 0x00000183,
0x073d, 0x00000182,
0x073e, 0x00000181,
0x073f, 0x00000180,
0x0740, 0x0000015f,
0x0741, 0x0000015e,
0x0742, 0x0000015d,
0x0743, 0x0000015c,
0x0744, 0x0000015b,
0x0745, 0x0000015a,
0x0746, 0x00000159,
0x0747, 0x00000158,
0x0748, 0x00000157,
0x0749, 0x00000156,
0x074a, 0x00000155,
0x074b, 0x00000154,
0x074c, 0x00000153,
0x074d, 0x00000152,
0x074e, 0x00000151,
0x074f, 0x00000150,
0x0750, 0x0000014f,
0x0751, 0x0000014e,
0x0752, 0x0000014d,
0x0753, 0x0000014c,
0x0754, 0x0000014b,
0x0755, 0x0000014a,
0x0756, 0x00000149,
0x0757, 0x00000148,
0x0758, 0x00000147,
0x0759, 0x00000146,
0x075a, 0x00000145,
0x075b, 0x00000144,
0x075c, 0x00000143,
0x075d, 0x00000142,
0x075e, 0x00000141,
0x075f, 0x00000140,
0x0760, 0x0000011f,
0x0761, 0x0000011e,
0x0762, 0x0000011d,
0x0763, 0x0000011c,
0x0764, 0x0000011b,
0x0765, 0x0000011a,
0x0766, 0x00000119,
0x0767, 0x00000118,
0x0768, 0x00000117,
0x0769, 0x00000116,
0x076a, 0x00000115,
0x076b, 0x00000114,
0x076c, 0x00000113,
0x076d, 0x00000112,
0x076e, 0x00000111,
0x076f, 0x00000110,
0x0770, 0x0000010f,
0x0771, 0x0000010e,
0x0772, 0x0000010d,
0x0773, 0x0000010c,
0x0774, 0x0000010b,
0x0775, 0x0000010a,
0x0776, 0x00000109,
0x0777, 0x00000108,
0x0778, 0x00000107,
0x0779, 0x00000106,
0x077a, 0x00000105,
0x077b, 0x00000104,
0x077c, 0x00000103,
0x077d, 0x00000102,
0x077e, 0x00000101,
0x077f, 0x00000100,
0x0780, 0x000000df,
0x0781, 0x000000de,
0x0782, 0x000000dd,
0x0783, 0x000000dc,
0x0784, 0x000000db,
0x0785, 0x000000da,
0x0786, 0x000000d9,
0x0787, 0x000000d8,
0x0788, 0x000000d7,
0x0789, 0x000000d6,
0x078a, 0x000000d5,
0x078b, 0x000000d4,
0x078c, 0x000000d3,
0x078d, 0x000000d2,
0x078e, 0x000000d1,
0x078f, 0x000000d0,
0x0790, 0x000000cf,
0x0791, 0x000000ce,
0x0792, 0x000000cd,
0x0793, 0x000000cc,
0x0794, 0x000000cb,
0x0795, 0x000000ca,
0x0796, 0x000000c9,
0x0797, 0x000000c8,
0x0798, 0x000000c7,
0x0799, 0x000000c6,
0x079a, 0x000000c5,
0x079b, 0x000000c4,
0x079c, 0x000000c3,
0x079d, 0x000000c2,
0x079e, 0x000000c1,
0x079f, 0x000000c0,
0x07a0, 0x0000009f,
0x07a1, 0x0000009e,
0x07a2, 0x0000009d,
0x07a3, 0x0000009c,
0x07a4, 0x0000009b,
0x07a5, 0x0000009a,
0x07a6, 0x00000099,
0x07a7, 0x00000098,
0x07a8, 0x00000097,
0x07a9, 0x00000096,
0x07aa, 0x00000095,
0x07ab, 0x00000094,
0x07ac, 0x00000093,
0x07ad, 0x00000092,
0x07ae, 0x00000091,
0x07af, 0x00000090,
0x07b0, 0x0000008f,
0x07b1, 0x0000008e,
0x07b2, 0x0000008d,
0x07b3, 0x0000008c,
0x07b4, 0x0000008b,
0x07b5, 0x0000008a,
0x07b6, 0x00000089,
0x07b7, 0x00000088,
0x07b8, 0x00000087,
0x07b9, 0x00000086,
0x07ba, 0x00000085,
0x07bb, 0x00000084,
0x07bc, 0x00000083,
0x07bd, 0x00000082,
0x07be, 0x00000081,
0x07bf, 0x00000080,
0x07c0, 0x0000005f,
0x07c1, 0x0000005e,
0x07c2, 0x0000005d,
0x07c3, 0x0000005c,
0x07c4, 0x0000005b,
0x07c5, 0x0000005a,
0x07c6, 0x00000059,
0x07c7, 0x00000058,
0x07c8, 0x00000057,
0x07c9, 0x00000056,
0x07ca, 0x00000055,
0x07cb, 0x00000054,
0x07cc, 0x00000053,
0x07cd, 0x00000052,
0x07ce, 0x00000051,
0x07cf, 0x00000050,
0x07d0, 0x0000004f,
0x07d1, 0x0000004e,
0x07d2, 0x0000004d,
0x07d3, 0x0000004c,
0x07d4, 0x0000004b,
0x07d5, 0x0000004a,
0x07d6, 0x00000049,
0x07d7, 0x00000048,
0x07d8, 0x00000047,
0x07d9, 0x00000046,
0x07da, 0x00000045,
0x07db, 0x00000044,
0x07dc, 0x00000043,
0x07dd, 0x00000042,
0x07de, 0x00000041,
0x07df, 0x00000040,
0x07e0, 0x0000001f,
0x07e1, 0x0000001e,
0x07e2, 0x0000001d,
0x07e3, 0x0000001c,
0x07e4, 0x0000001b,
0x07e5, 0x0000001a,
0x07e6, 0x00000019,
0x07e7, 0x00000018,
0x07e8, 0x00000017,
0x07e9, 0x00000016,
0x07ea, 0x00000015,
0x07eb, 0x00000014,
0x07ec, 0x00000013,
0x07ed, 0x00000012,
0x07ee, 0x00000011,
0x07ef, 0x00000010,
0x07f0, 0x0000000f,
0x07f1, 0x0000000e,
0x07f2, 0x0000000d,
0x07f3, 0x0000000c,
0x07f4, 0x0000000b,
0x07f5, 0x0000000a,
0x07f6, 0x00000009,
0x07f7, 0x00000008,
0x07f8, 0x00000007,
0x07f9, 0x00000006,
0x07fa, 0x00000005,
0x07fb, 0x00000004,
0x07fc, 0x00000003,
0x07fd, 0x00000002,
0x07fe, 0x00000001,
0x07ff, 0x00000000,
0x0800, 0x00000000,
0x0801, 0x00000000,
0x0802, 0x00000000,
0x0803, 0x00000000,
0x0804, 0x00000000,
0x0805, 0x00000000,
0x0806, 0x00000000,
0x0807, 0x00000000,
0x0808, 0x00000000,
0x0809, 0x00000000,
0x080a, 0x00000000,
0x080b, 0x00000000,
0x080c, 0x00000000,
0x080d, 0x00000000,
0x080e, 0x00000000,
0x080f, 0x00000000,
0x0810, 0x00000000,
0x0811, 0x00000000,
0x0812, 0x00000000,
0x0813, 0x00000000,
0x0814, 0x00000000,
0x0815, 0x00000000,
0x0816, 0x00000000,
0x0817, 0x00000000,
0x0818, 0x00000000,
0x0819, 0x00000000,
0x081a, 0x00000000,
0x081b, 0x00000000,
0x081c, 0x00000000,
0x081d, 0x00000000,
0x081e, 0x00000000,
0x081f, 0x00000000,
0x0820, 0x00000000,
0x0821, 0x00000000,
0x0822, 0x00000000,
0x0823, 0x00000000,
0x0824, 0x00000000,
0x0825, 0x00000000,
0x0826, 0x00000000,
0x0827, 0x00000000,
0x0828, 0x00000000,
0x0829, 0x00000000,
0x082a, 0x00000000,
0x082b, 0x00000000,
0x082c, 0x00000000,
0x082d, 0x00000000,
0x082e, 0x00000000,
0x082f, 0x00000000,
0x0830, 0x00000000,
0x0831, 0x00000000,
0x0832, 0x00000000,
0x0833, 0x00000000,
0x0834, 0x00000000,
0x0835, 0x00000000,
0x0836, 0x00000000,
0x0837, 0x00000000,
0x0838, 0x00000000,
0x0839, 0x00000000,
0x083a, 0x00000000,
0x083b, 0x00000000,
0x083c, 0x00000000,
0x083d, 0x00000000,
0x083e, 0x00000000,
0x083f, 0x00000000,
0x0840, 0x00000000,
0x0841, 0x00000000,
0x0842, 0x00000000,
0x0843, 0x00000000,
0x0844, 0x00000000,
0x0845, 0x00000000,
0x0846, 0x00000000,
0x0847, 0x00000000,
0x0848, 0x00000000,
0x0849, 0x00000000,
0x084a, 0x00000000,
0x084b, 0x00000000,
0x084c, 0x00000000,
0x084d, 0x00000000,
0x084e, 0x00000000,
0x084f, 0x00000000,
0x0850, 0x00000000,
0x0851, 0x00000000,
0x0852, 0x00000000,
0x0853, 0x00000000,
0x0854, 0x00000000,
0x0855, 0x00000000,
0x0856, 0x00000000,
0x0857, 0x00000000,
0x0858, 0x00000000,
0x0859, 0x00000000,
0x085a, 0x00000000,
0x085b, 0x00000000,
0x085c, 0x00000000,
0x085d, 0x00000000,
0x085e, 0x00000000,
0x085f, 0x00000000,
0x0860, 0x00000000,
0x0861, 0x00000000,
0x0862, 0x00000000,
0x0863, 0x00000000,
0x0864, 0x00000000,
0x0865, 0x00000000,
0x0866, 0x00000000,
0x0867, 0x00000000,
0x0868, 0x00000000,
0x0869, 0x00000000,
0x086a, 0x00000000,
0x086b, 0x00000000,
0x086c, 0x00000000,
0x086d, 0x00000000,
0x086e, 0x00000000,
0x086f, 0x00000000,
0x0870, 0x00000000,
0x0871, 0x00000000,
0x0872, 0x00000000,
0x0873, 0x00000000,
0x0874, 0x00000000,
0x0875, 0x00000000,
0x0876, 0x00000000,
0x0877, 0x00000000,
0x0878, 0x00000000,
0x0879, 0x00000000,
0x087a, 0x00000000,
0x087b, 0x00000000,
0x087c, 0x00000000,
0x087d, 0x00000000,
0x087e, 0x00000000,
0x087f, 0x00000000,
0x0880, 0x00000000,
0x0881, 0x00000000,
0x0882, 0x00000000,
0x0883, 0x00000000,
0x0884, 0x00000000,
0x0885, 0x00000000,
0x0886, 0x00000000,
0x0887, 0x00000000,
0x0888, 0x00000000,
0x0889, 0x00000000,
0x088a, 0x00000000,
0x088b, 0x00000000,
0x088c, 0x00000000,
0x088d, 0x00000000,
0x088e, 0x00000000,
0x088f, 0x00000000,
0x0890, 0x00000000,
0x0891, 0x00000000,
0x0892, 0x00000000,
0x0893, 0x00000000,
0x0894, 0x00000000,
0x0895, 0x00000000,
0x0896, 0x00000000,
0x0897, 0x00000000,
0x0898, 0x00000000,
0x0899, 0x00000000,
0x089a, 0x00000000,
0x089b, 0x00000000,
0x089c, 0x00000000,
0x089d, 0x00000000,
0x089e, 0x00000000,
0x089f, 0x00000000,
0x08a0, 0x00000000,
0x08a1, 0x00000000,
0x08a2, 0x00000000,
0x08a3, 0x00000000,
0x08a4, 0x00000000,
0x08a5, 0x00000000,
0x08a6, 0x00000000,
0x08a7, 0x00000000,
0x08a8, 0x00000000,
0x08a9, 0x00000000,
0x08aa, 0x00000000,
0x08ab, 0x00000000,
0x08ac, 0x00000000,
0x08ad, 0x00000000,
0x08ae, 0x00000000,
0x08af, 0x00000000,
0x08b0, 0x00000000,
0x08b1, 0x00000000,
0x08b2, 0x00000000,
0x08b3, 0x00000000,
0x08b4, 0x00000000,
0x08b5, 0x00000000,
0x08b6, 0x00000000,
0x08b7, 0x00000000,
0x08b8, 0x00000000,
0x08b9, 0x00000000,
0x08ba, 0x00000000,
0x08bb, 0x00000000,
0x08bc, 0x00000000,
0x08bd, 0x00000000,
0x08be, 0x00000000,
0x08bf, 0x00000000,
0x08c0, 0x00000000,
0x08c1, 0x00000000,
0x08c2, 0x00000000,
0x08c3, 0x00000000,
0x08c4, 0x00000000,
0x08c5, 0x00000000,
0x08c6, 0x00000000,
0x08c7, 0x00000000,
0x08c8, 0x00000000,
0x08c9, 0x00000000,
0x08ca, 0x00000000,
0x08cb, 0x00000000,
0x08cc, 0x00000000,
0x08cd, 0x00000000,
0x08ce, 0x00000000,
0x08cf, 0x00000000,
0x08d0, 0x00000000,
0x08d1, 0x00000000,
0x08d2, 0x00000000,
0x08d3, 0x00000000,
0x08d4, 0x00000000,
0x08d5, 0x00000000,
0x08d6, 0x00000000,
0x08d7, 0x00000000,
0x08d8, 0x00000000,
0x08d9, 0x00000000,
0x08da, 0x00000000,
0x08db, 0x00000000,
0x08dc, 0x00000000,
0x08dd, 0x00000000,
0x08de, 0x00000000,
0x08df, 0x00000000,
0x08e0, 0x00000000,
0x08e1, 0x00000000,
0x08e2, 0x00000000,
0x08e3, 0x00000000,
0x08e4, 0x00000000,
0x08e5, 0x00000000,
0x08e6, 0x00000000,
0x08e7, 0x00000000,
0x08e8, 0x00000000,
0x08e9, 0x00000000,
0x08ea, 0x00000000,
0x08eb, 0x00000000,
0x08ec, 0x00000000,
0x08ed, 0x00000000,
0x08ee, 0x00000000,
0x08ef, 0x00000000,
0x08f0, 0x00000000,
0x08f1, 0x00000000,
0x08f2, 0x00000000,
0x08f3, 0x00000000,
0x08f4, 0x00000000,
0x08f5, 0x00000000,
0x08f6, 0x00000000,
0x08f7, 0x00000000,
0x08f8, 0x00000000,
0x08f9, 0x00000000,
0x08fa, 0x00000000,
0x08fb, 0x00000000,
0x08fc, 0x00000000,
0x08fd, 0x00000000,
0x08fe, 0x00000000,
0x08ff, 0x00000000,
0x0900, 0x00000000,
0x0901, 0x00000000,
0x0902, 0x00000000,
0x0903, 0x00000000,
0x0904, 0x00000000,
0x0905, 0x00000000,
0x0906, 0x00000000,
0x0907, 0x00000000,
0x0908, 0x00000000,
0x0909, 0x00000000,
0x090a, 0x00000000,
0x090b, 0x00000000,
0x090c, 0x00000000,
0x090d, 0x00000000,
0x090e, 0x00000000,
0x090f, 0x00000000,
0x0910, 0x00000000,
0x0911, 0x00000000,
0x0912, 0x00000000,
0x0913, 0x00000000,
0x0914, 0x00000000,
0x0915, 0x00000000,
0x0916, 0x00000000,
0x0917, 0x00000000,
0x0918, 0x00000000,
0x0919, 0x00000000,
0x091a, 0x00000000,
0x091b, 0x00000000,
0x091c, 0x00000000,
0x091d, 0x00000000,
0x091e, 0x00000000,
0x091f, 0x00000000,
0x0920, 0x00000000,
0x0921, 0x00000000,
0x0922, 0x00000000,
0x0923, 0x00000000,
0x0924, 0x00000000,
0x0925, 0x00000000,
0x0926, 0x00000000,
0x0927, 0x00000000,
0x0928, 0x00000000,
0x0929, 0x00000000,
0x092a, 0x00000000,
0x092b, 0x00000000,
0x092c, 0x00000000,
0x092d, 0x00000000,
0x092e, 0x00000000,
0x092f, 0x00000000,
0x0930, 0x00000000,
0x0931, 0x00000000,
0x0932, 0x00000000,
0x0933, 0x00000000,
0x0934, 0x00000000,
0x0935, 0x00000000,
0x0936, 0x00000000,
0x0937, 0x00000000,
0x0938, 0x00000000,
0x0939, 0x00000000,
0x093a, 0x00000000,
0x093b, 0x00000000,
0x093c, 0x00000000,
0x093d, 0x00000000,
0x093e, 0x00000000,
0x093f, 0x00000000,
0x0940, 0x00000000,
0x0941, 0x00000000,
0x0942, 0x00000000,
0x0943, 0x00000000,
0x0944, 0x00000000,
0x0945, 0x00000000,
0x0946, 0x00000000,
0x0947, 0x00000000,
0x0948, 0x00000000,
0x0949, 0x00000000,
0x094a, 0x00000000,
0x094b, 0x00000000,
0x094c, 0x00000000,
0x094d, 0x00000000,
0x094e, 0x00000000,
0x094f, 0x00000000,
0x0950, 0x00000000,
0x0951, 0x00000000,
0x0952, 0x00000000,
0x0953, 0x00000000,
0x0954, 0x00000000,
0x0955, 0x00000000,
0x0956, 0x00000000,
0x0957, 0x00000000,
0x0958, 0x00000000,
0x0959, 0x00000000,
0x095a, 0x00000000,
0x095b, 0x00000000,
0x095c, 0x00000000,
0x095d, 0x00000000,
0x095e, 0x00000000,
0x095f, 0x00000000,
0x0960, 0x00000000,
0x0961, 0x00000000,
0x0962, 0x00000000,
0x0963, 0x00000000,
0x0964, 0x00000000,
0x0965, 0x00000000,
0x0966, 0x00000000,
0x0967, 0x00000000,
0x0968, 0x00000000,
0x0969, 0x00000000,
0x096a, 0x00000000,
0x096b, 0x00000000,
0x096c, 0x00000000,
0x096d, 0x00000000,
0x096e, 0x00000000,
0x096f, 0x00000000,
0x0970, 0x00000000,
0x0971, 0x00000000,
0x0972, 0x00000000,
0x0973, 0x00000000,
0x0974, 0x00000000,
0x0975, 0x00000000,
0x0976, 0x00000000,
0x0977, 0x00000000,
0x0978, 0x00000000,
0x0979, 0x00000000,
0x097a, 0x00000000,
0x097b, 0x00000000,
0x097c, 0x00000000,
0x097d, 0x00000000,
0x097e, 0x00000000,
0x097f, 0x00000000,
0x0980, 0x00000000,
0x0981, 0x00000000,
0x0982, 0x00000000,
0x0983, 0x00000000,
0x0984, 0x00000000,
0x0985, 0x00000000,
0x0986, 0x00000000,
0x0987, 0x00000000,
0x0988, 0x00000000,
0x0989, 0x00000000,
0x098a, 0x00000000,
0x098b, 0x00000000,
0x098c, 0x00000000,
0x098d, 0x00000000,
0x098e, 0x00000000,
0x098f, 0x00000000,
0x0990, 0x00000000,
0x0991, 0x00000000,
0x0992, 0x00000000,
0x0993, 0x00000000,
0x0994, 0x00000000,
0x0995, 0x00000000,
0x0996, 0x00000000,
0x0997, 0x00000000,
0x0998, 0x00000000,
0x0999, 0x00000000,
0x099a, 0x00000000,
0x099b, 0x00000000,
0x099c, 0x00000000,
0x099d, 0x00000000,
0x099e, 0x00000000,
0x099f, 0x00000000,
0x09a0, 0x00000000,
0x09a1, 0x00000000,
0x09a2, 0x00000000,
0x09a3, 0x00000000,
0x09a4, 0x00000000,
0x09a5, 0x00000000,
0x09a6, 0x00000000,
0x09a7, 0x00000000,
0x09a8, 0x00000000,
0x09a9, 0x00000000,
0x09aa, 0x00000000,
0x09ab, 0x00000000,
0x09ac, 0x00000000,
0x09ad, 0x00000000,
0x09ae, 0x00000000,
0x09af, 0x00000000,
0x09b0, 0x00000000,
0x09b1, 0x00000000,
0x09b2, 0x00000000,
0x09b3, 0x00000000,
0x09b4, 0x00000000,
0x09b5, 0x00000000,
0x09b6, 0x00000000,
0x09b7, 0x00000000,
0x09b8, 0x00000000,
0x09b9, 0x00000000,
0x09ba, 0x00000000,
0x09bb, 0x00000000,
0x09bc, 0x00000000,
0x09bd, 0x00000000,
0x09be, 0x00000000,
0x09bf, 0x00000000,
0x09c0, 0x00000000,
0x09c1, 0x00000000,
0x09c2, 0x00000000,
0x09c3, 0x00000000,
0x09c4, 0x00000000,
0x09c5, 0x00000000,
0x09c6, 0x00000000,
0x09c7, 0x00000000,
0x09c8, 0x00000000,
0x09c9, 0x00000000,
0x09ca, 0x00000000,
0x09cb, 0x00000000,
0x09cc, 0x00000000,
0x09cd, 0x00000000,
0x09ce, 0x00000000,
0x09cf, 0x00000000,
0x09d0, 0x00000000,
0x09d1, 0x00000000,
0x09d2, 0x00000000,
0x09d3, 0x00000000,
0x09d4, 0x00000000,
0x09d5, 0x00000000,
0x09d6, 0x00000000,
0x09d7, 0x00000000,
0x09d8, 0x00000000,
0x09d9, 0x00000000,
0x09da, 0x00000000,
0x09db, 0x00000000,
0x09dc, 0x00000000,
0x09dd, 0x00000000,
0x09de, 0x00000000,
0x09df, 0x00000000,
0x09e0, 0x00000000,
0x09e1, 0x00000000,
0x09e2, 0x00000000,
0x09e3, 0x00000000,
0x09e4, 0x00000000,
0x09e5, 0x00000000,
0x09e6, 0x00000000,
0x09e7, 0x00000000,
0x09e8, 0x00000000,
0x09e9, 0x00000000,
0x09ea, 0x00000000,
0x09eb, 0x00000000,
0x09ec, 0x00000000,
0x09ed, 0x00000000,
0x09ee, 0x00000000,
0x09ef, 0x00000000,
0x09f0, 0x00000000,
0x09f1, 0x00000000,
0x09f2, 0x00000000,
0x09f3, 0x00000000,
0x09f4, 0x00000000,
0x09f5, 0x00000000,
0x09f6, 0x00000000,
0x09f7, 0x00000000,
0x09f8, 0x00000000,
0x09f9, 0x00000000,
0x09fa, 0x00000000,
0x09fb, 0x00000000,
0x09fc, 0x00000000,
0x09fd, 0x00000000,
0x09fe, 0x00000000,
0x09ff, 0x00000000,
0x0a00, 0x00000000,
0x0a01, 0x00000000,
0x0a02, 0x00000000,
0x0a03, 0x00000000,
0x0a04, 0x00000000,
0x0a05, 0x00000000,
0x0a06, 0x00000000,
0x0a07, 0x00000000,
0x0a08, 0x00000000,
0x0a09, 0x00000000,
0x0a0a, 0x00000000,
0x0a0b, 0x00000000,
0x0a0c, 0x00000000,
0x0a0d, 0x00000000,
0x0a0e, 0x00000000,
0x0a0f, 0x00000000,
0x0a10, 0x00000000,
0x0a11, 0x00000000,
0x0a12, 0x00000000,
0x0a13, 0x00000000,
0x0a14, 0x00000000,
0x0a15, 0x00000000,
0x0a16, 0x00000000,
0x0a17, 0x00000000,
0x0a18, 0x00000000,
0x0a19, 0x00000000,
0x0a1a, 0x00000000,
0x0a1b, 0x00000000,
0x0a1c, 0x00000000,
0x0a1d, 0x00000000,
0x0a1e, 0x00000000,
0x0a1f, 0x00000000,
0x0a20, 0x00000000,
0x0a21, 0x00000000,
0x0a22, 0x00000000,
0x0a23, 0x00000000,
0x0a24, 0x00000000,
0x0a25, 0x00000000,
0x0a26, 0x00000000,
0x0a27, 0x00000000,
0x0a28, 0x00000000,
0x0a29, 0x00000000,
0x0a2a, 0x00000000,
0x0a2b, 0x00000000,
0x0a2c, 0x00000000,
0x0a2d, 0x00000000,
0x0a2e, 0x00000000,
0x0a2f, 0x00000000,
0x0a30, 0x00000000,
0x0a31, 0x00000000,
0x0a32, 0x00000000,
0x0a33, 0x00000000,
0x0a34, 0x00000000,
0x0a35, 0x00000000,
0x0a36, 0x00000000,
0x0a37, 0x00000000,
0x0a38, 0x00000000,
0x0a39, 0x00000000,
0x0a3a, 0x00000000,
0x0a3b, 0x00000000,
0x0a3c, 0x00000000,
0x0a3d, 0x00000000,
0x0a3e, 0x00000000,
0x0a3f, 0x00000000,
0x0a40, 0x00000000,
0x0a41, 0x00000000,
0x0a42, 0x00000000,
0x0a43, 0x00000000,
0x0a44, 0x00000000,
0x0a45, 0x00000000,
0x0a46, 0x00000000,
0x0a47, 0x00000000,
0x0a48, 0x00000000,
0x0a49, 0x00000000,
0x0a4a, 0x00000000,
0x0a4b, 0x00000000,
0x0a4c, 0x00000000,
0x0a4d, 0x00000000,
0x0a4e, 0x00000000,
0x0a4f, 0x00000000,
0x0a50, 0x00000000,
0x0a51, 0x00000000,
0x0a52, 0x00000000,
0x0a53, 0x00000000,
0x0a54, 0x00000000,
0x0a55, 0x00000000,
0x0a56, 0x00000000,
0x0a57, 0x00000000,
0x0a58, 0x00000000,
0x0a59, 0x00000000,
0x0a5a, 0x00000000,
0x0a5b, 0x00000000,
0x0a5c, 0x00000000,
0x0a5d, 0x00000000,
0x0a5e, 0x00000000,
0x0a5f, 0x00000000,
0x0a60, 0x00000000,
0x0a61, 0x00000000,
0x0a62, 0x00000000,
0x0a63, 0x00000000,
0x0a64, 0x00000000,
0x0a65, 0x00000000,
0x0a66, 0x00000000,
0x0a67, 0x00000000,
0x0a68, 0x00000000,
0x0a69, 0x00000000,
0x0a6a, 0x00000000,
0x0a6b, 0x00000000,
0x0a6c, 0x00000000,
0x0a6d, 0x00000000,
0x0a6e, 0x00000000,
0x0a6f, 0x00000000,
0x0a70, 0x00000000,
0x0a71, 0x00000000,
0x0a72, 0x00000000,
0x0a73, 0x00000000,
0x0a74, 0x00000000,
0x0a75, 0x00000000,
0x0a76, 0x00000000,
0x0a77, 0x00000000,
0x0a78, 0x00000000,
0x0a79, 0x00000000,
0x0a7a, 0x00000000,
0x0a7b, 0x00000000,
0x0a7c, 0x00000000,
0x0a7d, 0x00000000,
0x0a7e, 0x00000000,
0x0a7f, 0x00000000,
0x0a80, 0x00000000,
0x0a81, 0x00000000,
0x0a82, 0x00000000,
0x0a83, 0x00000000,
0x0a84, 0x00000000,
0x0a85, 0x00000000,
0x0a86, 0x00000000,
0x0a87, 0x00000000,
0x0a88, 0x00000000,
0x0a89, 0x00000000,
0x0a8a, 0x00000000,
0x0a8b, 0x00000000,
0x0a8c, 0x00000000,
0x0a8d, 0x00000000,
0x0a8e, 0x00000000,
0x0a8f, 0x00000000,
0x0a90, 0x00000000,
0x0a91, 0x00000000,
0x0a92, 0x00000000,
0x0a93, 0x00000000,
0x0a94, 0x00000000,
0x0a95, 0x00000000,
0x0a96, 0x00000000,
0x0a97, 0x00000000,
0x0a98, 0x00000000,
0x0a99, 0x00000000,
0x0a9a, 0x00000000,
0x0a9b, 0x00000000,
0x0a9c, 0x00000000,
0x0a9d, 0x00000000,
0x0a9e, 0x00000000,
0x0a9f, 0x00000000,
0x0aa0, 0x00000000,
0x0aa1, 0x00000000,
0x0aa2, 0x00000000,
0x0aa3, 0x00000000,
0x0aa4, 0x00000000,
0x0aa5, 0x00000000,
0x0aa6, 0x00000000,
0x0aa7, 0x00000000,
0x0aa8, 0x00000000,
0x0aa9, 0x00000000,
0x0aaa, 0x00000000,
0x0aab, 0x00000000,
0x0aac, 0x00000000,
0x0aad, 0x00000000,
0x0aae, 0x00000000,
0x0aaf, 0x00000000,
0x0ab0, 0x00000000,
0x0ab1, 0x00000000,
0x0ab2, 0x00000000,
0x0ab3, 0x00000000,
0x0ab4, 0x00000000,
0x0ab5, 0x00000000,
0x0ab6, 0x00000000,
0x0ab7, 0x00000000,
0x0ab8, 0x00000000,
0x0ab9, 0x00000000,
0x0aba, 0x00000000,
0x0abb, 0x00000000,
0x0abc, 0x00000000,
0x0abd, 0x00000000,
0x0abe, 0x00000000,
0x0abf, 0x00000000,
0x0ac0, 0x00000000,
0x0ac1, 0x00000000,
0x0ac2, 0x00000000,
0x0ac3, 0x00000000,
0x0ac4, 0x00000000,
0x0ac5, 0x00000000,
0x0ac6, 0x00000000,
0x0ac7, 0x00000000,
0x0ac8, 0x00000000,
0x0ac9, 0x00000000,
0x0aca, 0x00000000,
0x0acb, 0x00000000,
0x0acc, 0x00000000,
0x0acd, 0x00000000,
0x0ace, 0x00000000,
0x0acf, 0x00000000,
0x0ad0, 0x00000000,
0x0ad1, 0x00000000,
0x0ad2, 0x00000000,
0x0ad3, 0x00000000,
0x0ad4, 0x00000000,
0x0ad5, 0x00000000,
0x0ad6, 0x00000000,
0x0ad7, 0x00000000,
0x0ad8, 0x00000000,
0x0ad9, 0x00000000,
0x0ada, 0x00000000,
0x0adb, 0x00000000,
0x0adc, 0x00000000,
0x0add, 0x00000000,
0x0ade, 0x00000000,
0x0adf, 0x00000000,
0x0ae0, 0x00000000,
0x0ae1, 0x00000000,
0x0ae2, 0x00000000,
0x0ae3, 0x00000000,
0x0ae4, 0x00000000,
0x0ae5, 0x00000000,
0x0ae6, 0x00000000,
0x0ae7, 0x00000000,
0x0ae8, 0x00000000,
0x0ae9, 0x00000000,
0x0aea, 0x00000000,
0x0aeb, 0x00000000,
0x0aec, 0x00000000,
0x0aed, 0x00000000,
0x0aee, 0x00000000,
0x0aef, 0x00000000,
0x0af0, 0x00000000,
0x0af1, 0x00000000,
0x0af2, 0x00000000,
0x0af3, 0x00000000,
0x0af4, 0x00000000,
0x0af5, 0x00000000,
0x0af6, 0x00000000,
0x0af7, 0x00000000,
0x0af8, 0x00000000,
0x0af9, 0x00000000,
0x0afa, 0x00000000,
0x0afb, 0x00000000,
0x0afc, 0x00000000,
0x0afd, 0x00000000,
0x0afe, 0x00000000,
0x0aff, 0x00000000,
0x0b00, 0x00000000,
0x0b01, 0x00000000,
0x0b02, 0x00000000,
0x0b03, 0x00000000,
0x0b04, 0x00000000,
0x0b05, 0x00000000,
0x0b06, 0x00000000,
0x0b07, 0x00000000,
0x0b08, 0x00000000,
0x0b09, 0x00000000,
0x0b0a, 0x00000000,
0x0b0b, 0x00000000,
0x0b0c, 0x00000000,
0x0b0d, 0x00000000,
0x0b0e, 0x00000000,
0x0b0f, 0x00000000,
0x0b10, 0x00000000,
0x0b11, 0x00000000,
0x0b12, 0x00000000,
0x0b13, 0x00000000,
0x0b14, 0x00000000,
0x0b15, 0x00000000,
0x0b16, 0x00000000,
0x0b17, 0x00000000,
0x0b18, 0x00000000,
0x0b19, 0x00000000,
0x0b1a, 0x00000000,
0x0b1b, 0x00000000,
0x0b1c, 0x00000000,
0x0b1d, 0x00000000,
0x0b1e, 0x00000000,
0x0b1f, 0x00000000,
0x0b20, 0x00000000,
0x0b21, 0x00000000,
0x0b22, 0x00000000,
0x0b23, 0x00000000,
0x0b24, 0x00000000,
0x0b25, 0x00000000,
0x0b26, 0x00000000,
0x0b27, 0x00000000,
0x0b28, 0x00000000,
0x0b29, 0x00000000,
0x0b2a, 0x00000000,
0x0b2b, 0x00000000,
0x0b2c, 0x00000000,
0x0b2d, 0x00000000,
0x0b2e, 0x00000000,
0x0b2f, 0x00000000,
0x0b30, 0x00000000,
0x0b31, 0x00000000,
0x0b32, 0x00000000,
0x0b33, 0x00000000,
0x0b34, 0x00000000,
0x0b35, 0x00000000,
0x0b36, 0x00000000,
0x0b37, 0x00000000,
0x0b38, 0x00000000,
0x0b39, 0x00000000,
0x0b3a, 0x00000000,
0x0b3b, 0x00000000,
0x0b3c, 0x00000000,
0x0b3d, 0x00000000,
0x0b3e, 0x00000000,
0x0b3f, 0x00000000,
0x0b40, 0x00000000,
0x0b41, 0x00000000,
0x0b42, 0x00000000,
0x0b43, 0x00000000,
0x0b44, 0x00000000,
0x0b45, 0x00000000,
0x0b46, 0x00000000,
0x0b47, 0x00000000,
0x0b48, 0x00000000,
0x0b49, 0x00000000,
0x0b4a, 0x00000000,
0x0b4b, 0x00000000,
0x0b4c, 0x00000000,
0x0b4d, 0x00000000,
0x0b4e, 0x00000000,
0x0b4f, 0x00000000,
0x0b50, 0x00000000,
0x0b51, 0x00000000,
0x0b52, 0x00000000,
0x0b53, 0x00000000,
0x0b54, 0x00000000,
0x0b55, 0x00000000,
0x0b56, 0x00000000,
0x0b57, 0x00000000,
0x0b58, 0x00000000,
0x0b59, 0x00000000,
0x0b5a, 0x00000000,
0x0b5b, 0x00000000,
0x0b5c, 0x00000000,
0x0b5d, 0x00000000,
0x0b5e, 0x00000000,
0x0b5f, 0x00000000,
0x0b60, 0x00000000,
0x0b61, 0x00000000,
0x0b62, 0x00000000,
0x0b63, 0x00000000,
0x0b64, 0x00000000,
0x0b65, 0x00000000,
0x0b66, 0x00000000,
0x0b67, 0x00000000,
0x0b68, 0x00000000,
0x0b69, 0x00000000,
0x0b6a, 0x00000000,
0x0b6b, 0x00000000,
0x0b6c, 0x00000000,
0x0b6d, 0x00000000,
0x0b6e, 0x00000000,
0x0b6f, 0x00000000,
0x0b70, 0x00000000,
0x0b71, 0x00000000,
0x0b72, 0x00000000,
0x0b73, 0x00000000,
0x0b74, 0x00000000,
0x0b75, 0x00000000,
0x0b76, 0x00000000,
0x0b77, 0x00000000,
0x0b78, 0x00000000,
0x0b79, 0x00000000,
0x0b7a, 0x00000000,
0x0b7b, 0x00000000,
0x0b7c, 0x00000000,
0x0b7d, 0x00000000,
0x0b7e, 0x00000000,
0x0b7f, 0x00000000,
0x0b80, 0x00000000,
0x0b81, 0x00000000,
0x0b82, 0x00000000,
0x0b83, 0x00000000,
0x0b84, 0x00000000,
0x0b85, 0x00000000,
0x0b86, 0x00000000,
0x0b87, 0x00000000,
0x0b88, 0x00000000,
0x0b89, 0x00000000,
0x0b8a, 0x00000000,
0x0b8b, 0x00000000,
0x0b8c, 0x00000000,
0x0b8d, 0x00000000,
0x0b8e, 0x00000000,
0x0b8f, 0x00000000,
0x0b90, 0x00000000,
0x0b91, 0x00000000,
0x0b92, 0x00000000,
0x0b93, 0x00000000,
0x0b94, 0x00000000,
0x0b95, 0x00000000,
0x0b96, 0x00000000,
0x0b97, 0x00000000,
0x0b98, 0x00000000,
0x0b99, 0x00000000,
0x0b9a, 0x00000000,
0x0b9b, 0x00000000,
0x0b9c, 0x00000000,
0x0b9d, 0x00000000,
0x0b9e, 0x00000000,
0x0b9f, 0x00000000,
0x0ba0, 0x00000000,
0x0ba1, 0x00000000,
0x0ba2, 0x00000000,
0x0ba3, 0x00000000,
0x0ba4, 0x00000000,
0x0ba5, 0x00000000,
0x0ba6, 0x00000000,
0x0ba7, 0x00000000,
0x0ba8, 0x00000000,
0x0ba9, 0x00000000,
0x0baa, 0x00000000,
0x0bab, 0x00000000,
0x0bac, 0x00000000,
0x0bad, 0x00000000,
0x0bae, 0x00000000,
0x0baf, 0x00000000,
0x0bb0, 0x00000000,
0x0bb1, 0x00000000,
0x0bb2, 0x00000000,
0x0bb3, 0x00000000,
0x0bb4, 0x00000000,
0x0bb5, 0x00000000,
0x0bb6, 0x00000000,
0x0bb7, 0x00000000,
0x0bb8, 0x00000000,
0x0bb9, 0x00000000,
0x0bba, 0x00000000,
0x0bbb, 0x00000000,
0x0bbc, 0x00000000,
0x0bbd, 0x00000000,
0x0bbe, 0x00000000,
0x0bbf, 0x00000000,
0x0bc0, 0x00000000,
0x0bc1, 0x00000000,
0x0bc2, 0x00000000,
0x0bc3, 0x00000000,
0x0bc4, 0x00000000,
0x0bc5, 0x00000000,
0x0bc6, 0x00000000,
0x0bc7, 0x00000000,
0x0bc8, 0x00000000,
0x0bc9, 0x00000000,
0x0bca, 0x00000000,
0x0bcb, 0x00000000,
0x0bcc, 0x00000000,
0x0bcd, 0x00000000,
0x0bce, 0x00000000,
0x0bcf, 0x00000000,
0x0bd0, 0x00000000,
0x0bd1, 0x00000000,
0x0bd2, 0x00000000,
0x0bd3, 0x00000000,
0x0bd4, 0x00000000,
0x0bd5, 0x00000000,
0x0bd6, 0x00000000,
0x0bd7, 0x00000000,
0x0bd8, 0x00000000,
0x0bd9, 0x00000000,
0x0bda, 0x00000000,
0x0bdb, 0x00000000,
0x0bdc, 0x00000000,
0x0bdd, 0x00000000,
0x0bde, 0x00000000,
0x0bdf, 0x00000000,
0x0be0, 0x00000000,
0x0be1, 0x00000000,
0x060a, 0x00000000,
0x0300, 0x00001040,
0x0300, 0x00000040,
0x0358, 0x4507d003,
0x032b, 0x00101000,
};

uint32_t bcon_case299_xsignal_setting[] = {
//0x200e, 0x0000001f,
//0x2000, 0x000089a9,
//0x2003, 0x0000007f,
//0x2009, 0x00000037,
//0x200d, 0x33fff000,
//0x200f, 0x00300300,
//0x0207, 0x00000001,
0x0300, 0x00000040,
0x0301, 0x00bb3429,
0x0302, 0x01820013,
0x0303, 0x00009000,
0x0305, 0x400000c8,
0x0306, 0x00002a26,
0x0307, 0x3d000780,
0x030a, 0x3cffff80,
0x030b, 0x00281fff,
0x030c, 0x1fff1fff,
0x0311, 0x7670806f,
0x0312, 0x00c80000,
0x0313, 0x02580190,
0x0316, 0x0ce89fff,
0x0317, 0x00b02c0b,
0x0318, 0x01605800,
0x0319, 0x00402c0b,
0x031a, 0x7a000000,
0x031b, 0x20c40180,
0x031c, 0x36000000,
0x031d, 0x20c59379,
0x031e, 0x00000040,
0x0320, 0x00000340,
0x0322, 0x0866b274,
0x0327, 0x00000000,
0x0329, 0x11ba300f,
0x032a, 0x00401800,
0x032c, 0xb0274006,
0x0333, 0xb24f851e,
0x0334, 0xc8000aba,
0x0335, 0x1e009000,
0x0336, 0x043bd414,
0x0337, 0x001003e8,
0x033b, 0x16345f6e,
0x033c, 0x48000000,
0x033d, 0x20ca0e81,
0x033e, 0x68000000,
0x033f, 0x20c53428,
0x0340, 0x27d00404,
0x0343, 0x0008c8ce,
0x0344, 0x000026d8,
0x0345, 0x00000014,
0x0351, 0x0000314c,
0x0352, 0x0003fc12,
0x0355, 0xdc7db705,
0x0356, 0x1b10298c,
0x0358, 0x06800010,
0x035a, 0x00000000,
0x0361, 0x077400b6,
0x0363, 0x000000fe,
0x0367, 0x0fff8040,
0x0369, 0xe0a5cd93,
0x036a, 0x740692d9,
0x036b, 0x59631335,
0x036e, 0x000233c0,
0x0371, 0x64731509,
0x0372, 0xda3bbb4a,
0x0373, 0x542a62b1,
0x060a, 0x00000001,
0x0700, 0x00000000,
0x0701, 0x00000001,
0x0702, 0x00000002,
0x0703, 0x00000003,
0x0704, 0x00000004,
0x0705, 0x00000005,
0x0706, 0x00000006,
0x0707, 0x00000007,
0x0708, 0x00000008,
0x0709, 0x00000009,
0x070a, 0x0000000a,
0x070b, 0x0000000b,
0x070c, 0x0000000c,
0x070d, 0x0000000d,
0x070e, 0x0000000e,
0x070f, 0x0000000f,
0x0710, 0x00000010,
0x0711, 0x00000011,
0x0712, 0x00000012,
0x0713, 0x00000013,
0x0714, 0x00000014,
0x0715, 0x00000015,
0x0716, 0x00000016,
0x0717, 0x00000017,
0x0718, 0x00000018,
0x0719, 0x00000019,
0x071a, 0x0000001a,
0x071b, 0x0000001b,
0x071c, 0x0000001c,
0x071d, 0x0000001d,
0x071e, 0x0000001e,
0x071f, 0x0000001f,
0x0720, 0x00000020,
0x0721, 0x00000021,
0x0722, 0x00000022,
0x0723, 0x00000023,
0x0724, 0x00000024,
0x0725, 0x00000025,
0x0726, 0x00000026,
0x0727, 0x00000027,
0x0728, 0x00000040,
0x0729, 0x00000041,
0x072a, 0x00000042,
0x072b, 0x00000043,
0x072c, 0x00000044,
0x072d, 0x00000045,
0x072e, 0x00000046,
0x072f, 0x00000047,
0x0730, 0x00000048,
0x0731, 0x00000049,
0x0732, 0x0000004a,
0x0733, 0x0000004b,
0x0734, 0x0000004c,
0x0735, 0x0000004d,
0x0736, 0x0000004e,
0x0737, 0x0000004f,
0x0738, 0x00000050,
0x0739, 0x00000051,
0x073a, 0x00000052,
0x073b, 0x00000053,
0x073c, 0x00000054,
0x073d, 0x00000055,
0x073e, 0x00000056,
0x073f, 0x00000057,
0x0740, 0x00000058,
0x0741, 0x00000059,
0x0742, 0x0000005a,
0x0743, 0x0000005b,
0x0744, 0x0000005c,
0x0745, 0x0000005d,
0x0746, 0x0000005e,
0x0747, 0x0000005f,
0x0748, 0x00000060,
0x0749, 0x00000061,
0x074a, 0x00000062,
0x074b, 0x00000063,
0x074c, 0x00000064,
0x074d, 0x00000065,
0x074e, 0x00000066,
0x074f, 0x00000067,
0x0750, 0x00000080,
0x0751, 0x00000081,
0x0752, 0x00000082,
0x0753, 0x00000083,
0x0754, 0x00000084,
0x0755, 0x00000085,
0x0756, 0x00000086,
0x0757, 0x00000087,
0x0758, 0x00000088,
0x0759, 0x00000089,
0x075a, 0x0000008a,
0x075b, 0x0000008b,
0x075c, 0x0000008c,
0x075d, 0x0000008d,
0x075e, 0x0000008e,
0x075f, 0x0000008f,
0x0760, 0x00000090,
0x0761, 0x00000091,
0x0762, 0x00000092,
0x0763, 0x00000093,
0x0764, 0x00000094,
0x0765, 0x00000095,
0x0766, 0x00000096,
0x0767, 0x00000097,
0x0768, 0x00000098,
0x0769, 0x00000099,
0x076a, 0x0000009a,
0x076b, 0x0000009b,
0x076c, 0x0000009c,
0x076d, 0x0000009d,
0x076e, 0x0000009e,
0x076f, 0x0000009f,
0x0770, 0x000000a0,
0x0771, 0x000000a1,
0x0772, 0x000000a2,
0x0773, 0x000000a3,
0x0774, 0x000000a4,
0x0775, 0x000000a5,
0x0776, 0x000000a6,
0x0777, 0x000000a7,
0x0778, 0x000000c0,
0x0779, 0x000000c1,
0x077a, 0x000000c2,
0x077b, 0x000000c3,
0x077c, 0x000000c4,
0x077d, 0x000000c5,
0x077e, 0x000000c6,
0x077f, 0x000000c7,
0x0780, 0x000000c8,
0x0781, 0x000000c9,
0x0782, 0x000000ca,
0x0783, 0x000000cb,
0x0784, 0x000000cc,
0x0785, 0x000000cd,
0x0786, 0x000000ce,
0x0787, 0x000000cf,
0x0788, 0x000000d0,
0x0789, 0x000000d1,
0x078a, 0x000000d2,
0x078b, 0x000000d3,
0x078c, 0x000000d4,
0x078d, 0x000000d5,
0x078e, 0x000000d6,
0x078f, 0x000000d7,
0x0790, 0x000000d8,
0x0791, 0x000000d9,
0x0792, 0x000000da,
0x0793, 0x000000db,
0x0794, 0x000000dc,
0x0795, 0x000000dd,
0x0796, 0x000000de,
0x0797, 0x000000df,
0x0798, 0x000000e0,
0x0799, 0x000000e1,
0x079a, 0x000000e2,
0x079b, 0x000000e3,
0x079c, 0x000000e4,
0x079d, 0x000000e5,
0x079e, 0x000000e6,
0x079f, 0x000000e7,
0x07a0, 0x00000100,
0x07a1, 0x00000101,
0x07a2, 0x00000102,
0x07a3, 0x00000103,
0x07a4, 0x00000104,
0x07a5, 0x00000105,
0x07a6, 0x00000106,
0x07a7, 0x00000107,
0x07a8, 0x00000108,
0x07a9, 0x00000109,
0x07aa, 0x0000010a,
0x07ab, 0x0000010b,
0x07ac, 0x0000010c,
0x07ad, 0x0000010d,
0x07ae, 0x0000010e,
0x07af, 0x0000010f,
0x07b0, 0x00000110,
0x07b1, 0x00000111,
0x07b2, 0x00000112,
0x07b3, 0x00000113,
0x07b4, 0x00000114,
0x07b5, 0x00000115,
0x07b6, 0x00000116,
0x07b7, 0x00000117,
0x07b8, 0x00000118,
0x07b9, 0x00000119,
0x07ba, 0x0000011a,
0x07bb, 0x0000011b,
0x07bc, 0x0000011c,
0x07bd, 0x0000011d,
0x07be, 0x0000011e,
0x07bf, 0x0000011f,
0x07c0, 0x00000120,
0x07c1, 0x00000121,
0x07c2, 0x00000122,
0x07c3, 0x00000123,
0x07c4, 0x00000124,
0x07c5, 0x00000125,
0x07c6, 0x00000126,
0x07c7, 0x00000127,
0x07c8, 0x00000140,
0x07c9, 0x00000141,
0x07ca, 0x00000142,
0x07cb, 0x00000143,
0x07cc, 0x00000144,
0x07cd, 0x00000145,
0x07ce, 0x00000146,
0x07cf, 0x00000147,
0x07d0, 0x00000148,
0x07d1, 0x00000149,
0x07d2, 0x0000014a,
0x07d3, 0x0000014b,
0x07d4, 0x0000014c,
0x07d5, 0x0000014d,
0x07d6, 0x0000014e,
0x07d7, 0x0000014f,
0x07d8, 0x00000150,
0x07d9, 0x00000151,
0x07da, 0x00000152,
0x07db, 0x00000153,
0x07dc, 0x00000154,
0x07dd, 0x00000155,
0x07de, 0x00000156,
0x07df, 0x00000157,
0x07e0, 0x00000158,
0x07e1, 0x00000159,
0x07e2, 0x0000015a,
0x07e3, 0x0000015b,
0x07e4, 0x0000015c,
0x07e5, 0x0000015d,
0x07e6, 0x0000015e,
0x07e7, 0x0000015f,
0x07e8, 0x00000160,
0x07e9, 0x00000161,
0x07ea, 0x00000162,
0x07eb, 0x00000163,
0x07ec, 0x00000164,
0x07ed, 0x00000165,
0x07ee, 0x00000166,
0x07ef, 0x00000167,
0x07f0, 0x00000180,
0x07f1, 0x00000181,
0x07f2, 0x00000182,
0x07f3, 0x00000183,
0x07f4, 0x00000184,
0x07f5, 0x00000185,
0x07f6, 0x00000186,
0x07f7, 0x00000187,
0x07f8, 0x00000188,
0x07f9, 0x00000189,
0x07fa, 0x0000018a,
0x07fb, 0x0000018b,
0x07fc, 0x0000018c,
0x07fd, 0x0000018d,
0x07fe, 0x0000018e,
0x07ff, 0x0000018f,
0x0800, 0x00000190,
0x0801, 0x00000191,
0x0802, 0x00000192,
0x0803, 0x00000193,
0x0804, 0x00000194,
0x0805, 0x00000195,
0x0806, 0x00000196,
0x0807, 0x00000197,
0x0808, 0x00000198,
0x0809, 0x00000199,
0x080a, 0x0000019a,
0x080b, 0x0000019b,
0x080c, 0x0000019c,
0x080d, 0x0000019d,
0x080e, 0x0000019e,
0x080f, 0x0000019f,
0x0810, 0x000001a0,
0x0811, 0x000001a1,
0x0812, 0x000001a2,
0x0813, 0x000001a3,
0x0814, 0x000001a4,
0x0815, 0x000001a5,
0x0816, 0x000001a6,
0x0817, 0x000001a7,
0x0818, 0x000001c0,
0x0819, 0x000001c1,
0x081a, 0x000001c2,
0x081b, 0x000001c3,
0x081c, 0x000001c4,
0x081d, 0x000001c5,
0x081e, 0x000001c6,
0x081f, 0x000001c7,
0x0820, 0x000001c8,
0x0821, 0x000001c9,
0x0822, 0x000001ca,
0x0823, 0x000001cb,
0x0824, 0x000001cc,
0x0825, 0x000001cd,
0x0826, 0x000001ce,
0x0827, 0x000001cf,
0x0828, 0x000001d0,
0x0829, 0x000001d1,
0x082a, 0x000001d2,
0x082b, 0x000001d3,
0x082c, 0x000001d4,
0x082d, 0x000001d5,
0x082e, 0x000001d6,
0x082f, 0x000001d7,
0x0830, 0x000001d8,
0x0831, 0x000001d9,
0x0832, 0x000001da,
0x0833, 0x000001db,
0x0834, 0x000001dc,
0x0835, 0x000001dd,
0x0836, 0x000001de,
0x0837, 0x000001df,
0x0838, 0x000001e0,
0x0839, 0x000001e1,
0x083a, 0x000001e2,
0x083b, 0x000001e3,
0x083c, 0x000001e4,
0x083d, 0x000001e5,
0x083e, 0x000001e6,
0x083f, 0x000001e7,
0x0840, 0x00000200,
0x0841, 0x00000201,
0x0842, 0x00000202,
0x0843, 0x00000203,
0x0844, 0x00000204,
0x0845, 0x00000205,
0x0846, 0x00000206,
0x0847, 0x00000207,
0x0848, 0x00000208,
0x0849, 0x00000209,
0x084a, 0x0000020a,
0x084b, 0x0000020b,
0x084c, 0x0000020c,
0x084d, 0x0000020d,
0x084e, 0x0000020e,
0x084f, 0x0000020f,
0x0850, 0x00000210,
0x0851, 0x00000211,
0x0852, 0x00000212,
0x0853, 0x00000213,
0x0854, 0x00000214,
0x0855, 0x00000215,
0x0856, 0x00000216,
0x0857, 0x00000217,
0x0858, 0x00000218,
0x0859, 0x00000219,
0x085a, 0x0000021a,
0x085b, 0x0000021b,
0x085c, 0x0000021c,
0x085d, 0x0000021d,
0x085e, 0x0000021e,
0x085f, 0x0000021f,
0x0860, 0x00000220,
0x0861, 0x00000221,
0x0862, 0x00000222,
0x0863, 0x00000223,
0x0864, 0x00000224,
0x0865, 0x00000225,
0x0866, 0x00000226,
0x0867, 0x00000227,
0x0868, 0x00000240,
0x0869, 0x00000241,
0x086a, 0x00000242,
0x086b, 0x00000243,
0x086c, 0x00000244,
0x086d, 0x00000245,
0x086e, 0x00000246,
0x086f, 0x00000247,
0x0870, 0x00000248,
0x0871, 0x00000249,
0x0872, 0x0000024a,
0x0873, 0x0000024b,
0x0874, 0x0000024c,
0x0875, 0x0000024d,
0x0876, 0x0000024e,
0x0877, 0x0000024f,
0x0878, 0x00000250,
0x0879, 0x00000251,
0x087a, 0x00000252,
0x087b, 0x00000253,
0x087c, 0x00000254,
0x087d, 0x00000255,
0x087e, 0x00000256,
0x087f, 0x00000257,
0x0880, 0x00000258,
0x0881, 0x00000259,
0x0882, 0x0000025a,
0x0883, 0x0000025b,
0x0884, 0x0000025c,
0x0885, 0x0000025d,
0x0886, 0x0000025e,
0x0887, 0x0000025f,
0x0888, 0x00000260,
0x0889, 0x00000261,
0x088a, 0x00000262,
0x088b, 0x00000263,
0x088c, 0x00000264,
0x088d, 0x00000265,
0x088e, 0x00000266,
0x088f, 0x00000267,
0x0890, 0x00000280,
0x0891, 0x00000281,
0x0892, 0x00000282,
0x0893, 0x00000283,
0x0894, 0x00000284,
0x0895, 0x00000285,
0x0896, 0x00000286,
0x0897, 0x00000287,
0x0898, 0x00000288,
0x0899, 0x00000289,
0x089a, 0x0000028a,
0x089b, 0x0000028b,
0x089c, 0x0000028c,
0x089d, 0x0000028d,
0x089e, 0x0000028e,
0x089f, 0x0000028f,
0x08a0, 0x00000290,
0x08a1, 0x00000291,
0x08a2, 0x00000292,
0x08a3, 0x00000293,
0x08a4, 0x00000294,
0x08a5, 0x00000295,
0x08a6, 0x00000296,
0x08a7, 0x00000297,
0x08a8, 0x00000298,
0x08a9, 0x00000299,
0x08aa, 0x0000029a,
0x08ab, 0x0000029b,
0x08ac, 0x0000029c,
0x08ad, 0x0000029d,
0x08ae, 0x0000029e,
0x08af, 0x0000029f,
0x08b0, 0x000002a0,
0x08b1, 0x000002a1,
0x08b2, 0x000002a2,
0x08b3, 0x000002a3,
0x08b4, 0x000002a4,
0x08b5, 0x000002a5,
0x08b6, 0x000002a6,
0x08b7, 0x000002a7,
0x08b8, 0x000002c0,
0x08b9, 0x000002c1,
0x08ba, 0x000002c2,
0x08bb, 0x000002c3,
0x08bc, 0x000002c4,
0x08bd, 0x000002c5,
0x08be, 0x000002c6,
0x08bf, 0x000002c7,
0x08c0, 0x000002c8,
0x08c1, 0x000002c9,
0x08c2, 0x000002ca,
0x08c3, 0x000002cb,
0x08c4, 0x000002cc,
0x08c5, 0x000002cd,
0x08c6, 0x000002ce,
0x08c7, 0x000002cf,
0x08c8, 0x000002d0,
0x08c9, 0x000002d1,
0x08ca, 0x000002d2,
0x08cb, 0x000002d3,
0x08cc, 0x000002d4,
0x08cd, 0x000002d5,
0x08ce, 0x000002d6,
0x08cf, 0x000002d7,
0x08d0, 0x000002d8,
0x08d1, 0x000002d9,
0x08d2, 0x000002da,
0x08d3, 0x000002db,
0x08d4, 0x000002dc,
0x08d5, 0x000002dd,
0x08d6, 0x000002de,
0x08d7, 0x000002df,
0x08d8, 0x000002e0,
0x08d9, 0x000002e1,
0x08da, 0x000002e2,
0x08db, 0x000002e3,
0x08dc, 0x000002e4,
0x08dd, 0x000002e5,
0x08de, 0x000002e6,
0x08df, 0x000002e7,
0x08e0, 0x00000300,
0x08e1, 0x00000301,
0x08e2, 0x00000302,
0x08e3, 0x00000303,
0x08e4, 0x00000304,
0x08e5, 0x00000305,
0x08e6, 0x00000306,
0x08e7, 0x00000307,
0x08e8, 0x00000308,
0x08e9, 0x00000309,
0x08ea, 0x0000030a,
0x08eb, 0x0000030b,
0x08ec, 0x0000030c,
0x08ed, 0x0000030d,
0x08ee, 0x0000030e,
0x08ef, 0x0000030f,
0x08f0, 0x00000310,
0x08f1, 0x00000311,
0x08f2, 0x00000312,
0x08f3, 0x00000313,
0x08f4, 0x00000314,
0x08f5, 0x00000315,
0x08f6, 0x00000316,
0x08f7, 0x00000317,
0x08f8, 0x00000318,
0x08f9, 0x00000319,
0x08fa, 0x0000031a,
0x08fb, 0x0000031b,
0x08fc, 0x0000031c,
0x08fd, 0x0000031d,
0x08fe, 0x0000031e,
0x08ff, 0x0000031f,
0x0900, 0x00000320,
0x0901, 0x00000321,
0x0902, 0x00000322,
0x0903, 0x00000323,
0x0904, 0x00000324,
0x0905, 0x00000325,
0x0906, 0x00000326,
0x0907, 0x00000327,
0x0908, 0x00000340,
0x0909, 0x00000341,
0x090a, 0x00000342,
0x090b, 0x00000343,
0x090c, 0x00000344,
0x090d, 0x00000345,
0x090e, 0x00000346,
0x090f, 0x00000347,
0x0910, 0x00000348,
0x0911, 0x00000349,
0x0912, 0x0000034a,
0x0913, 0x0000034b,
0x0914, 0x0000034c,
0x0915, 0x0000034d,
0x0916, 0x0000034e,
0x0917, 0x0000034f,
0x0918, 0x00000350,
0x0919, 0x00000351,
0x091a, 0x00000352,
0x091b, 0x00000353,
0x091c, 0x00000354,
0x091d, 0x00000355,
0x091e, 0x00000356,
0x091f, 0x00000357,
0x0920, 0x00000358,
0x0921, 0x00000359,
0x0922, 0x0000035a,
0x0923, 0x0000035b,
0x0924, 0x0000035c,
0x0925, 0x0000035d,
0x0926, 0x0000035e,
0x0927, 0x0000035f,
0x0928, 0x00000360,
0x0929, 0x00000361,
0x092a, 0x00000362,
0x092b, 0x00000363,
0x092c, 0x00000364,
0x092d, 0x00000365,
0x092e, 0x00000366,
0x092f, 0x00000367,
0x0930, 0x00000380,
0x0931, 0x00000381,
0x0932, 0x00000382,
0x0933, 0x00000383,
0x0934, 0x00000384,
0x0935, 0x00000385,
0x0936, 0x00000386,
0x0937, 0x00000387,
0x0938, 0x00000388,
0x0939, 0x00000389,
0x093a, 0x0000038a,
0x093b, 0x0000038b,
0x093c, 0x0000038c,
0x093d, 0x0000038d,
0x093e, 0x0000038e,
0x093f, 0x0000038f,
0x0940, 0x00000390,
0x0941, 0x00000391,
0x0942, 0x00000392,
0x0943, 0x00000393,
0x0944, 0x00000394,
0x0945, 0x00000395,
0x0946, 0x00000396,
0x0947, 0x00000397,
0x0948, 0x00000398,
0x0949, 0x00000399,
0x094a, 0x0000039a,
0x094b, 0x0000039b,
0x094c, 0x0000039c,
0x094d, 0x0000039d,
0x094e, 0x0000039e,
0x094f, 0x0000039f,
0x0950, 0x000003a0,
0x0951, 0x000003a1,
0x0952, 0x000003a2,
0x0953, 0x000003a3,
0x0954, 0x000003a4,
0x0955, 0x000003a5,
0x0956, 0x000003a6,
0x0957, 0x000003a7,
0x0958, 0x000003c0,
0x0959, 0x000003c1,
0x095a, 0x000003c2,
0x095b, 0x000003c3,
0x095c, 0x000003c4,
0x095d, 0x000003c5,
0x095e, 0x000003c6,
0x095f, 0x000003c7,
0x0960, 0x000003c8,
0x0961, 0x000003c9,
0x0962, 0x000003ca,
0x0963, 0x000003cb,
0x0964, 0x000003cc,
0x0965, 0x000003cd,
0x0966, 0x000003ce,
0x0967, 0x000003cf,
0x0968, 0x000003d0,
0x0969, 0x000003d1,
0x096a, 0x000003d2,
0x096b, 0x000003d3,
0x096c, 0x000003d4,
0x096d, 0x000003d5,
0x096e, 0x000003d6,
0x096f, 0x000003d7,
0x0970, 0x000003d8,
0x0971, 0x000003d9,
0x0972, 0x000003da,
0x0973, 0x000003db,
0x0974, 0x000003dc,
0x0975, 0x000003dd,
0x0976, 0x000003de,
0x0977, 0x000003df,
0x0978, 0x000003e0,
0x0979, 0x000003e1,
0x097a, 0x000003e2,
0x097b, 0x000003e3,
0x097c, 0x000003e4,
0x097d, 0x000003e5,
0x097e, 0x000003e6,
0x097f, 0x000003e7,
0x0980, 0x00000400,
0x0981, 0x00000401,
0x0982, 0x00000402,
0x0983, 0x00000403,
0x0984, 0x00000404,
0x0985, 0x00000405,
0x0986, 0x00000406,
0x0987, 0x00000407,
0x0988, 0x00000408,
0x0989, 0x00000409,
0x098a, 0x0000040a,
0x098b, 0x0000040b,
0x098c, 0x0000040c,
0x098d, 0x0000040d,
0x098e, 0x0000040e,
0x098f, 0x0000040f,
0x0990, 0x00000410,
0x0991, 0x00000411,
0x0992, 0x00000412,
0x0993, 0x00000413,
0x0994, 0x00000414,
0x0995, 0x00000415,
0x0996, 0x00000416,
0x0997, 0x00000417,
0x0998, 0x00000418,
0x0999, 0x00000419,
0x099a, 0x0000041a,
0x099b, 0x0000041b,
0x099c, 0x0000041c,
0x099d, 0x0000041d,
0x099e, 0x0000041e,
0x099f, 0x0000041f,
0x09a0, 0x00000420,
0x09a1, 0x00000421,
0x09a2, 0x00000422,
0x09a3, 0x00000423,
0x09a4, 0x00000424,
0x09a5, 0x00000425,
0x09a6, 0x00000426,
0x09a7, 0x00000427,
0x09a8, 0x00000440,
0x09a9, 0x00000441,
0x09aa, 0x00000442,
0x09ab, 0x00000443,
0x09ac, 0x00000444,
0x09ad, 0x00000445,
0x09ae, 0x00000446,
0x09af, 0x00000447,
0x09b0, 0x00000448,
0x09b1, 0x00000449,
0x09b2, 0x0000044a,
0x09b3, 0x0000044b,
0x09b4, 0x0000044c,
0x09b5, 0x0000044d,
0x09b6, 0x0000044e,
0x09b7, 0x0000044f,
0x09b8, 0x00000450,
0x09b9, 0x00000451,
0x09ba, 0x00000452,
0x09bb, 0x00000453,
0x09bc, 0x00000454,
0x09bd, 0x00000455,
0x09be, 0x00000456,
0x09bf, 0x00000457,
0x09c0, 0x00000458,
0x09c1, 0x00000459,
0x09c2, 0x0000045a,
0x09c3, 0x0000045b,
0x09c4, 0x0000045c,
0x09c5, 0x0000045d,
0x09c6, 0x0000045e,
0x09c7, 0x0000045f,
0x09c8, 0x00000460,
0x09c9, 0x00000461,
0x09ca, 0x00000462,
0x09cb, 0x00000463,
0x09cc, 0x00000464,
0x09cd, 0x00000465,
0x09ce, 0x00000466,
0x09cf, 0x00000467,
0x09d0, 0x00000480,
0x09d1, 0x00000481,
0x09d2, 0x00000482,
0x09d3, 0x00000483,
0x09d4, 0x00000484,
0x09d5, 0x00000485,
0x09d6, 0x00000486,
0x09d7, 0x00000487,
0x09d8, 0x00000488,
0x09d9, 0x00000489,
0x09da, 0x0000048a,
0x09db, 0x0000048b,
0x09dc, 0x0000048c,
0x09dd, 0x0000048d,
0x09de, 0x0000048e,
0x09df, 0x0000048f,
0x09e0, 0x00000490,
0x09e1, 0x00000491,
0x09e2, 0x00000492,
0x09e3, 0x00000493,
0x09e4, 0x00000494,
0x09e5, 0x00000495,
0x09e6, 0x00000496,
0x09e7, 0x00000497,
0x09e8, 0x00000498,
0x09e9, 0x00000499,
0x09ea, 0x0000049a,
0x09eb, 0x0000049b,
0x09ec, 0x0000049c,
0x09ed, 0x0000049d,
0x09ee, 0x0000049e,
0x09ef, 0x0000049f,
0x09f0, 0x000004a0,
0x09f1, 0x000004a1,
0x09f2, 0x000004a2,
0x09f3, 0x000004a3,
0x09f4, 0x000004a4,
0x09f5, 0x000004a5,
0x09f6, 0x000004a6,
0x09f7, 0x000004a7,
0x09f8, 0x000004c0,
0x09f9, 0x000004c1,
0x09fa, 0x000004c2,
0x09fb, 0x000004c3,
0x09fc, 0x000004c4,
0x09fd, 0x000004c5,
0x09fe, 0x000004c6,
0x09ff, 0x000004c7,
0x0a00, 0x000004c8,
0x0a01, 0x000004c9,
0x0a02, 0x000004ca,
0x0a03, 0x000004cb,
0x0a04, 0x000004cc,
0x0a05, 0x000004cd,
0x0a06, 0x000004ce,
0x0a07, 0x000004cf,
0x0a08, 0x000004d0,
0x0a09, 0x000004d1,
0x0a0a, 0x000004d2,
0x0a0b, 0x000004d3,
0x0a0c, 0x000004d4,
0x0a0d, 0x000004d5,
0x0a0e, 0x000004d6,
0x0a0f, 0x000004d7,
0x0a10, 0x000004d8,
0x0a11, 0x000004d9,
0x0a12, 0x000004da,
0x0a13, 0x000004db,
0x0a14, 0x000004dc,
0x0a15, 0x000004dd,
0x0a16, 0x000004de,
0x0a17, 0x000004df,
0x0a18, 0x000004e0,
0x0a19, 0x000004e1,
0x0a1a, 0x000004e2,
0x0a1b, 0x000004e3,
0x0a1c, 0x000004e4,
0x0a1d, 0x000004e5,
0x0a1e, 0x000004e6,
0x0a1f, 0x000004e7,
0x0a20, 0x00000000,
0x0a21, 0x00000000,
0x0a22, 0x00000000,
0x0a23, 0x00000000,
0x0a24, 0x00000000,
0x0a25, 0x00000000,
0x0a26, 0x00000000,
0x0a27, 0x00000000,
0x0a28, 0x00000000,
0x0a29, 0x00000000,
0x0a2a, 0x00000000,
0x0a2b, 0x00000000,
0x0a2c, 0x00000000,
0x0a2d, 0x00000000,
0x0a2e, 0x00000000,
0x0a2f, 0x00000000,
0x0a30, 0x00000000,
0x0a31, 0x00000000,
0x0a32, 0x00000000,
0x0a33, 0x00000000,
0x0a34, 0x00000000,
0x0a35, 0x00000000,
0x0a36, 0x00000000,
0x0a37, 0x00000000,
0x0a38, 0x00000000,
0x0a39, 0x00000000,
0x0a3a, 0x00000000,
0x0a3b, 0x00000000,
0x0a3c, 0x00000000,
0x0a3d, 0x00000000,
0x0a3e, 0x00000000,
0x0a3f, 0x00000000,
0x0a40, 0x00000000,
0x0a41, 0x00000000,
0x0a42, 0x00000000,
0x0a43, 0x00000000,
0x0a44, 0x00000000,
0x0a45, 0x00000000,
0x0a46, 0x00000000,
0x0a47, 0x00000000,
0x0a48, 0x00000000,
0x0a49, 0x00000000,
0x0a4a, 0x00000000,
0x0a4b, 0x00000000,
0x0a4c, 0x00000000,
0x0a4d, 0x00000000,
0x0a4e, 0x00000000,
0x0a4f, 0x00000000,
0x0a50, 0x00000000,
0x0a51, 0x00000000,
0x0a52, 0x00000000,
0x0a53, 0x00000000,
0x0a54, 0x00000000,
0x0a55, 0x00000000,
0x0a56, 0x00000000,
0x0a57, 0x00000000,
0x0a58, 0x00000000,
0x0a59, 0x00000000,
0x0a5a, 0x00000000,
0x0a5b, 0x00000000,
0x0a5c, 0x00000000,
0x0a5d, 0x00000000,
0x0a5e, 0x00000000,
0x0a5f, 0x00000000,
0x0a60, 0x00000000,
0x0a61, 0x00000000,
0x0a62, 0x00000000,
0x0a63, 0x00000000,
0x0a64, 0x00000000,
0x0a65, 0x00000000,
0x0a66, 0x00000000,
0x0a67, 0x00000000,
0x0a68, 0x00000000,
0x0a69, 0x00000000,
0x0a6a, 0x00000000,
0x0a6b, 0x00000000,
0x0a6c, 0x00000000,
0x0a6d, 0x00000000,
0x0a6e, 0x00000000,
0x0a6f, 0x00000000,
0x0a70, 0x00000000,
0x0a71, 0x00000000,
0x0a72, 0x00000000,
0x0a73, 0x00000000,
0x0a74, 0x00000000,
0x0a75, 0x00000000,
0x0a76, 0x00000000,
0x0a77, 0x00000000,
0x0a78, 0x00000000,
0x0a79, 0x00000000,
0x0a7a, 0x00000000,
0x0a7b, 0x00000000,
0x0a7c, 0x00000000,
0x0a7d, 0x00000000,
0x0a7e, 0x00000000,
0x0a7f, 0x00000000,
0x0a80, 0x00000000,
0x0a81, 0x00000000,
0x0a82, 0x00000000,
0x0a83, 0x00000000,
0x0a84, 0x00000000,
0x0a85, 0x00000000,
0x0a86, 0x00000000,
0x0a87, 0x00000000,
0x0a88, 0x00000000,
0x0a89, 0x00000000,
0x0a8a, 0x00000000,
0x0a8b, 0x00000000,
0x0a8c, 0x00000000,
0x0a8d, 0x00000000,
0x0a8e, 0x00000000,
0x0a8f, 0x00000000,
0x0a90, 0x00000000,
0x0a91, 0x00000000,
0x0a92, 0x00000000,
0x0a93, 0x00000000,
0x0a94, 0x00000000,
0x0a95, 0x00000000,
0x0a96, 0x00000000,
0x0a97, 0x00000000,
0x0a98, 0x00000000,
0x0a99, 0x00000000,
0x0a9a, 0x00000000,
0x0a9b, 0x00000000,
0x0a9c, 0x00000000,
0x0a9d, 0x00000000,
0x0a9e, 0x00000000,
0x0a9f, 0x00000000,
0x0aa0, 0x00000000,
0x0aa1, 0x00000000,
0x0aa2, 0x00000000,
0x0aa3, 0x00000000,
0x0aa4, 0x00000000,
0x0aa5, 0x00000000,
0x0aa6, 0x00000000,
0x0aa7, 0x00000000,
0x0aa8, 0x00000000,
0x0aa9, 0x00000000,
0x0aaa, 0x00000000,
0x0aab, 0x00000000,
0x0aac, 0x00000000,
0x0aad, 0x00000000,
0x0aae, 0x00000000,
0x0aaf, 0x00000000,
0x0ab0, 0x00000000,
0x0ab1, 0x00000000,
0x0ab2, 0x00000000,
0x0ab3, 0x00000000,
0x0ab4, 0x00000000,
0x0ab5, 0x00000000,
0x0ab6, 0x00000000,
0x0ab7, 0x00000000,
0x0ab8, 0x00000000,
0x0ab9, 0x00000000,
0x0aba, 0x00000000,
0x0abb, 0x00000000,
0x0abc, 0x00000000,
0x0abd, 0x00000000,
0x0abe, 0x00000000,
0x0abf, 0x00000000,
0x0ac0, 0x00000000,
0x0ac1, 0x00000000,
0x0ac2, 0x00000000,
0x0ac3, 0x00000000,
0x0ac4, 0x00000000,
0x0ac5, 0x00000000,
0x0ac6, 0x00000000,
0x0ac7, 0x00000000,
0x0ac8, 0x00000000,
0x0ac9, 0x00000000,
0x0aca, 0x00000000,
0x0acb, 0x00000000,
0x0acc, 0x00000000,
0x0acd, 0x00000000,
0x0ace, 0x00000000,
0x0acf, 0x00000000,
0x0ad0, 0x00000000,
0x0ad1, 0x00000000,
0x0ad2, 0x00000000,
0x0ad3, 0x00000000,
0x0ad4, 0x00000000,
0x0ad5, 0x00000000,
0x0ad6, 0x00000000,
0x0ad7, 0x00000000,
0x0ad8, 0x00000000,
0x0ad9, 0x00000000,
0x0ada, 0x00000000,
0x0adb, 0x00000000,
0x0adc, 0x00000000,
0x0add, 0x00000000,
0x0ade, 0x00000000,
0x0adf, 0x00000000,
0x0ae0, 0x00000000,
0x0ae1, 0x00000000,
0x0ae2, 0x00000000,
0x0ae3, 0x00000000,
0x0ae4, 0x00000000,
0x0ae5, 0x00000000,
0x0ae6, 0x00000000,
0x0ae7, 0x00000000,
0x0ae8, 0x00000000,
0x0ae9, 0x00000000,
0x0aea, 0x00000000,
0x0aeb, 0x00000000,
0x0aec, 0x00000000,
0x0aed, 0x00000000,
0x0aee, 0x00000000,
0x0aef, 0x00000000,
0x0af0, 0x00000000,
0x0af1, 0x00000000,
0x0af2, 0x00000000,
0x0af3, 0x00000000,
0x0af4, 0x00000000,
0x0af5, 0x00000000,
0x0af6, 0x00000000,
0x0af7, 0x00000000,
0x0af8, 0x00000000,
0x0af9, 0x00000000,
0x0afa, 0x00000000,
0x0afb, 0x00000000,
0x0afc, 0x00000000,
0x0afd, 0x00000000,
0x0afe, 0x00000000,
0x0aff, 0x00000000,
0x0b00, 0x00000000,
0x0b01, 0x00000000,
0x0b02, 0x00000000,
0x0b03, 0x00000000,
0x0b04, 0x00000000,
0x0b05, 0x00000000,
0x0b06, 0x00000000,
0x0b07, 0x00000000,
0x0b08, 0x00000000,
0x0b09, 0x00000000,
0x0b0a, 0x00000000,
0x0b0b, 0x00000000,
0x0b0c, 0x00000000,
0x0b0d, 0x00000000,
0x0b0e, 0x00000000,
0x0b0f, 0x00000000,
0x0b10, 0x00000000,
0x0b11, 0x00000000,
0x0b12, 0x00000000,
0x0b13, 0x00000000,
0x0b14, 0x00000000,
0x0b15, 0x00000000,
0x0b16, 0x00000000,
0x0b17, 0x00000000,
0x0b18, 0x00000000,
0x0b19, 0x00000000,
0x0b1a, 0x00000000,
0x0b1b, 0x00000000,
0x0b1c, 0x00000000,
0x0b1d, 0x00000000,
0x0b1e, 0x00000000,
0x0b1f, 0x00000000,
0x0b20, 0x00000000,
0x0b21, 0x00000000,
0x0b22, 0x00000000,
0x0b23, 0x00000000,
0x0b24, 0x00000000,
0x0b25, 0x00000000,
0x0b26, 0x00000000,
0x0b27, 0x00000000,
0x0b28, 0x00000000,
0x0b29, 0x00000000,
0x0b2a, 0x00000000,
0x0b2b, 0x00000000,
0x0b2c, 0x00000000,
0x0b2d, 0x00000000,
0x0b2e, 0x00000000,
0x0b2f, 0x00000000,
0x0b30, 0x00000000,
0x0b31, 0x00000000,
0x0b32, 0x00000000,
0x0b33, 0x00000000,
0x0b34, 0x00000000,
0x0b35, 0x00000000,
0x0b36, 0x00000000,
0x0b37, 0x00000000,
0x0b38, 0x00000000,
0x0b39, 0x00000000,
0x0b3a, 0x00000000,
0x0b3b, 0x00000000,
0x0b3c, 0x00000000,
0x0b3d, 0x00000000,
0x0b3e, 0x00000000,
0x0b3f, 0x00000000,
0x0b40, 0x00000000,
0x0b41, 0x00000000,
0x0b42, 0x00000000,
0x0b43, 0x00000000,
0x0b44, 0x00000000,
0x0b45, 0x00000000,
0x0b46, 0x00000000,
0x0b47, 0x00000000,
0x0b48, 0x00000000,
0x0b49, 0x00000000,
0x0b4a, 0x00000000,
0x0b4b, 0x00000000,
0x0b4c, 0x00000000,
0x0b4d, 0x00000000,
0x0b4e, 0x00000000,
0x0b4f, 0x00000000,
0x0b50, 0x00000000,
0x0b51, 0x00000000,
0x0b52, 0x00000000,
0x0b53, 0x00000000,
0x0b54, 0x00000000,
0x0b55, 0x00000000,
0x0b56, 0x00000000,
0x0b57, 0x00000000,
0x0b58, 0x00000000,
0x0b59, 0x00000000,
0x0b5a, 0x00000000,
0x0b5b, 0x00000000,
0x0b5c, 0x00000000,
0x0b5d, 0x00000000,
0x0b5e, 0x00000000,
0x0b5f, 0x00000000,
0x0b60, 0x00000000,
0x0b61, 0x00000000,
0x0b62, 0x00000000,
0x0b63, 0x00000000,
0x0b64, 0x00000000,
0x0b65, 0x00000000,
0x0b66, 0x00000000,
0x0b67, 0x00000000,
0x0b68, 0x00000000,
0x0b69, 0x00000000,
0x0b6a, 0x00000000,
0x0b6b, 0x00000000,
0x0b6c, 0x00000000,
0x0b6d, 0x00000000,
0x0b6e, 0x00000000,
0x0b6f, 0x00000000,
0x0b70, 0x00000000,
0x0b71, 0x00000000,
0x0b72, 0x00000000,
0x0b73, 0x00000000,
0x0b74, 0x00000000,
0x0b75, 0x00000000,
0x0b76, 0x00000000,
0x0b77, 0x00000000,
0x0b78, 0x00000000,
0x0b79, 0x00000000,
0x0b7a, 0x00000000,
0x0b7b, 0x00000000,
0x0b7c, 0x00000000,
0x0b7d, 0x00000000,
0x0b7e, 0x00000000,
0x0b7f, 0x00000000,
0x0b80, 0x00000000,
0x0b81, 0x00000000,
0x0b82, 0x00000000,
0x0b83, 0x00000000,
0x0b84, 0x00000000,
0x0b85, 0x00000000,
0x0b86, 0x00000000,
0x0b87, 0x00000000,
0x0b88, 0x00000000,
0x0b89, 0x00000000,
0x0b8a, 0x00000000,
0x0b8b, 0x00000000,
0x0b8c, 0x00000000,
0x0b8d, 0x00000000,
0x0b8e, 0x00000000,
0x0b8f, 0x00000000,
0x0b90, 0x00000000,
0x0b91, 0x00000000,
0x0b92, 0x00000000,
0x0b93, 0x00000000,
0x0b94, 0x00000000,
0x0b95, 0x00000000,
0x0b96, 0x00000000,
0x0b97, 0x00000000,
0x0b98, 0x00000000,
0x0b99, 0x00000000,
0x0b9a, 0x00000000,
0x0b9b, 0x00000000,
0x0b9c, 0x00000000,
0x0b9d, 0x00000000,
0x0b9e, 0x00000000,
0x0b9f, 0x00000000,
0x0ba0, 0x00000000,
0x0ba1, 0x00000000,
0x0ba2, 0x00000000,
0x0ba3, 0x00000000,
0x0ba4, 0x00000000,
0x0ba5, 0x00000000,
0x0ba6, 0x00000000,
0x0ba7, 0x00000000,
0x0ba8, 0x00000000,
0x0ba9, 0x00000000,
0x0baa, 0x00000000,
0x0bab, 0x00000000,
0x0bac, 0x00000000,
0x0bad, 0x00000000,
0x0bae, 0x00000000,
0x0baf, 0x00000000,
0x0bb0, 0x00000000,
0x0bb1, 0x00000000,
0x0bb2, 0x00000000,
0x0bb3, 0x00000000,
0x0bb4, 0x00000000,
0x0bb5, 0x00000000,
0x0bb6, 0x00000000,
0x0bb7, 0x00000000,
0x0bb8, 0x00000000,
0x0bb9, 0x00000000,
0x0bba, 0x00000000,
0x0bbb, 0x00000000,
0x0bbc, 0x00000000,
0x0bbd, 0x00000000,
0x0bbe, 0x00000000,
0x0bbf, 0x00000000,
0x0bc0, 0x00000000,
0x0bc1, 0x00000000,
0x0bc2, 0x00000000,
0x0bc3, 0x00000000,
0x0bc4, 0x00000000,
0x0bc5, 0x00000000,
0x0bc6, 0x00000000,
0x0bc7, 0x00000000,
0x0bc8, 0x00000000,
0x0bc9, 0x00000000,
0x0bca, 0x00000000,
0x0bcb, 0x00000000,
0x0bcc, 0x00000000,
0x0bcd, 0x00000000,
0x0bce, 0x00000000,
0x0bcf, 0x00000000,
0x0bd0, 0x00000000,
0x0bd1, 0x00000000,
0x0bd2, 0x00000000,
0x0bd3, 0x00000000,
0x0bd4, 0x00000000,
0x0bd5, 0x00000000,
0x0bd6, 0x00000000,
0x0bd7, 0x00000000,
0x0bd8, 0x00000000,
0x0bd9, 0x00000000,
0x0bda, 0x00000000,
0x0bdb, 0x00000000,
0x0bdc, 0x00000000,
0x0bdd, 0x00000000,
0x0bde, 0x00000000,
0x0bdf, 0x00000000,
0x0be0, 0x00000000,
0x0be1, 0x00000000,
0x060a, 0x00000000,
0x0300, 0x00001040,
0x0300, 0x00000040,
};

uint32_t bcon_case995_silergy_setting[] = {
//0x200e, 0x0000001f,
//0x2000, 0x000089a9,
//0x2003, 0x0000007f,
//0x2009, 0x00000037,
//0x200d, 0x33fff000,
//0x200f, 0x00300300,
//0x0207, 0x00000001,
0x0300, 0x00000040,
0x0301, 0x08f06c1b,
0x0302, 0x0182000c,
0x0303, 0x0001110a,
0x0305, 0xc000203c,
0x0306, 0x0000033e,
0x0307, 0x3d000780,
0x030a, 0x3cffff80,
0x030b, 0x00281fff,
0x030c, 0x1fff1fff,
0x030d, 0x00000007,
0x030e, 0xffffffff,
0x0311, 0x70708324,
0x0312, 0x003c0000,
0x0313, 0x00b40078,
0x0316, 0x0ce85fff,
0x0317, 0x3825a788,
0x0318, 0x4c80b000,
0x0319, 0x00024487,
0x031a, 0x7f000000,
0x031b, 0x76e30140,
0x031c, 0x0d2f2cf3,
0x031d, 0x45e68c43,
0x031e, 0x00000040,
0x0320, 0x00000240,
0x0322, 0x14e7a674,
0x0327, 0x00000000,
0x0329, 0x4736300f,
0x032a, 0x00c01800,
0x032b, 0x00000200,
0x032c, 0xb8208006,
0x0333, 0xc96092bd,
0x0334, 0xd400196d,
0x0335, 0x06409000,
0x0336, 0x043bd805,
0x033b, 0xec3bd7e1,
0x033c, 0x2d52d2b3,
0x033d, 0x368224a1,
0x033e, 0x65bae425,
0x033f, 0xe3b28200,
0x0340, 0x27d000a5,
0x0341, 0x02840000,
0x0343, 0x000cf666,
0x0344, 0x00000164,
0x0345, 0x00000052,
0x0351, 0x0000314c,
0x0352, 0x0003fc12,
0x0355, 0x2892377b,
0x0356, 0xfa10230c,
0x0358, 0x0f800000,
0x035a, 0x00000000,
//0x0361, 0x00180311,
0x0361, 0x00180310,
0x0363, 0x0000000a,
0x0367, 0x0fff8200,
0x0369, 0xae0f115a,
0x036a, 0xe7f0b3e8,
0x036b, 0xc54610b1,
0x036e, 0x000633c0,
0x0371, 0xf9f946a1,
0x0372, 0x9696bd22,
0x0373, 0x650caa30,
0x060a, 0x00000001,
0x0700, 0x00000000,
0x0701, 0x00000001,
0x0702, 0x00000002,
0x0703, 0x00000003,
0x0704, 0x00000004,
0x0705, 0x00000005,
0x0706, 0x00000006,
0x0707, 0x00000007,
0x0708, 0x00000008,
0x0709, 0x00000009,
0x070a, 0x0000000a,
0x070b, 0x0000000b,
0x070c, 0x00000040,
0x070d, 0x00000041,
0x070e, 0x00000042,
0x070f, 0x00000043,
0x0710, 0x00000044,
0x0711, 0x00000045,
0x0712, 0x00000046,
0x0713, 0x00000047,
0x0714, 0x00000048,
0x0715, 0x00000049,
0x0716, 0x0000004a,
0x0717, 0x0000004b,
0x0718, 0x00000080,
0x0719, 0x00000081,
0x071a, 0x00000082,
0x071b, 0x00000083,
0x071c, 0x00000084,
0x071d, 0x00000085,
0x071e, 0x00000086,
0x071f, 0x00000087,
0x0720, 0x00000088,
0x0721, 0x00000089,
0x0722, 0x0000008a,
0x0723, 0x0000008b,
0x0724, 0x000000c0,
0x0725, 0x000000c1,
0x0726, 0x000000c2,
0x0727, 0x000000c3,
0x0728, 0x000000c4,
0x0729, 0x000000c5,
0x072a, 0x000000c6,
0x072b, 0x000000c7,
0x072c, 0x000000c8,
0x072d, 0x000000c9,
0x072e, 0x000000ca,
0x072f, 0x000000cb,
0x0730, 0x00000100,
0x0731, 0x00000101,
0x0732, 0x00000102,
0x0733, 0x00000103,
0x0734, 0x00000104,
0x0735, 0x00000105,
0x0736, 0x00000106,
0x0737, 0x00000107,
0x0738, 0x00000108,
0x0739, 0x00000109,
0x073a, 0x0000010a,
0x073b, 0x0000010b,
0x073c, 0x0000000c,
0x073d, 0x0000000d,
0x073e, 0x0000000e,
0x073f, 0x0000000f,
0x0740, 0x00000010,
0x0741, 0x00000011,
0x0742, 0x00000012,
0x0743, 0x00000013,
0x0744, 0x00000014,
0x0745, 0x00000015,
0x0746, 0x00000016,
0x0747, 0x00000017,
0x0748, 0x0000004c,
0x0749, 0x0000004d,
0x074a, 0x0000004e,
0x074b, 0x0000004f,
0x074c, 0x00000050,
0x074d, 0x00000051,
0x074e, 0x00000052,
0x074f, 0x00000053,
0x0750, 0x00000054,
0x0751, 0x00000055,
0x0752, 0x00000056,
0x0753, 0x00000057,
0x0754, 0x0000008c,
0x0755, 0x0000008d,
0x0756, 0x0000008e,
0x0757, 0x0000008f,
0x0758, 0x00000090,
0x0759, 0x00000091,
0x075a, 0x00000092,
0x075b, 0x00000093,
0x075c, 0x00000094,
0x075d, 0x00000095,
0x075e, 0x00000096,
0x075f, 0x00000097,
0x0760, 0x000000cc,
0x0761, 0x000000cd,
0x0762, 0x000000ce,
0x0763, 0x000000cf,
0x0764, 0x000000d0,
0x0765, 0x000000d1,
0x0766, 0x000000d2,
0x0767, 0x000000d3,
0x0768, 0x000000d4,
0x0769, 0x000000d5,
0x076a, 0x000000d6,
0x076b, 0x000000d7,
0x076c, 0x0000010c,
0x076d, 0x0000010d,
0x076e, 0x0000010e,
0x076f, 0x0000010f,
0x0770, 0x00000110,
0x0771, 0x00000111,
0x0772, 0x00000112,
0x0773, 0x00000113,
0x0774, 0x00000114,
0x0775, 0x00000115,
0x0776, 0x00000116,
0x0777, 0x00000117,
0x0778, 0x00000018,
0x0779, 0x00000019,
0x077a, 0x0000001a,
0x077b, 0x0000001b,
0x077c, 0x0000001c,
0x077d, 0x0000001d,
0x077e, 0x0000001e,
0x077f, 0x0000001f,
0x0780, 0x00000020,
0x0781, 0x00000021,
0x0782, 0x00000022,
0x0783, 0x00000023,
0x0784, 0x00000058,
0x0785, 0x00000059,
0x0786, 0x0000005a,
0x0787, 0x0000005b,
0x0788, 0x0000005c,
0x0789, 0x0000005d,
0x078a, 0x0000005e,
0x078b, 0x0000005f,
0x078c, 0x00000060,
0x078d, 0x00000061,
0x078e, 0x00000062,
0x078f, 0x00000063,
0x0790, 0x00000098,
0x0791, 0x00000099,
0x0792, 0x0000009a,
0x0793, 0x0000009b,
0x0794, 0x0000009c,
0x0795, 0x0000009d,
0x0796, 0x0000009e,
0x0797, 0x0000009f,
0x0798, 0x000000a0,
0x0799, 0x000000a1,
0x079a, 0x000000a2,
0x079b, 0x000000a3,
0x079c, 0x000000d8,
0x079d, 0x000000d9,
0x079e, 0x000000da,
0x079f, 0x000000db,
0x07a0, 0x000000dc,
0x07a1, 0x000000dd,
0x07a2, 0x000000de,
0x07a3, 0x000000df,
0x07a4, 0x000000e0,
0x07a5, 0x000000e1,
0x07a6, 0x000000e2,
0x07a7, 0x000000e3,
0x07a8, 0x00000118,
0x07a9, 0x00000119,
0x07aa, 0x0000011a,
0x07ab, 0x0000011b,
0x07ac, 0x0000011c,
0x07ad, 0x0000011d,
0x07ae, 0x0000011e,
0x07af, 0x0000011f,
0x07b0, 0x00000120,
0x07b1, 0x00000121,
0x07b2, 0x00000122,
0x07b3, 0x00000123,
0x07b4, 0x00000024,
0x07b5, 0x00000025,
0x07b6, 0x00000026,
0x07b7, 0x00000027,
0x07b8, 0x00000028,
0x07b9, 0x00000029,
0x07ba, 0x0000002a,
0x07bb, 0x0000002b,
0x07bc, 0x0000002c,
0x07bd, 0x0000002d,
0x07be, 0x0000002e,
0x07bf, 0x0000002f,
0x07c0, 0x00000064,
0x07c1, 0x00000065,
0x07c2, 0x00000066,
0x07c3, 0x00000067,
0x07c4, 0x00000068,
0x07c5, 0x00000069,
0x07c6, 0x0000006a,
0x07c7, 0x0000006b,
0x07c8, 0x0000006c,
0x07c9, 0x0000006d,
0x07ca, 0x0000006e,
0x07cb, 0x0000006f,
0x07cc, 0x000000a4,
0x07cd, 0x000000a5,
0x07ce, 0x000000a6,
0x07cf, 0x000000a7,
0x07d0, 0x000000a8,
0x07d1, 0x000000a9,
0x07d2, 0x000000aa,
0x07d3, 0x000000ab,
0x07d4, 0x000000ac,
0x07d5, 0x000000ad,
0x07d6, 0x000000ae,
0x07d7, 0x000000af,
0x07d8, 0x000000e4,
0x07d9, 0x000000e5,
0x07da, 0x000000e6,
0x07db, 0x000000e7,
0x07dc, 0x000000e8,
0x07dd, 0x000000e9,
0x07de, 0x000000ea,
0x07df, 0x000000eb,
0x07e0, 0x000000ec,
0x07e1, 0x000000ed,
0x07e2, 0x000000ee,
0x07e3, 0x000000ef,
0x07e4, 0x00000124,
0x07e5, 0x00000125,
0x07e6, 0x00000126,
0x07e7, 0x00000127,
0x07e8, 0x00000128,
0x07e9, 0x00000129,
0x07ea, 0x0000012a,
0x07eb, 0x0000012b,
0x07ec, 0x0000012c,
0x07ed, 0x0000012d,
0x07ee, 0x0000012e,
0x07ef, 0x0000012f,
0x07f0, 0x00000000,
0x07f1, 0x00000000,
0x07f2, 0x00000000,
0x07f3, 0x00000000,
0x07f4, 0x00000000,
0x07f5, 0x00000000,
0x07f6, 0x00000000,
0x07f7, 0x00000000,
0x07f8, 0x00000000,
0x07f9, 0x00000000,
0x07fa, 0x00000000,
0x07fb, 0x00000000,
0x07fc, 0x00000000,
0x07fd, 0x00000000,
0x07fe, 0x00000000,
0x07ff, 0x00000000,
0x0800, 0x00000000,
0x0801, 0x00000000,
0x0802, 0x00000000,
0x0803, 0x00000000,
0x0804, 0x00000000,
0x0805, 0x00000000,
0x0806, 0x00000000,
0x0807, 0x00000000,
0x0808, 0x00000000,
0x0809, 0x00000000,
0x080a, 0x00000000,
0x080b, 0x00000000,
0x080c, 0x00000000,
0x080d, 0x00000000,
0x080e, 0x00000000,
0x080f, 0x00000000,
0x0810, 0x00000000,
0x0811, 0x00000000,
0x0812, 0x00000000,
0x0813, 0x00000000,
0x0814, 0x00000000,
0x0815, 0x00000000,
0x0816, 0x00000000,
0x0817, 0x00000000,
0x0818, 0x00000000,
0x0819, 0x00000000,
0x081a, 0x00000000,
0x081b, 0x00000000,
0x081c, 0x00000000,
0x081d, 0x00000000,
0x081e, 0x00000000,
0x081f, 0x00000000,
0x0820, 0x00000000,
0x0821, 0x00000000,
0x0822, 0x00000000,
0x0823, 0x00000000,
0x0824, 0x00000000,
0x0825, 0x00000000,
0x0826, 0x00000000,
0x0827, 0x00000000,
0x0828, 0x00000000,
0x0829, 0x00000000,
0x082a, 0x00000000,
0x082b, 0x00000000,
0x082c, 0x00000000,
0x082d, 0x00000000,
0x082e, 0x00000000,
0x082f, 0x00000000,
0x0830, 0x00000000,
0x0831, 0x00000000,
0x0832, 0x00000000,
0x0833, 0x00000000,
0x0834, 0x00000000,
0x0835, 0x00000000,
0x0836, 0x00000000,
0x0837, 0x00000000,
0x0838, 0x00000000,
0x0839, 0x00000000,
0x083a, 0x00000000,
0x083b, 0x00000000,
0x083c, 0x00000000,
0x083d, 0x00000000,
0x083e, 0x00000000,
0x083f, 0x00000000,
0x0840, 0x00000000,
0x0841, 0x00000000,
0x0842, 0x00000000,
0x0843, 0x00000000,
0x0844, 0x00000000,
0x0845, 0x00000000,
0x0846, 0x00000000,
0x0847, 0x00000000,
0x0848, 0x00000000,
0x0849, 0x00000000,
0x084a, 0x00000000,
0x084b, 0x00000000,
0x084c, 0x00000000,
0x084d, 0x00000000,
0x084e, 0x00000000,
0x084f, 0x00000000,
0x0850, 0x00000000,
0x0851, 0x00000000,
0x0852, 0x00000000,
0x0853, 0x00000000,
0x0854, 0x00000000,
0x0855, 0x00000000,
0x0856, 0x00000000,
0x0857, 0x00000000,
0x0858, 0x00000000,
0x0859, 0x00000000,
0x085a, 0x00000000,
0x085b, 0x00000000,
0x085c, 0x00000000,
0x085d, 0x00000000,
0x085e, 0x00000000,
0x085f, 0x00000000,
0x0860, 0x00000000,
0x0861, 0x00000000,
0x0862, 0x00000000,
0x0863, 0x00000000,
0x0864, 0x00000000,
0x0865, 0x00000000,
0x0866, 0x00000000,
0x0867, 0x00000000,
0x0868, 0x00000000,
0x0869, 0x00000000,
0x086a, 0x00000000,
0x086b, 0x00000000,
0x086c, 0x00000000,
0x086d, 0x00000000,
0x086e, 0x00000000,
0x086f, 0x00000000,
0x0870, 0x00000000,
0x0871, 0x00000000,
0x0872, 0x00000000,
0x0873, 0x00000000,
0x0874, 0x00000000,
0x0875, 0x00000000,
0x0876, 0x00000000,
0x0877, 0x00000000,
0x0878, 0x00000000,
0x0879, 0x00000000,
0x087a, 0x00000000,
0x087b, 0x00000000,
0x087c, 0x00000000,
0x087d, 0x00000000,
0x087e, 0x00000000,
0x087f, 0x00000000,
0x0880, 0x00000000,
0x0881, 0x00000000,
0x0882, 0x00000000,
0x0883, 0x00000000,
0x0884, 0x00000000,
0x0885, 0x00000000,
0x0886, 0x00000000,
0x0887, 0x00000000,
0x0888, 0x00000000,
0x0889, 0x00000000,
0x088a, 0x00000000,
0x088b, 0x00000000,
0x088c, 0x00000000,
0x088d, 0x00000000,
0x088e, 0x00000000,
0x088f, 0x00000000,
0x0890, 0x00000000,
0x0891, 0x00000000,
0x0892, 0x00000000,
0x0893, 0x00000000,
0x0894, 0x00000000,
0x0895, 0x00000000,
0x0896, 0x00000000,
0x0897, 0x00000000,
0x0898, 0x00000000,
0x0899, 0x00000000,
0x089a, 0x00000000,
0x089b, 0x00000000,
0x089c, 0x00000000,
0x089d, 0x00000000,
0x089e, 0x00000000,
0x089f, 0x00000000,
0x08a0, 0x00000000,
0x08a1, 0x00000000,
0x08a2, 0x00000000,
0x08a3, 0x00000000,
0x08a4, 0x00000000,
0x08a5, 0x00000000,
0x08a6, 0x00000000,
0x08a7, 0x00000000,
0x08a8, 0x00000000,
0x08a9, 0x00000000,
0x08aa, 0x00000000,
0x08ab, 0x00000000,
0x08ac, 0x00000000,
0x08ad, 0x00000000,
0x08ae, 0x00000000,
0x08af, 0x00000000,
0x08b0, 0x00000000,
0x08b1, 0x00000000,
0x08b2, 0x00000000,
0x08b3, 0x00000000,
0x08b4, 0x00000000,
0x08b5, 0x00000000,
0x08b6, 0x00000000,
0x08b7, 0x00000000,
0x08b8, 0x00000000,
0x08b9, 0x00000000,
0x08ba, 0x00000000,
0x08bb, 0x00000000,
0x08bc, 0x00000000,
0x08bd, 0x00000000,
0x08be, 0x00000000,
0x08bf, 0x00000000,
0x08c0, 0x00000000,
0x08c1, 0x00000000,
0x08c2, 0x00000000,
0x08c3, 0x00000000,
0x08c4, 0x00000000,
0x08c5, 0x00000000,
0x08c6, 0x00000000,
0x08c7, 0x00000000,
0x08c8, 0x00000000,
0x08c9, 0x00000000,
0x08ca, 0x00000000,
0x08cb, 0x00000000,
0x08cc, 0x00000000,
0x08cd, 0x00000000,
0x08ce, 0x00000000,
0x08cf, 0x00000000,
0x08d0, 0x00000000,
0x08d1, 0x00000000,
0x08d2, 0x00000000,
0x08d3, 0x00000000,
0x08d4, 0x00000000,
0x08d5, 0x00000000,
0x08d6, 0x00000000,
0x08d7, 0x00000000,
0x08d8, 0x00000000,
0x08d9, 0x00000000,
0x08da, 0x00000000,
0x08db, 0x00000000,
0x08dc, 0x00000000,
0x08dd, 0x00000000,
0x08de, 0x00000000,
0x08df, 0x00000000,
0x08e0, 0x00000000,
0x08e1, 0x00000000,
0x08e2, 0x00000000,
0x08e3, 0x00000000,
0x08e4, 0x00000000,
0x08e5, 0x00000000,
0x08e6, 0x00000000,
0x08e7, 0x00000000,
0x08e8, 0x00000000,
0x08e9, 0x00000000,
0x08ea, 0x00000000,
0x08eb, 0x00000000,
0x08ec, 0x00000000,
0x08ed, 0x00000000,
0x08ee, 0x00000000,
0x08ef, 0x00000000,
0x08f0, 0x00000000,
0x08f1, 0x00000000,
0x08f2, 0x00000000,
0x08f3, 0x00000000,
0x08f4, 0x00000000,
0x08f5, 0x00000000,
0x08f6, 0x00000000,
0x08f7, 0x00000000,
0x08f8, 0x00000000,
0x08f9, 0x00000000,
0x08fa, 0x00000000,
0x08fb, 0x00000000,
0x08fc, 0x00000000,
0x08fd, 0x00000000,
0x08fe, 0x00000000,
0x08ff, 0x00000000,
0x0900, 0x00000000,
0x0901, 0x00000000,
0x0902, 0x00000000,
0x0903, 0x00000000,
0x0904, 0x00000000,
0x0905, 0x00000000,
0x0906, 0x00000000,
0x0907, 0x00000000,
0x0908, 0x00000000,
0x0909, 0x00000000,
0x090a, 0x00000000,
0x090b, 0x00000000,
0x090c, 0x00000000,
0x090d, 0x00000000,
0x090e, 0x00000000,
0x090f, 0x00000000,
0x0910, 0x00000000,
0x0911, 0x00000000,
0x0912, 0x00000000,
0x0913, 0x00000000,
0x0914, 0x00000000,
0x0915, 0x00000000,
0x0916, 0x00000000,
0x0917, 0x00000000,
0x0918, 0x00000000,
0x0919, 0x00000000,
0x091a, 0x00000000,
0x091b, 0x00000000,
0x091c, 0x00000000,
0x091d, 0x00000000,
0x091e, 0x00000000,
0x091f, 0x00000000,
0x0920, 0x00000000,
0x0921, 0x00000000,
0x0922, 0x00000000,
0x0923, 0x00000000,
0x0924, 0x00000000,
0x0925, 0x00000000,
0x0926, 0x00000000,
0x0927, 0x00000000,
0x0928, 0x00000000,
0x0929, 0x00000000,
0x092a, 0x00000000,
0x092b, 0x00000000,
0x092c, 0x00000000,
0x092d, 0x00000000,
0x092e, 0x00000000,
0x092f, 0x00000000,
0x0930, 0x00000000,
0x0931, 0x00000000,
0x0932, 0x00000000,
0x0933, 0x00000000,
0x0934, 0x00000000,
0x0935, 0x00000000,
0x0936, 0x00000000,
0x0937, 0x00000000,
0x0938, 0x00000000,
0x0939, 0x00000000,
0x093a, 0x00000000,
0x093b, 0x00000000,
0x093c, 0x00000000,
0x093d, 0x00000000,
0x093e, 0x00000000,
0x093f, 0x00000000,
0x0940, 0x00000000,
0x0941, 0x00000000,
0x0942, 0x00000000,
0x0943, 0x00000000,
0x0944, 0x00000000,
0x0945, 0x00000000,
0x0946, 0x00000000,
0x0947, 0x00000000,
0x0948, 0x00000000,
0x0949, 0x00000000,
0x094a, 0x00000000,
0x094b, 0x00000000,
0x094c, 0x00000000,
0x094d, 0x00000000,
0x094e, 0x00000000,
0x094f, 0x00000000,
0x0950, 0x00000000,
0x0951, 0x00000000,
0x0952, 0x00000000,
0x0953, 0x00000000,
0x0954, 0x00000000,
0x0955, 0x00000000,
0x0956, 0x00000000,
0x0957, 0x00000000,
0x0958, 0x00000000,
0x0959, 0x00000000,
0x095a, 0x00000000,
0x095b, 0x00000000,
0x095c, 0x00000000,
0x095d, 0x00000000,
0x095e, 0x00000000,
0x095f, 0x00000000,
0x0960, 0x00000000,
0x0961, 0x00000000,
0x0962, 0x00000000,
0x0963, 0x00000000,
0x0964, 0x00000000,
0x0965, 0x00000000,
0x0966, 0x00000000,
0x0967, 0x00000000,
0x0968, 0x00000000,
0x0969, 0x00000000,
0x096a, 0x00000000,
0x096b, 0x00000000,
0x096c, 0x00000000,
0x096d, 0x00000000,
0x096e, 0x00000000,
0x096f, 0x00000000,
0x0970, 0x00000000,
0x0971, 0x00000000,
0x0972, 0x00000000,
0x0973, 0x00000000,
0x0974, 0x00000000,
0x0975, 0x00000000,
0x0976, 0x00000000,
0x0977, 0x00000000,
0x0978, 0x00000000,
0x0979, 0x00000000,
0x097a, 0x00000000,
0x097b, 0x00000000,
0x097c, 0x00000000,
0x097d, 0x00000000,
0x097e, 0x00000000,
0x097f, 0x00000000,
0x0980, 0x00000000,
0x0981, 0x00000000,
0x0982, 0x00000000,
0x0983, 0x00000000,
0x0984, 0x00000000,
0x0985, 0x00000000,
0x0986, 0x00000000,
0x0987, 0x00000000,
0x0988, 0x00000000,
0x0989, 0x00000000,
0x098a, 0x00000000,
0x098b, 0x00000000,
0x098c, 0x00000000,
0x098d, 0x00000000,
0x098e, 0x00000000,
0x098f, 0x00000000,
0x0990, 0x00000000,
0x0991, 0x00000000,
0x0992, 0x00000000,
0x0993, 0x00000000,
0x0994, 0x00000000,
0x0995, 0x00000000,
0x0996, 0x00000000,
0x0997, 0x00000000,
0x0998, 0x00000000,
0x0999, 0x00000000,
0x099a, 0x00000000,
0x099b, 0x00000000,
0x099c, 0x00000000,
0x099d, 0x00000000,
0x099e, 0x00000000,
0x099f, 0x00000000,
0x09a0, 0x00000000,
0x09a1, 0x00000000,
0x09a2, 0x00000000,
0x09a3, 0x00000000,
0x09a4, 0x00000000,
0x09a5, 0x00000000,
0x09a6, 0x00000000,
0x09a7, 0x00000000,
0x09a8, 0x00000000,
0x09a9, 0x00000000,
0x09aa, 0x00000000,
0x09ab, 0x00000000,
0x09ac, 0x00000000,
0x09ad, 0x00000000,
0x09ae, 0x00000000,
0x09af, 0x00000000,
0x09b0, 0x00000000,
0x09b1, 0x00000000,
0x09b2, 0x00000000,
0x09b3, 0x00000000,
0x09b4, 0x00000000,
0x09b5, 0x00000000,
0x09b6, 0x00000000,
0x09b7, 0x00000000,
0x09b8, 0x00000000,
0x09b9, 0x00000000,
0x09ba, 0x00000000,
0x09bb, 0x00000000,
0x09bc, 0x00000000,
0x09bd, 0x00000000,
0x09be, 0x00000000,
0x09bf, 0x00000000,
0x09c0, 0x00000000,
0x09c1, 0x00000000,
0x09c2, 0x00000000,
0x09c3, 0x00000000,
0x09c4, 0x00000000,
0x09c5, 0x00000000,
0x09c6, 0x00000000,
0x09c7, 0x00000000,
0x09c8, 0x00000000,
0x09c9, 0x00000000,
0x09ca, 0x00000000,
0x09cb, 0x00000000,
0x09cc, 0x00000000,
0x09cd, 0x00000000,
0x09ce, 0x00000000,
0x09cf, 0x00000000,
0x09d0, 0x00000000,
0x09d1, 0x00000000,
0x09d2, 0x00000000,
0x09d3, 0x00000000,
0x09d4, 0x00000000,
0x09d5, 0x00000000,
0x09d6, 0x00000000,
0x09d7, 0x00000000,
0x09d8, 0x00000000,
0x09d9, 0x00000000,
0x09da, 0x00000000,
0x09db, 0x00000000,
0x09dc, 0x00000000,
0x09dd, 0x00000000,
0x09de, 0x00000000,
0x09df, 0x00000000,
0x09e0, 0x00000000,
0x09e1, 0x00000000,
0x09e2, 0x00000000,
0x09e3, 0x00000000,
0x09e4, 0x00000000,
0x09e5, 0x00000000,
0x09e6, 0x00000000,
0x09e7, 0x00000000,
0x09e8, 0x00000000,
0x09e9, 0x00000000,
0x09ea, 0x00000000,
0x09eb, 0x00000000,
0x09ec, 0x00000000,
0x09ed, 0x00000000,
0x09ee, 0x00000000,
0x09ef, 0x00000000,
0x09f0, 0x00000000,
0x09f1, 0x00000000,
0x09f2, 0x00000000,
0x09f3, 0x00000000,
0x09f4, 0x00000000,
0x09f5, 0x00000000,
0x09f6, 0x00000000,
0x09f7, 0x00000000,
0x09f8, 0x00000000,
0x09f9, 0x00000000,
0x09fa, 0x00000000,
0x09fb, 0x00000000,
0x09fc, 0x00000000,
0x09fd, 0x00000000,
0x09fe, 0x00000000,
0x09ff, 0x00000000,
0x0a00, 0x00000000,
0x0a01, 0x00000000,
0x0a02, 0x00000000,
0x0a03, 0x00000000,
0x0a04, 0x00000000,
0x0a05, 0x00000000,
0x0a06, 0x00000000,
0x0a07, 0x00000000,
0x0a08, 0x00000000,
0x0a09, 0x00000000,
0x0a0a, 0x00000000,
0x0a0b, 0x00000000,
0x0a0c, 0x00000000,
0x0a0d, 0x00000000,
0x0a0e, 0x00000000,
0x0a0f, 0x00000000,
0x0a10, 0x00000000,
0x0a11, 0x00000000,
0x0a12, 0x00000000,
0x0a13, 0x00000000,
0x0a14, 0x00000000,
0x0a15, 0x00000000,
0x0a16, 0x00000000,
0x0a17, 0x00000000,
0x0a18, 0x00000000,
0x0a19, 0x00000000,
0x0a1a, 0x00000000,
0x0a1b, 0x00000000,
0x0a1c, 0x00000000,
0x0a1d, 0x00000000,
0x0a1e, 0x00000000,
0x0a1f, 0x00000000,
0x0a20, 0x00000000,
0x0a21, 0x00000000,
0x0a22, 0x00000000,
0x0a23, 0x00000000,
0x0a24, 0x00000000,
0x0a25, 0x00000000,
0x0a26, 0x00000000,
0x0a27, 0x00000000,
0x0a28, 0x00000000,
0x0a29, 0x00000000,
0x0a2a, 0x00000000,
0x0a2b, 0x00000000,
0x0a2c, 0x00000000,
0x0a2d, 0x00000000,
0x0a2e, 0x00000000,
0x0a2f, 0x00000000,
0x0a30, 0x00000000,
0x0a31, 0x00000000,
0x0a32, 0x00000000,
0x0a33, 0x00000000,
0x0a34, 0x00000000,
0x0a35, 0x00000000,
0x0a36, 0x00000000,
0x0a37, 0x00000000,
0x0a38, 0x00000000,
0x0a39, 0x00000000,
0x0a3a, 0x00000000,
0x0a3b, 0x00000000,
0x0a3c, 0x00000000,
0x0a3d, 0x00000000,
0x0a3e, 0x00000000,
0x0a3f, 0x00000000,
0x0a40, 0x00000000,
0x0a41, 0x00000000,
0x0a42, 0x00000000,
0x0a43, 0x00000000,
0x0a44, 0x00000000,
0x0a45, 0x00000000,
0x0a46, 0x00000000,
0x0a47, 0x00000000,
0x0a48, 0x00000000,
0x0a49, 0x00000000,
0x0a4a, 0x00000000,
0x0a4b, 0x00000000,
0x0a4c, 0x00000000,
0x0a4d, 0x00000000,
0x0a4e, 0x00000000,
0x0a4f, 0x00000000,
0x0a50, 0x00000000,
0x0a51, 0x00000000,
0x0a52, 0x00000000,
0x0a53, 0x00000000,
0x0a54, 0x00000000,
0x0a55, 0x00000000,
0x0a56, 0x00000000,
0x0a57, 0x00000000,
0x0a58, 0x00000000,
0x0a59, 0x00000000,
0x0a5a, 0x00000000,
0x0a5b, 0x00000000,
0x0a5c, 0x00000000,
0x0a5d, 0x00000000,
0x0a5e, 0x00000000,
0x0a5f, 0x00000000,
0x0a60, 0x00000000,
0x0a61, 0x00000000,
0x0a62, 0x00000000,
0x0a63, 0x00000000,
0x0a64, 0x00000000,
0x0a65, 0x00000000,
0x0a66, 0x00000000,
0x0a67, 0x00000000,
0x0a68, 0x00000000,
0x0a69, 0x00000000,
0x0a6a, 0x00000000,
0x0a6b, 0x00000000,
0x0a6c, 0x00000000,
0x0a6d, 0x00000000,
0x0a6e, 0x00000000,
0x0a6f, 0x00000000,
0x0a70, 0x00000000,
0x0a71, 0x00000000,
0x0a72, 0x00000000,
0x0a73, 0x00000000,
0x0a74, 0x00000000,
0x0a75, 0x00000000,
0x0a76, 0x00000000,
0x0a77, 0x00000000,
0x0a78, 0x00000000,
0x0a79, 0x00000000,
0x0a7a, 0x00000000,
0x0a7b, 0x00000000,
0x0a7c, 0x00000000,
0x0a7d, 0x00000000,
0x0a7e, 0x00000000,
0x0a7f, 0x00000000,
0x0a80, 0x00000000,
0x0a81, 0x00000000,
0x0a82, 0x00000000,
0x0a83, 0x00000000,
0x0a84, 0x00000000,
0x0a85, 0x00000000,
0x0a86, 0x00000000,
0x0a87, 0x00000000,
0x0a88, 0x00000000,
0x0a89, 0x00000000,
0x0a8a, 0x00000000,
0x0a8b, 0x00000000,
0x0a8c, 0x00000000,
0x0a8d, 0x00000000,
0x0a8e, 0x00000000,
0x0a8f, 0x00000000,
0x0a90, 0x00000000,
0x0a91, 0x00000000,
0x0a92, 0x00000000,
0x0a93, 0x00000000,
0x0a94, 0x00000000,
0x0a95, 0x00000000,
0x0a96, 0x00000000,
0x0a97, 0x00000000,
0x0a98, 0x00000000,
0x0a99, 0x00000000,
0x0a9a, 0x00000000,
0x0a9b, 0x00000000,
0x0a9c, 0x00000000,
0x0a9d, 0x00000000,
0x0a9e, 0x00000000,
0x0a9f, 0x00000000,
0x0aa0, 0x00000000,
0x0aa1, 0x00000000,
0x0aa2, 0x00000000,
0x0aa3, 0x00000000,
0x0aa4, 0x00000000,
0x0aa5, 0x00000000,
0x0aa6, 0x00000000,
0x0aa7, 0x00000000,
0x0aa8, 0x00000000,
0x0aa9, 0x00000000,
0x0aaa, 0x00000000,
0x0aab, 0x00000000,
0x0aac, 0x00000000,
0x0aad, 0x00000000,
0x0aae, 0x00000000,
0x0aaf, 0x00000000,
0x0ab0, 0x00000000,
0x0ab1, 0x00000000,
0x0ab2, 0x00000000,
0x0ab3, 0x00000000,
0x0ab4, 0x00000000,
0x0ab5, 0x00000000,
0x0ab6, 0x00000000,
0x0ab7, 0x00000000,
0x0ab8, 0x00000000,
0x0ab9, 0x00000000,
0x0aba, 0x00000000,
0x0abb, 0x00000000,
0x0abc, 0x00000000,
0x0abd, 0x00000000,
0x0abe, 0x00000000,
0x0abf, 0x00000000,
0x0ac0, 0x00000000,
0x0ac1, 0x00000000,
0x0ac2, 0x00000000,
0x0ac3, 0x00000000,
0x0ac4, 0x00000000,
0x0ac5, 0x00000000,
0x0ac6, 0x00000000,
0x0ac7, 0x00000000,
0x0ac8, 0x00000000,
0x0ac9, 0x00000000,
0x0aca, 0x00000000,
0x0acb, 0x00000000,
0x0acc, 0x00000000,
0x0acd, 0x00000000,
0x0ace, 0x00000000,
0x0acf, 0x00000000,
0x0ad0, 0x00000000,
0x0ad1, 0x00000000,
0x0ad2, 0x00000000,
0x0ad3, 0x00000000,
0x0ad4, 0x00000000,
0x0ad5, 0x00000000,
0x0ad6, 0x00000000,
0x0ad7, 0x00000000,
0x0ad8, 0x00000000,
0x0ad9, 0x00000000,
0x0ada, 0x00000000,
0x0adb, 0x00000000,
0x0adc, 0x00000000,
0x0add, 0x00000000,
0x0ade, 0x00000000,
0x0adf, 0x00000000,
0x0ae0, 0x00000000,
0x0ae1, 0x00000000,
0x0ae2, 0x00000000,
0x0ae3, 0x00000000,
0x0ae4, 0x00000000,
0x0ae5, 0x00000000,
0x0ae6, 0x00000000,
0x0ae7, 0x00000000,
0x0ae8, 0x00000000,
0x0ae9, 0x00000000,
0x0aea, 0x00000000,
0x0aeb, 0x00000000,
0x0aec, 0x00000000,
0x0aed, 0x00000000,
0x0aee, 0x00000000,
0x0aef, 0x00000000,
0x0af0, 0x00000000,
0x0af1, 0x00000000,
0x0af2, 0x00000000,
0x0af3, 0x00000000,
0x0af4, 0x00000000,
0x0af5, 0x00000000,
0x0af6, 0x00000000,
0x0af7, 0x00000000,
0x0af8, 0x00000000,
0x0af9, 0x00000000,
0x0afa, 0x00000000,
0x0afb, 0x00000000,
0x0afc, 0x00000000,
0x0afd, 0x00000000,
0x0afe, 0x00000000,
0x0aff, 0x00000000,
0x0b00, 0x00000000,
0x0b01, 0x00000000,
0x0b02, 0x00000000,
0x0b03, 0x00000000,
0x0b04, 0x00000000,
0x0b05, 0x00000000,
0x0b06, 0x00000000,
0x0b07, 0x00000000,
0x0b08, 0x00000000,
0x0b09, 0x00000000,
0x0b0a, 0x00000000,
0x0b0b, 0x00000000,
0x0b0c, 0x00000000,
0x0b0d, 0x00000000,
0x0b0e, 0x00000000,
0x0b0f, 0x00000000,
0x0b10, 0x00000000,
0x0b11, 0x00000000,
0x0b12, 0x00000000,
0x0b13, 0x00000000,
0x0b14, 0x00000000,
0x0b15, 0x00000000,
0x0b16, 0x00000000,
0x0b17, 0x00000000,
0x0b18, 0x00000000,
0x0b19, 0x00000000,
0x0b1a, 0x00000000,
0x0b1b, 0x00000000,
0x0b1c, 0x00000000,
0x0b1d, 0x00000000,
0x0b1e, 0x00000000,
0x0b1f, 0x00000000,
0x0b20, 0x00000000,
0x0b21, 0x00000000,
0x0b22, 0x00000000,
0x0b23, 0x00000000,
0x0b24, 0x00000000,
0x0b25, 0x00000000,
0x0b26, 0x00000000,
0x0b27, 0x00000000,
0x0b28, 0x00000000,
0x0b29, 0x00000000,
0x0b2a, 0x00000000,
0x0b2b, 0x00000000,
0x0b2c, 0x00000000,
0x0b2d, 0x00000000,
0x0b2e, 0x00000000,
0x0b2f, 0x00000000,
0x0b30, 0x00000000,
0x0b31, 0x00000000,
0x0b32, 0x00000000,
0x0b33, 0x00000000,
0x0b34, 0x00000000,
0x0b35, 0x00000000,
0x0b36, 0x00000000,
0x0b37, 0x00000000,
0x0b38, 0x00000000,
0x0b39, 0x00000000,
0x0b3a, 0x00000000,
0x0b3b, 0x00000000,
0x0b3c, 0x00000000,
0x0b3d, 0x00000000,
0x0b3e, 0x00000000,
0x0b3f, 0x00000000,
0x0b40, 0x00000000,
0x0b41, 0x00000000,
0x0b42, 0x00000000,
0x0b43, 0x00000000,
0x0b44, 0x00000000,
0x0b45, 0x00000000,
0x0b46, 0x00000000,
0x0b47, 0x00000000,
0x0b48, 0x00000000,
0x0b49, 0x00000000,
0x0b4a, 0x00000000,
0x0b4b, 0x00000000,
0x0b4c, 0x00000000,
0x0b4d, 0x00000000,
0x0b4e, 0x00000000,
0x0b4f, 0x00000000,
0x0b50, 0x00000000,
0x0b51, 0x00000000,
0x0b52, 0x00000000,
0x0b53, 0x00000000,
0x0b54, 0x00000000,
0x0b55, 0x00000000,
0x0b56, 0x00000000,
0x0b57, 0x00000000,
0x0b58, 0x00000000,
0x0b59, 0x00000000,
0x0b5a, 0x00000000,
0x0b5b, 0x00000000,
0x0b5c, 0x00000000,
0x0b5d, 0x00000000,
0x0b5e, 0x00000000,
0x0b5f, 0x00000000,
0x0b60, 0x00000000,
0x0b61, 0x00000000,
0x0b62, 0x00000000,
0x0b63, 0x00000000,
0x0b64, 0x00000000,
0x0b65, 0x00000000,
0x0b66, 0x00000000,
0x0b67, 0x00000000,
0x0b68, 0x00000000,
0x0b69, 0x00000000,
0x0b6a, 0x00000000,
0x0b6b, 0x00000000,
0x0b6c, 0x00000000,
0x0b6d, 0x00000000,
0x0b6e, 0x00000000,
0x0b6f, 0x00000000,
0x0b70, 0x00000000,
0x0b71, 0x00000000,
0x0b72, 0x00000000,
0x0b73, 0x00000000,
0x0b74, 0x00000000,
0x0b75, 0x00000000,
0x0b76, 0x00000000,
0x0b77, 0x00000000,
0x0b78, 0x00000000,
0x0b79, 0x00000000,
0x0b7a, 0x00000000,
0x0b7b, 0x00000000,
0x0b7c, 0x00000000,
0x0b7d, 0x00000000,
0x0b7e, 0x00000000,
0x0b7f, 0x00000000,
0x0b80, 0x00000000,
0x0b81, 0x00000000,
0x0b82, 0x00000000,
0x0b83, 0x00000000,
0x0b84, 0x00000000,
0x0b85, 0x00000000,
0x0b86, 0x00000000,
0x0b87, 0x00000000,
0x0b88, 0x00000000,
0x0b89, 0x00000000,
0x0b8a, 0x00000000,
0x0b8b, 0x00000000,
0x0b8c, 0x00000000,
0x0b8d, 0x00000000,
0x0b8e, 0x00000000,
0x0b8f, 0x00000000,
0x0b90, 0x00000000,
0x0b91, 0x00000000,
0x0b92, 0x00000000,
0x0b93, 0x00000000,
0x0b94, 0x00000000,
0x0b95, 0x00000000,
0x0b96, 0x00000000,
0x0b97, 0x00000000,
0x0b98, 0x00000000,
0x0b99, 0x00000000,
0x0b9a, 0x00000000,
0x0b9b, 0x00000000,
0x0b9c, 0x00000000,
0x0b9d, 0x00000000,
0x0b9e, 0x00000000,
0x0b9f, 0x00000000,
0x0ba0, 0x00000000,
0x0ba1, 0x00000000,
0x0ba2, 0x00000000,
0x0ba3, 0x00000000,
0x0ba4, 0x00000000,
0x0ba5, 0x00000000,
0x0ba6, 0x00000000,
0x0ba7, 0x00000000,
0x0ba8, 0x00000000,
0x0ba9, 0x00000000,
0x0baa, 0x00000000,
0x0bab, 0x00000000,
0x0bac, 0x00000000,
0x0bad, 0x00000000,
0x0bae, 0x00000000,
0x0baf, 0x00000000,
0x0bb0, 0x00000000,
0x0bb1, 0x00000000,
0x0bb2, 0x00000000,
0x0bb3, 0x00000000,
0x0bb4, 0x00000000,
0x0bb5, 0x00000000,
0x0bb6, 0x00000000,
0x0bb7, 0x00000000,
0x0bb8, 0x00000000,
0x0bb9, 0x00000000,
0x0bba, 0x00000000,
0x0bbb, 0x00000000,
0x0bbc, 0x00000000,
0x0bbd, 0x00000000,
0x0bbe, 0x00000000,
0x0bbf, 0x00000000,
0x0bc0, 0x00000000,
0x0bc1, 0x00000000,
0x0bc2, 0x00000000,
0x0bc3, 0x00000000,
0x0bc4, 0x00000000,
0x0bc5, 0x00000000,
0x0bc6, 0x00000000,
0x0bc7, 0x00000000,
0x0bc8, 0x00000000,
0x0bc9, 0x00000000,
0x0bca, 0x00000000,
0x0bcb, 0x00000000,
0x0bcc, 0x00000000,
0x0bcd, 0x00000000,
0x0bce, 0x00000000,
0x0bcf, 0x00000000,
0x0bd0, 0x00000000,
0x0bd1, 0x00000000,
0x0bd2, 0x00000000,
0x0bd3, 0x00000000,
0x0bd4, 0x00000000,
0x0bd5, 0x00000000,
0x0bd6, 0x00000000,
0x0bd7, 0x00000000,
0x0bd8, 0x00000000,
0x0bd9, 0x00000000,
0x0bda, 0x00000000,
0x0bdb, 0x00000000,
0x0bdc, 0x00000000,
0x0bdd, 0x00000000,
0x0bde, 0x00000000,
0x0bdf, 0x00000000,
0x0be0, 0x00000000,
0x0be1, 0x00000000,
0x060a, 0x00000000,
0x0300, 0x00001040,
0x0300, 0x00000040,
};

uint32_t bcon_case996_ape5033_setting[] = {
//0x200e, 0x0000001f,
//0x2000, 0x000089a9,
//0x2003, 0x0000007f,
//0x2009, 0x00000037,
//0x200d, 0x33fff000,
//0x200f, 0x00300300,
//0x0207, 0x00000001,
0x0300, 0x00000040,
0x0301, 0x3ae0a429,
0x0302, 0x01000013,
0x0303, 0x00014816,
0x0305, 0x400000c8,
0x0306, 0x00000000,
0x0307, 0x3d000000,
0x030a, 0x3cfff800,
0x030b, 0x00141fff,
0x030c, 0x1fff1fff,
0x0311, 0x75d0800b,
0x0312, 0x00c80000,
0x0313, 0x01900190,
0x0316, 0x0ce83fff,
0x0317, 0x07d3f739,
0x0318, 0x09c42800,
0x0319, 0x00211e5b,
0x031a, 0x2b000000,
0x031b, 0x534009c0,
0x031c, 0x2d000000,
0x031d, 0xd6e50001,
0x031e, 0x00000040,
0x0320, 0x00000240,
0x0322, 0x8e872214,
0x0327, 0x01000000,
0x0329, 0x96dd0003,
0x032a, 0x00c01800,
0x032b, 0x00000200,
0x032c, 0x3022c006,
0x0333, 0xa59f65e6,
0x0334, 0xd8001844,
0x0335, 0x06409000,
0x0336, 0x043bd40a,
0x0337, 0x001003e8,
0x033b, 0x20908b50,
0x033c, 0x2d2df9b1,
0x033d, 0x14260460,
0x033e, 0x65afd7f6,
0x033f, 0xbd87804e,
0x0340, 0x27d000ba,
0x0341, 0x05040000,
0x0343, 0x000eade0,
0x0344, 0x00000000,
0x0345, 0x0000001a,
0x0351, 0x0000214c,
0x0352, 0x0003f012,
0x0355, 0x003f0053,
0x0356, 0x01102251,
0x0358, 0x27000010,
0x035a, 0x00000000,
//0x0361, 0x00140289,
0x0361, 0x00140288,
0x0363, 0x00000014,
0x0369, 0xaf34de7f,
0x036a, 0x0cfabb87,
0x036b, 0xf1730048,
0x036e, 0x000233c0,
0x0371, 0x9c6dfb41,
0x0372, 0xa360b6c8,
0x0373, 0x6a0caa30,
0x060a, 0x00000001,
0x0700, 0x00000000,
0x0701, 0x00000001,
0x0702, 0x00000002,
0x0703, 0x00000003,
0x0704, 0x00000004,
0x0705, 0x00000005,
0x0706, 0x00000006,
0x0707, 0x00000007,
0x0708, 0x00000008,
0x0709, 0x00000009,
0x070a, 0x0000000a,
0x070b, 0x0000000b,
0x070c, 0x0000000c,
0x070d, 0x0000000d,
0x070e, 0x0000000e,
0x070f, 0x0000000f,
0x0710, 0x00000010,
0x0711, 0x00000011,
0x0712, 0x00000012,
0x0713, 0x00000013,
0x0714, 0x00000040,
0x0715, 0x00000041,
0x0716, 0x00000042,
0x0717, 0x00000043,
0x0718, 0x00000044,
0x0719, 0x00000045,
0x071a, 0x00000046,
0x071b, 0x00000047,
0x071c, 0x00000048,
0x071d, 0x00000049,
0x071e, 0x0000004a,
0x071f, 0x0000004b,
0x0720, 0x0000004c,
0x0721, 0x0000004d,
0x0722, 0x0000004e,
0x0723, 0x0000004f,
0x0724, 0x00000050,
0x0725, 0x00000051,
0x0726, 0x00000052,
0x0727, 0x00000053,
0x0728, 0x00000080,
0x0729, 0x00000081,
0x072a, 0x00000082,
0x072b, 0x00000083,
0x072c, 0x00000084,
0x072d, 0x00000085,
0x072e, 0x00000086,
0x072f, 0x00000087,
0x0730, 0x00000088,
0x0731, 0x00000089,
0x0732, 0x0000008a,
0x0733, 0x0000008b,
0x0734, 0x0000008c,
0x0735, 0x0000008d,
0x0736, 0x0000008e,
0x0737, 0x0000008f,
0x0738, 0x00000090,
0x0739, 0x00000091,
0x073a, 0x00000092,
0x073b, 0x00000093,
0x073c, 0x000000c0,
0x073d, 0x000000c1,
0x073e, 0x000000c2,
0x073f, 0x000000c3,
0x0740, 0x000000c4,
0x0741, 0x000000c5,
0x0742, 0x000000c6,
0x0743, 0x000000c7,
0x0744, 0x000000c8,
0x0745, 0x000000c9,
0x0746, 0x000000ca,
0x0747, 0x000000cb,
0x0748, 0x000000cc,
0x0749, 0x000000cd,
0x074a, 0x000000ce,
0x074b, 0x000000cf,
0x074c, 0x000000d0,
0x074d, 0x000000d1,
0x074e, 0x000000d2,
0x074f, 0x000000d3,
0x0750, 0x00000100,
0x0751, 0x00000101,
0x0752, 0x00000102,
0x0753, 0x00000103,
0x0754, 0x00000104,
0x0755, 0x00000105,
0x0756, 0x00000106,
0x0757, 0x00000107,
0x0758, 0x00000108,
0x0759, 0x00000109,
0x075a, 0x0000010a,
0x075b, 0x0000010b,
0x075c, 0x0000010c,
0x075d, 0x0000010d,
0x075e, 0x0000010e,
0x075f, 0x0000010f,
0x0760, 0x00000110,
0x0761, 0x00000111,
0x0762, 0x00000112,
0x0763, 0x00000113,
0x0764, 0x00000140,
0x0765, 0x00000141,
0x0766, 0x00000142,
0x0767, 0x00000143,
0x0768, 0x00000144,
0x0769, 0x00000145,
0x076a, 0x00000146,
0x076b, 0x00000147,
0x076c, 0x00000148,
0x076d, 0x00000149,
0x076e, 0x0000014a,
0x076f, 0x0000014b,
0x0770, 0x0000014c,
0x0771, 0x0000014d,
0x0772, 0x0000014e,
0x0773, 0x0000014f,
0x0774, 0x00000150,
0x0775, 0x00000151,
0x0776, 0x00000152,
0x0777, 0x00000153,
0x0778, 0x00000180,
0x0779, 0x00000181,
0x077a, 0x00000182,
0x077b, 0x00000183,
0x077c, 0x00000184,
0x077d, 0x00000185,
0x077e, 0x00000186,
0x077f, 0x00000187,
0x0780, 0x00000188,
0x0781, 0x00000189,
0x0782, 0x0000018a,
0x0783, 0x0000018b,
0x0784, 0x0000018c,
0x0785, 0x0000018d,
0x0786, 0x0000018e,
0x0787, 0x0000018f,
0x0788, 0x00000190,
0x0789, 0x00000191,
0x078a, 0x00000192,
0x078b, 0x00000193,
0x078c, 0x000001c0,
0x078d, 0x000001c1,
0x078e, 0x000001c2,
0x078f, 0x000001c3,
0x0790, 0x000001c4,
0x0791, 0x000001c5,
0x0792, 0x000001c6,
0x0793, 0x000001c7,
0x0794, 0x000001c8,
0x0795, 0x000001c9,
0x0796, 0x000001ca,
0x0797, 0x000001cb,
0x0798, 0x000001cc,
0x0799, 0x000001cd,
0x079a, 0x000001ce,
0x079b, 0x000001cf,
0x079c, 0x000001d0,
0x079d, 0x000001d1,
0x079e, 0x000001d2,
0x079f, 0x000001d3,
0x07a0, 0x00000200,
0x07a1, 0x00000201,
0x07a2, 0x00000202,
0x07a3, 0x00000203,
0x07a4, 0x00000204,
0x07a5, 0x00000205,
0x07a6, 0x00000206,
0x07a7, 0x00000207,
0x07a8, 0x00000208,
0x07a9, 0x00000209,
0x07aa, 0x0000020a,
0x07ab, 0x0000020b,
0x07ac, 0x0000020c,
0x07ad, 0x0000020d,
0x07ae, 0x0000020e,
0x07af, 0x0000020f,
0x07b0, 0x00000210,
0x07b1, 0x00000211,
0x07b2, 0x00000212,
0x07b3, 0x00000213,
0x07b4, 0x00000240,
0x07b5, 0x00000241,
0x07b6, 0x00000242,
0x07b7, 0x00000243,
0x07b8, 0x00000244,
0x07b9, 0x00000245,
0x07ba, 0x00000246,
0x07bb, 0x00000247,
0x07bc, 0x00000248,
0x07bd, 0x00000249,
0x07be, 0x0000024a,
0x07bf, 0x0000024b,
0x07c0, 0x0000024c,
0x07c1, 0x0000024d,
0x07c2, 0x0000024e,
0x07c3, 0x0000024f,
0x07c4, 0x00000250,
0x07c5, 0x00000251,
0x07c6, 0x00000252,
0x07c7, 0x00000253,
0x07c8, 0x00000014,
0x07c9, 0x00000015,
0x07ca, 0x00000016,
0x07cb, 0x00000017,
0x07cc, 0x00000018,
0x07cd, 0x00000019,
0x07ce, 0x0000001a,
0x07cf, 0x0000001b,
0x07d0, 0x0000001c,
0x07d1, 0x0000001d,
0x07d2, 0x0000001e,
0x07d3, 0x0000001f,
0x07d4, 0x00000020,
0x07d5, 0x00000021,
0x07d6, 0x00000022,
0x07d7, 0x00000023,
0x07d8, 0x00000024,
0x07d9, 0x00000025,
0x07da, 0x00000026,
0x07db, 0x00000027,
0x07dc, 0x00000054,
0x07dd, 0x00000055,
0x07de, 0x00000056,
0x07df, 0x00000057,
0x07e0, 0x00000058,
0x07e1, 0x00000059,
0x07e2, 0x0000005a,
0x07e3, 0x0000005b,
0x07e4, 0x0000005c,
0x07e5, 0x0000005d,
0x07e6, 0x0000005e,
0x07e7, 0x0000005f,
0x07e8, 0x00000060,
0x07e9, 0x00000061,
0x07ea, 0x00000062,
0x07eb, 0x00000063,
0x07ec, 0x00000064,
0x07ed, 0x00000065,
0x07ee, 0x00000066,
0x07ef, 0x00000067,
0x07f0, 0x00000094,
0x07f1, 0x00000095,
0x07f2, 0x00000096,
0x07f3, 0x00000097,
0x07f4, 0x00000098,
0x07f5, 0x00000099,
0x07f6, 0x0000009a,
0x07f7, 0x0000009b,
0x07f8, 0x0000009c,
0x07f9, 0x0000009d,
0x07fa, 0x0000009e,
0x07fb, 0x0000009f,
0x07fc, 0x000000a0,
0x07fd, 0x000000a1,
0x07fe, 0x000000a2,
0x07ff, 0x000000a3,
0x0800, 0x000000a4,
0x0801, 0x000000a5,
0x0802, 0x000000a6,
0x0803, 0x000000a7,
0x0804, 0x000000d4,
0x0805, 0x000000d5,
0x0806, 0x000000d6,
0x0807, 0x000000d7,
0x0808, 0x000000d8,
0x0809, 0x000000d9,
0x080a, 0x000000da,
0x080b, 0x000000db,
0x080c, 0x000000dc,
0x080d, 0x000000dd,
0x080e, 0x000000de,
0x080f, 0x000000df,
0x0810, 0x000000e0,
0x0811, 0x000000e1,
0x0812, 0x000000e2,
0x0813, 0x000000e3,
0x0814, 0x000000e4,
0x0815, 0x000000e5,
0x0816, 0x000000e6,
0x0817, 0x000000e7,
0x0818, 0x00000114,
0x0819, 0x00000115,
0x081a, 0x00000116,
0x081b, 0x00000117,
0x081c, 0x00000118,
0x081d, 0x00000119,
0x081e, 0x0000011a,
0x081f, 0x0000011b,
0x0820, 0x0000011c,
0x0821, 0x0000011d,
0x0822, 0x0000011e,
0x0823, 0x0000011f,
0x0824, 0x00000120,
0x0825, 0x00000121,
0x0826, 0x00000122,
0x0827, 0x00000123,
0x0828, 0x00000124,
0x0829, 0x00000125,
0x082a, 0x00000126,
0x082b, 0x00000127,
0x082c, 0x00000154,
0x082d, 0x00000155,
0x082e, 0x00000156,
0x082f, 0x00000157,
0x0830, 0x00000158,
0x0831, 0x00000159,
0x0832, 0x0000015a,
0x0833, 0x0000015b,
0x0834, 0x0000015c,
0x0835, 0x0000015d,
0x0836, 0x0000015e,
0x0837, 0x0000015f,
0x0838, 0x00000160,
0x0839, 0x00000161,
0x083a, 0x00000162,
0x083b, 0x00000163,
0x083c, 0x00000164,
0x083d, 0x00000165,
0x083e, 0x00000166,
0x083f, 0x00000167,
0x0840, 0x00000194,
0x0841, 0x00000195,
0x0842, 0x00000196,
0x0843, 0x00000197,
0x0844, 0x00000198,
0x0845, 0x00000199,
0x0846, 0x0000019a,
0x0847, 0x0000019b,
0x0848, 0x0000019c,
0x0849, 0x0000019d,
0x084a, 0x0000019e,
0x084b, 0x0000019f,
0x084c, 0x000001a0,
0x084d, 0x000001a1,
0x084e, 0x000001a2,
0x084f, 0x000001a3,
0x0850, 0x000001a4,
0x0851, 0x000001a5,
0x0852, 0x000001a6,
0x0853, 0x000001a7,
0x0854, 0x000001d4,
0x0855, 0x000001d5,
0x0856, 0x000001d6,
0x0857, 0x000001d7,
0x0858, 0x000001d8,
0x0859, 0x000001d9,
0x085a, 0x000001da,
0x085b, 0x000001db,
0x085c, 0x000001dc,
0x085d, 0x000001dd,
0x085e, 0x000001de,
0x085f, 0x000001df,
0x0860, 0x000001e0,
0x0861, 0x000001e1,
0x0862, 0x000001e2,
0x0863, 0x000001e3,
0x0864, 0x000001e4,
0x0865, 0x000001e5,
0x0866, 0x000001e6,
0x0867, 0x000001e7,
0x0868, 0x00000214,
0x0869, 0x00000215,
0x086a, 0x00000216,
0x086b, 0x00000217,
0x086c, 0x00000218,
0x086d, 0x00000219,
0x086e, 0x0000021a,
0x086f, 0x0000021b,
0x0870, 0x0000021c,
0x0871, 0x0000021d,
0x0872, 0x0000021e,
0x0873, 0x0000021f,
0x0874, 0x00000220,
0x0875, 0x00000221,
0x0876, 0x00000222,
0x0877, 0x00000223,
0x0878, 0x00000224,
0x0879, 0x00000225,
0x087a, 0x00000226,
0x087b, 0x00000227,
0x087c, 0x00000254,
0x087d, 0x00000255,
0x087e, 0x00000256,
0x087f, 0x00000257,
0x0880, 0x00000258,
0x0881, 0x00000259,
0x0882, 0x0000025a,
0x0883, 0x0000025b,
0x0884, 0x0000025c,
0x0885, 0x0000025d,
0x0886, 0x0000025e,
0x0887, 0x0000025f,
0x0888, 0x00000260,
0x0889, 0x00000261,
0x088a, 0x00000262,
0x088b, 0x00000263,
0x088c, 0x00000264,
0x088d, 0x00000265,
0x088e, 0x00000266,
0x088f, 0x00000267,
0x0890, 0x00000000,
0x0891, 0x00000000,
0x0892, 0x00000000,
0x0893, 0x00000000,
0x0894, 0x00000000,
0x0895, 0x00000000,
0x0896, 0x00000000,
0x0897, 0x00000000,
0x0898, 0x00000000,
0x0899, 0x00000000,
0x089a, 0x00000000,
0x089b, 0x00000000,
0x089c, 0x00000000,
0x089d, 0x00000000,
0x089e, 0x00000000,
0x089f, 0x00000000,
0x08a0, 0x00000000,
0x08a1, 0x00000000,
0x08a2, 0x00000000,
0x08a3, 0x00000000,
0x08a4, 0x00000000,
0x08a5, 0x00000000,
0x08a6, 0x00000000,
0x08a7, 0x00000000,
0x08a8, 0x00000000,
0x08a9, 0x00000000,
0x08aa, 0x00000000,
0x08ab, 0x00000000,
0x08ac, 0x00000000,
0x08ad, 0x00000000,
0x08ae, 0x00000000,
0x08af, 0x00000000,
0x08b0, 0x00000000,
0x08b1, 0x00000000,
0x08b2, 0x00000000,
0x08b3, 0x00000000,
0x08b4, 0x00000000,
0x08b5, 0x00000000,
0x08b6, 0x00000000,
0x08b7, 0x00000000,
0x08b8, 0x00000000,
0x08b9, 0x00000000,
0x08ba, 0x00000000,
0x08bb, 0x00000000,
0x08bc, 0x00000000,
0x08bd, 0x00000000,
0x08be, 0x00000000,
0x08bf, 0x00000000,
0x08c0, 0x00000000,
0x08c1, 0x00000000,
0x08c2, 0x00000000,
0x08c3, 0x00000000,
0x08c4, 0x00000000,
0x08c5, 0x00000000,
0x08c6, 0x00000000,
0x08c7, 0x00000000,
0x08c8, 0x00000000,
0x08c9, 0x00000000,
0x08ca, 0x00000000,
0x08cb, 0x00000000,
0x08cc, 0x00000000,
0x08cd, 0x00000000,
0x08ce, 0x00000000,
0x08cf, 0x00000000,
0x08d0, 0x00000000,
0x08d1, 0x00000000,
0x08d2, 0x00000000,
0x08d3, 0x00000000,
0x08d4, 0x00000000,
0x08d5, 0x00000000,
0x08d6, 0x00000000,
0x08d7, 0x00000000,
0x08d8, 0x00000000,
0x08d9, 0x00000000,
0x08da, 0x00000000,
0x08db, 0x00000000,
0x08dc, 0x00000000,
0x08dd, 0x00000000,
0x08de, 0x00000000,
0x08df, 0x00000000,
0x08e0, 0x00000000,
0x08e1, 0x00000000,
0x08e2, 0x00000000,
0x08e3, 0x00000000,
0x08e4, 0x00000000,
0x08e5, 0x00000000,
0x08e6, 0x00000000,
0x08e7, 0x00000000,
0x08e8, 0x00000000,
0x08e9, 0x00000000,
0x08ea, 0x00000000,
0x08eb, 0x00000000,
0x08ec, 0x00000000,
0x08ed, 0x00000000,
0x08ee, 0x00000000,
0x08ef, 0x00000000,
0x08f0, 0x00000000,
0x08f1, 0x00000000,
0x08f2, 0x00000000,
0x08f3, 0x00000000,
0x08f4, 0x00000000,
0x08f5, 0x00000000,
0x08f6, 0x00000000,
0x08f7, 0x00000000,
0x08f8, 0x00000000,
0x08f9, 0x00000000,
0x08fa, 0x00000000,
0x08fb, 0x00000000,
0x08fc, 0x00000000,
0x08fd, 0x00000000,
0x08fe, 0x00000000,
0x08ff, 0x00000000,
0x0900, 0x00000000,
0x0901, 0x00000000,
0x0902, 0x00000000,
0x0903, 0x00000000,
0x0904, 0x00000000,
0x0905, 0x00000000,
0x0906, 0x00000000,
0x0907, 0x00000000,
0x0908, 0x00000000,
0x0909, 0x00000000,
0x090a, 0x00000000,
0x090b, 0x00000000,
0x090c, 0x00000000,
0x090d, 0x00000000,
0x090e, 0x00000000,
0x090f, 0x00000000,
0x0910, 0x00000000,
0x0911, 0x00000000,
0x0912, 0x00000000,
0x0913, 0x00000000,
0x0914, 0x00000000,
0x0915, 0x00000000,
0x0916, 0x00000000,
0x0917, 0x00000000,
0x0918, 0x00000000,
0x0919, 0x00000000,
0x091a, 0x00000000,
0x091b, 0x00000000,
0x091c, 0x00000000,
0x091d, 0x00000000,
0x091e, 0x00000000,
0x091f, 0x00000000,
0x0920, 0x00000000,
0x0921, 0x00000000,
0x0922, 0x00000000,
0x0923, 0x00000000,
0x0924, 0x00000000,
0x0925, 0x00000000,
0x0926, 0x00000000,
0x0927, 0x00000000,
0x0928, 0x00000000,
0x0929, 0x00000000,
0x092a, 0x00000000,
0x092b, 0x00000000,
0x092c, 0x00000000,
0x092d, 0x00000000,
0x092e, 0x00000000,
0x092f, 0x00000000,
0x0930, 0x00000000,
0x0931, 0x00000000,
0x0932, 0x00000000,
0x0933, 0x00000000,
0x0934, 0x00000000,
0x0935, 0x00000000,
0x0936, 0x00000000,
0x0937, 0x00000000,
0x0938, 0x00000000,
0x0939, 0x00000000,
0x093a, 0x00000000,
0x093b, 0x00000000,
0x093c, 0x00000000,
0x093d, 0x00000000,
0x093e, 0x00000000,
0x093f, 0x00000000,
0x0940, 0x00000000,
0x0941, 0x00000000,
0x0942, 0x00000000,
0x0943, 0x00000000,
0x0944, 0x00000000,
0x0945, 0x00000000,
0x0946, 0x00000000,
0x0947, 0x00000000,
0x0948, 0x00000000,
0x0949, 0x00000000,
0x094a, 0x00000000,
0x094b, 0x00000000,
0x094c, 0x00000000,
0x094d, 0x00000000,
0x094e, 0x00000000,
0x094f, 0x00000000,
0x0950, 0x00000000,
0x0951, 0x00000000,
0x0952, 0x00000000,
0x0953, 0x00000000,
0x0954, 0x00000000,
0x0955, 0x00000000,
0x0956, 0x00000000,
0x0957, 0x00000000,
0x0958, 0x00000000,
0x0959, 0x00000000,
0x095a, 0x00000000,
0x095b, 0x00000000,
0x095c, 0x00000000,
0x095d, 0x00000000,
0x095e, 0x00000000,
0x095f, 0x00000000,
0x0960, 0x00000000,
0x0961, 0x00000000,
0x0962, 0x00000000,
0x0963, 0x00000000,
0x0964, 0x00000000,
0x0965, 0x00000000,
0x0966, 0x00000000,
0x0967, 0x00000000,
0x0968, 0x00000000,
0x0969, 0x00000000,
0x096a, 0x00000000,
0x096b, 0x00000000,
0x096c, 0x00000000,
0x096d, 0x00000000,
0x096e, 0x00000000,
0x096f, 0x00000000,
0x0970, 0x00000000,
0x0971, 0x00000000,
0x0972, 0x00000000,
0x0973, 0x00000000,
0x0974, 0x00000000,
0x0975, 0x00000000,
0x0976, 0x00000000,
0x0977, 0x00000000,
0x0978, 0x00000000,
0x0979, 0x00000000,
0x097a, 0x00000000,
0x097b, 0x00000000,
0x097c, 0x00000000,
0x097d, 0x00000000,
0x097e, 0x00000000,
0x097f, 0x00000000,
0x0980, 0x00000000,
0x0981, 0x00000000,
0x0982, 0x00000000,
0x0983, 0x00000000,
0x0984, 0x00000000,
0x0985, 0x00000000,
0x0986, 0x00000000,
0x0987, 0x00000000,
0x0988, 0x00000000,
0x0989, 0x00000000,
0x098a, 0x00000000,
0x098b, 0x00000000,
0x098c, 0x00000000,
0x098d, 0x00000000,
0x098e, 0x00000000,
0x098f, 0x00000000,
0x0990, 0x00000000,
0x0991, 0x00000000,
0x0992, 0x00000000,
0x0993, 0x00000000,
0x0994, 0x00000000,
0x0995, 0x00000000,
0x0996, 0x00000000,
0x0997, 0x00000000,
0x0998, 0x00000000,
0x0999, 0x00000000,
0x099a, 0x00000000,
0x099b, 0x00000000,
0x099c, 0x00000000,
0x099d, 0x00000000,
0x099e, 0x00000000,
0x099f, 0x00000000,
0x09a0, 0x00000000,
0x09a1, 0x00000000,
0x09a2, 0x00000000,
0x09a3, 0x00000000,
0x09a4, 0x00000000,
0x09a5, 0x00000000,
0x09a6, 0x00000000,
0x09a7, 0x00000000,
0x09a8, 0x00000000,
0x09a9, 0x00000000,
0x09aa, 0x00000000,
0x09ab, 0x00000000,
0x09ac, 0x00000000,
0x09ad, 0x00000000,
0x09ae, 0x00000000,
0x09af, 0x00000000,
0x09b0, 0x00000000,
0x09b1, 0x00000000,
0x09b2, 0x00000000,
0x09b3, 0x00000000,
0x09b4, 0x00000000,
0x09b5, 0x00000000,
0x09b6, 0x00000000,
0x09b7, 0x00000000,
0x09b8, 0x00000000,
0x09b9, 0x00000000,
0x09ba, 0x00000000,
0x09bb, 0x00000000,
0x09bc, 0x00000000,
0x09bd, 0x00000000,
0x09be, 0x00000000,
0x09bf, 0x00000000,
0x09c0, 0x00000000,
0x09c1, 0x00000000,
0x09c2, 0x00000000,
0x09c3, 0x00000000,
0x09c4, 0x00000000,
0x09c5, 0x00000000,
0x09c6, 0x00000000,
0x09c7, 0x00000000,
0x09c8, 0x00000000,
0x09c9, 0x00000000,
0x09ca, 0x00000000,
0x09cb, 0x00000000,
0x09cc, 0x00000000,
0x09cd, 0x00000000,
0x09ce, 0x00000000,
0x09cf, 0x00000000,
0x09d0, 0x00000000,
0x09d1, 0x00000000,
0x09d2, 0x00000000,
0x09d3, 0x00000000,
0x09d4, 0x00000000,
0x09d5, 0x00000000,
0x09d6, 0x00000000,
0x09d7, 0x00000000,
0x09d8, 0x00000000,
0x09d9, 0x00000000,
0x09da, 0x00000000,
0x09db, 0x00000000,
0x09dc, 0x00000000,
0x09dd, 0x00000000,
0x09de, 0x00000000,
0x09df, 0x00000000,
0x09e0, 0x00000000,
0x09e1, 0x00000000,
0x09e2, 0x00000000,
0x09e3, 0x00000000,
0x09e4, 0x00000000,
0x09e5, 0x00000000,
0x09e6, 0x00000000,
0x09e7, 0x00000000,
0x09e8, 0x00000000,
0x09e9, 0x00000000,
0x09ea, 0x00000000,
0x09eb, 0x00000000,
0x09ec, 0x00000000,
0x09ed, 0x00000000,
0x09ee, 0x00000000,
0x09ef, 0x00000000,
0x09f0, 0x00000000,
0x09f1, 0x00000000,
0x09f2, 0x00000000,
0x09f3, 0x00000000,
0x09f4, 0x00000000,
0x09f5, 0x00000000,
0x09f6, 0x00000000,
0x09f7, 0x00000000,
0x09f8, 0x00000000,
0x09f9, 0x00000000,
0x09fa, 0x00000000,
0x09fb, 0x00000000,
0x09fc, 0x00000000,
0x09fd, 0x00000000,
0x09fe, 0x00000000,
0x09ff, 0x00000000,
0x0a00, 0x00000000,
0x0a01, 0x00000000,
0x0a02, 0x00000000,
0x0a03, 0x00000000,
0x0a04, 0x00000000,
0x0a05, 0x00000000,
0x0a06, 0x00000000,
0x0a07, 0x00000000,
0x0a08, 0x00000000,
0x0a09, 0x00000000,
0x0a0a, 0x00000000,
0x0a0b, 0x00000000,
0x0a0c, 0x00000000,
0x0a0d, 0x00000000,
0x0a0e, 0x00000000,
0x0a0f, 0x00000000,
0x0a10, 0x00000000,
0x0a11, 0x00000000,
0x0a12, 0x00000000,
0x0a13, 0x00000000,
0x0a14, 0x00000000,
0x0a15, 0x00000000,
0x0a16, 0x00000000,
0x0a17, 0x00000000,
0x0a18, 0x00000000,
0x0a19, 0x00000000,
0x0a1a, 0x00000000,
0x0a1b, 0x00000000,
0x0a1c, 0x00000000,
0x0a1d, 0x00000000,
0x0a1e, 0x00000000,
0x0a1f, 0x00000000,
0x0a20, 0x00000000,
0x0a21, 0x00000000,
0x0a22, 0x00000000,
0x0a23, 0x00000000,
0x0a24, 0x00000000,
0x0a25, 0x00000000,
0x0a26, 0x00000000,
0x0a27, 0x00000000,
0x0a28, 0x00000000,
0x0a29, 0x00000000,
0x0a2a, 0x00000000,
0x0a2b, 0x00000000,
0x0a2c, 0x00000000,
0x0a2d, 0x00000000,
0x0a2e, 0x00000000,
0x0a2f, 0x00000000,
0x0a30, 0x00000000,
0x0a31, 0x00000000,
0x0a32, 0x00000000,
0x0a33, 0x00000000,
0x0a34, 0x00000000,
0x0a35, 0x00000000,
0x0a36, 0x00000000,
0x0a37, 0x00000000,
0x0a38, 0x00000000,
0x0a39, 0x00000000,
0x0a3a, 0x00000000,
0x0a3b, 0x00000000,
0x0a3c, 0x00000000,
0x0a3d, 0x00000000,
0x0a3e, 0x00000000,
0x0a3f, 0x00000000,
0x0a40, 0x00000000,
0x0a41, 0x00000000,
0x0a42, 0x00000000,
0x0a43, 0x00000000,
0x0a44, 0x00000000,
0x0a45, 0x00000000,
0x0a46, 0x00000000,
0x0a47, 0x00000000,
0x0a48, 0x00000000,
0x0a49, 0x00000000,
0x0a4a, 0x00000000,
0x0a4b, 0x00000000,
0x0a4c, 0x00000000,
0x0a4d, 0x00000000,
0x0a4e, 0x00000000,
0x0a4f, 0x00000000,
0x0a50, 0x00000000,
0x0a51, 0x00000000,
0x0a52, 0x00000000,
0x0a53, 0x00000000,
0x0a54, 0x00000000,
0x0a55, 0x00000000,
0x0a56, 0x00000000,
0x0a57, 0x00000000,
0x0a58, 0x00000000,
0x0a59, 0x00000000,
0x0a5a, 0x00000000,
0x0a5b, 0x00000000,
0x0a5c, 0x00000000,
0x0a5d, 0x00000000,
0x0a5e, 0x00000000,
0x0a5f, 0x00000000,
0x0a60, 0x00000000,
0x0a61, 0x00000000,
0x0a62, 0x00000000,
0x0a63, 0x00000000,
0x0a64, 0x00000000,
0x0a65, 0x00000000,
0x0a66, 0x00000000,
0x0a67, 0x00000000,
0x0a68, 0x00000000,
0x0a69, 0x00000000,
0x0a6a, 0x00000000,
0x0a6b, 0x00000000,
0x0a6c, 0x00000000,
0x0a6d, 0x00000000,
0x0a6e, 0x00000000,
0x0a6f, 0x00000000,
0x0a70, 0x00000000,
0x0a71, 0x00000000,
0x0a72, 0x00000000,
0x0a73, 0x00000000,
0x0a74, 0x00000000,
0x0a75, 0x00000000,
0x0a76, 0x00000000,
0x0a77, 0x00000000,
0x0a78, 0x00000000,
0x0a79, 0x00000000,
0x0a7a, 0x00000000,
0x0a7b, 0x00000000,
0x0a7c, 0x00000000,
0x0a7d, 0x00000000,
0x0a7e, 0x00000000,
0x0a7f, 0x00000000,
0x0a80, 0x00000000,
0x0a81, 0x00000000,
0x0a82, 0x00000000,
0x0a83, 0x00000000,
0x0a84, 0x00000000,
0x0a85, 0x00000000,
0x0a86, 0x00000000,
0x0a87, 0x00000000,
0x0a88, 0x00000000,
0x0a89, 0x00000000,
0x0a8a, 0x00000000,
0x0a8b, 0x00000000,
0x0a8c, 0x00000000,
0x0a8d, 0x00000000,
0x0a8e, 0x00000000,
0x0a8f, 0x00000000,
0x0a90, 0x00000000,
0x0a91, 0x00000000,
0x0a92, 0x00000000,
0x0a93, 0x00000000,
0x0a94, 0x00000000,
0x0a95, 0x00000000,
0x0a96, 0x00000000,
0x0a97, 0x00000000,
0x0a98, 0x00000000,
0x0a99, 0x00000000,
0x0a9a, 0x00000000,
0x0a9b, 0x00000000,
0x0a9c, 0x00000000,
0x0a9d, 0x00000000,
0x0a9e, 0x00000000,
0x0a9f, 0x00000000,
0x0aa0, 0x00000000,
0x0aa1, 0x00000000,
0x0aa2, 0x00000000,
0x0aa3, 0x00000000,
0x0aa4, 0x00000000,
0x0aa5, 0x00000000,
0x0aa6, 0x00000000,
0x0aa7, 0x00000000,
0x0aa8, 0x00000000,
0x0aa9, 0x00000000,
0x0aaa, 0x00000000,
0x0aab, 0x00000000,
0x0aac, 0x00000000,
0x0aad, 0x00000000,
0x0aae, 0x00000000,
0x0aaf, 0x00000000,
0x0ab0, 0x00000000,
0x0ab1, 0x00000000,
0x0ab2, 0x00000000,
0x0ab3, 0x00000000,
0x0ab4, 0x00000000,
0x0ab5, 0x00000000,
0x0ab6, 0x00000000,
0x0ab7, 0x00000000,
0x0ab8, 0x00000000,
0x0ab9, 0x00000000,
0x0aba, 0x00000000,
0x0abb, 0x00000000,
0x0abc, 0x00000000,
0x0abd, 0x00000000,
0x0abe, 0x00000000,
0x0abf, 0x00000000,
0x0ac0, 0x00000000,
0x0ac1, 0x00000000,
0x0ac2, 0x00000000,
0x0ac3, 0x00000000,
0x0ac4, 0x00000000,
0x0ac5, 0x00000000,
0x0ac6, 0x00000000,
0x0ac7, 0x00000000,
0x0ac8, 0x00000000,
0x0ac9, 0x00000000,
0x0aca, 0x00000000,
0x0acb, 0x00000000,
0x0acc, 0x00000000,
0x0acd, 0x00000000,
0x0ace, 0x00000000,
0x0acf, 0x00000000,
0x0ad0, 0x00000000,
0x0ad1, 0x00000000,
0x0ad2, 0x00000000,
0x0ad3, 0x00000000,
0x0ad4, 0x00000000,
0x0ad5, 0x00000000,
0x0ad6, 0x00000000,
0x0ad7, 0x00000000,
0x0ad8, 0x00000000,
0x0ad9, 0x00000000,
0x0ada, 0x00000000,
0x0adb, 0x00000000,
0x0adc, 0x00000000,
0x0add, 0x00000000,
0x0ade, 0x00000000,
0x0adf, 0x00000000,
0x0ae0, 0x00000000,
0x0ae1, 0x00000000,
0x0ae2, 0x00000000,
0x0ae3, 0x00000000,
0x0ae4, 0x00000000,
0x0ae5, 0x00000000,
0x0ae6, 0x00000000,
0x0ae7, 0x00000000,
0x0ae8, 0x00000000,
0x0ae9, 0x00000000,
0x0aea, 0x00000000,
0x0aeb, 0x00000000,
0x0aec, 0x00000000,
0x0aed, 0x00000000,
0x0aee, 0x00000000,
0x0aef, 0x00000000,
0x0af0, 0x00000000,
0x0af1, 0x00000000,
0x0af2, 0x00000000,
0x0af3, 0x00000000,
0x0af4, 0x00000000,
0x0af5, 0x00000000,
0x0af6, 0x00000000,
0x0af7, 0x00000000,
0x0af8, 0x00000000,
0x0af9, 0x00000000,
0x0afa, 0x00000000,
0x0afb, 0x00000000,
0x0afc, 0x00000000,
0x0afd, 0x00000000,
0x0afe, 0x00000000,
0x0aff, 0x00000000,
0x0b00, 0x00000000,
0x0b01, 0x00000000,
0x0b02, 0x00000000,
0x0b03, 0x00000000,
0x0b04, 0x00000000,
0x0b05, 0x00000000,
0x0b06, 0x00000000,
0x0b07, 0x00000000,
0x0b08, 0x00000000,
0x0b09, 0x00000000,
0x0b0a, 0x00000000,
0x0b0b, 0x00000000,
0x0b0c, 0x00000000,
0x0b0d, 0x00000000,
0x0b0e, 0x00000000,
0x0b0f, 0x00000000,
0x0b10, 0x00000000,
0x0b11, 0x00000000,
0x0b12, 0x00000000,
0x0b13, 0x00000000,
0x0b14, 0x00000000,
0x0b15, 0x00000000,
0x0b16, 0x00000000,
0x0b17, 0x00000000,
0x0b18, 0x00000000,
0x0b19, 0x00000000,
0x0b1a, 0x00000000,
0x0b1b, 0x00000000,
0x0b1c, 0x00000000,
0x0b1d, 0x00000000,
0x0b1e, 0x00000000,
0x0b1f, 0x00000000,
0x0b20, 0x00000000,
0x0b21, 0x00000000,
0x0b22, 0x00000000,
0x0b23, 0x00000000,
0x0b24, 0x00000000,
0x0b25, 0x00000000,
0x0b26, 0x00000000,
0x0b27, 0x00000000,
0x0b28, 0x00000000,
0x0b29, 0x00000000,
0x0b2a, 0x00000000,
0x0b2b, 0x00000000,
0x0b2c, 0x00000000,
0x0b2d, 0x00000000,
0x0b2e, 0x00000000,
0x0b2f, 0x00000000,
0x0b30, 0x00000000,
0x0b31, 0x00000000,
0x0b32, 0x00000000,
0x0b33, 0x00000000,
0x0b34, 0x00000000,
0x0b35, 0x00000000,
0x0b36, 0x00000000,
0x0b37, 0x00000000,
0x0b38, 0x00000000,
0x0b39, 0x00000000,
0x0b3a, 0x00000000,
0x0b3b, 0x00000000,
0x0b3c, 0x00000000,
0x0b3d, 0x00000000,
0x0b3e, 0x00000000,
0x0b3f, 0x00000000,
0x0b40, 0x00000000,
0x0b41, 0x00000000,
0x0b42, 0x00000000,
0x0b43, 0x00000000,
0x0b44, 0x00000000,
0x0b45, 0x00000000,
0x0b46, 0x00000000,
0x0b47, 0x00000000,
0x0b48, 0x00000000,
0x0b49, 0x00000000,
0x0b4a, 0x00000000,
0x0b4b, 0x00000000,
0x0b4c, 0x00000000,
0x0b4d, 0x00000000,
0x0b4e, 0x00000000,
0x0b4f, 0x00000000,
0x0b50, 0x00000000,
0x0b51, 0x00000000,
0x0b52, 0x00000000,
0x0b53, 0x00000000,
0x0b54, 0x00000000,
0x0b55, 0x00000000,
0x0b56, 0x00000000,
0x0b57, 0x00000000,
0x0b58, 0x00000000,
0x0b59, 0x00000000,
0x0b5a, 0x00000000,
0x0b5b, 0x00000000,
0x0b5c, 0x00000000,
0x0b5d, 0x00000000,
0x0b5e, 0x00000000,
0x0b5f, 0x00000000,
0x0b60, 0x00000000,
0x0b61, 0x00000000,
0x0b62, 0x00000000,
0x0b63, 0x00000000,
0x0b64, 0x00000000,
0x0b65, 0x00000000,
0x0b66, 0x00000000,
0x0b67, 0x00000000,
0x0b68, 0x00000000,
0x0b69, 0x00000000,
0x0b6a, 0x00000000,
0x0b6b, 0x00000000,
0x0b6c, 0x00000000,
0x0b6d, 0x00000000,
0x0b6e, 0x00000000,
0x0b6f, 0x00000000,
0x0b70, 0x00000000,
0x0b71, 0x00000000,
0x0b72, 0x00000000,
0x0b73, 0x00000000,
0x0b74, 0x00000000,
0x0b75, 0x00000000,
0x0b76, 0x00000000,
0x0b77, 0x00000000,
0x0b78, 0x00000000,
0x0b79, 0x00000000,
0x0b7a, 0x00000000,
0x0b7b, 0x00000000,
0x0b7c, 0x00000000,
0x0b7d, 0x00000000,
0x0b7e, 0x00000000,
0x0b7f, 0x00000000,
0x0b80, 0x00000000,
0x0b81, 0x00000000,
0x0b82, 0x00000000,
0x0b83, 0x00000000,
0x0b84, 0x00000000,
0x0b85, 0x00000000,
0x0b86, 0x00000000,
0x0b87, 0x00000000,
0x0b88, 0x00000000,
0x0b89, 0x00000000,
0x0b8a, 0x00000000,
0x0b8b, 0x00000000,
0x0b8c, 0x00000000,
0x0b8d, 0x00000000,
0x0b8e, 0x00000000,
0x0b8f, 0x00000000,
0x0b90, 0x00000000,
0x0b91, 0x00000000,
0x0b92, 0x00000000,
0x0b93, 0x00000000,
0x0b94, 0x00000000,
0x0b95, 0x00000000,
0x0b96, 0x00000000,
0x0b97, 0x00000000,
0x0b98, 0x00000000,
0x0b99, 0x00000000,
0x0b9a, 0x00000000,
0x0b9b, 0x00000000,
0x0b9c, 0x00000000,
0x0b9d, 0x00000000,
0x0b9e, 0x00000000,
0x0b9f, 0x00000000,
0x0ba0, 0x00000000,
0x0ba1, 0x00000000,
0x0ba2, 0x00000000,
0x0ba3, 0x00000000,
0x0ba4, 0x00000000,
0x0ba5, 0x00000000,
0x0ba6, 0x00000000,
0x0ba7, 0x00000000,
0x0ba8, 0x00000000,
0x0ba9, 0x00000000,
0x0baa, 0x00000000,
0x0bab, 0x00000000,
0x0bac, 0x00000000,
0x0bad, 0x00000000,
0x0bae, 0x00000000,
0x0baf, 0x00000000,
0x0bb0, 0x00000000,
0x0bb1, 0x00000000,
0x0bb2, 0x00000000,
0x0bb3, 0x00000000,
0x0bb4, 0x00000000,
0x0bb5, 0x00000000,
0x0bb6, 0x00000000,
0x0bb7, 0x00000000,
0x0bb8, 0x00000000,
0x0bb9, 0x00000000,
0x0bba, 0x00000000,
0x0bbb, 0x00000000,
0x0bbc, 0x00000000,
0x0bbd, 0x00000000,
0x0bbe, 0x00000000,
0x0bbf, 0x00000000,
0x0bc0, 0x00000000,
0x0bc1, 0x00000000,
0x0bc2, 0x00000000,
0x0bc3, 0x00000000,
0x0bc4, 0x00000000,
0x0bc5, 0x00000000,
0x0bc6, 0x00000000,
0x0bc7, 0x00000000,
0x0bc8, 0x00000000,
0x0bc9, 0x00000000,
0x0bca, 0x00000000,
0x0bcb, 0x00000000,
0x0bcc, 0x00000000,
0x0bcd, 0x00000000,
0x0bce, 0x00000000,
0x0bcf, 0x00000000,
0x0bd0, 0x00000000,
0x0bd1, 0x00000000,
0x0bd2, 0x00000000,
0x0bd3, 0x00000000,
0x0bd4, 0x00000000,
0x0bd5, 0x00000000,
0x0bd6, 0x00000000,
0x0bd7, 0x00000000,
0x0bd8, 0x00000000,
0x0bd9, 0x00000000,
0x0bda, 0x00000000,
0x0bdb, 0x00000000,
0x0bdc, 0x00000000,
0x0bdd, 0x00000000,
0x0bde, 0x00000000,
0x0bdf, 0x00000000,
0x0be0, 0x00000000,
0x0be1, 0x00000000,
0x060a, 0x00000000,
0x0300, 0x00001040,
0x0300, 0x00000040,
};
uint32_t bcon_case997_tcl_setting[] = {
//0x200e, 0x0000001f,
//0x2000, 0x000089a9,
//0x2003, 0x0000007f,
//0x2009, 0x00000037,
//0x200d, 0x33fff000,
//0x200f, 0x00300300,
//0x0207, 0x00000001,
0x0300, 0x00000040,
0x0301, 0x33f14c53,
0x0302, 0x01820028,
0x0303, 0x0001491e,
0x0305, 0x40000064,
0x0306, 0x00000000,
0x0307, 0x3d000000,
0x030a, 0x3cfff800,
0x030b, 0x00141fff,
0x030c, 0x1fff1fff,
0x0311, 0x7c3081d3,
0x0312, 0x00640000,
0x0313, 0x00c800c8,
0x0316, 0x0ce83fff,
0x0317, 0x16a6a904,
0x0318, 0x2eb7a800,
0x0319, 0x0023b3a7,
0x031a, 0x176f8b11,
0x031b, 0x40023180,
0x031c, 0x37070f26,
0x031d, 0xd1f03ca6,
0x031e, 0x00000040,
0x0320, 0x00000340,
0x0322, 0x94d7b9f4,
0x0327, 0x01000000,
0x0329, 0x6ac10003,
0x032a, 0x00401800,
0x032c, 0x38230006,
0x0333, 0x15f31d66,
0x0334, 0xc80016fc,
0x0335, 0x0f009000,
0x0336, 0x043bca0a,
0x0337, 0x001103e8,
0x033b, 0xc468f504,
0x033c, 0x49703890,
0x033d, 0xc012000f,
0x033e, 0x69d6a425,
0x033f, 0x89a1a468,
0x0340, 0x27d0005a,
0x0343, 0x0001ea5b,
0x0344, 0x00000000,
0x0345, 0x00000050,
0x0351, 0x0000394c,
0x0352, 0x0003f012,
//0x0355, 0x00a60653,
0x0355, 0x00a70659,//modify reg_abcon_cs_before_data, reg_abcon_cs_after_data
0x0356, 0x02102993,
0x0357, 0x0001ffff,
0x0358, 0x45891402,
//0x0358, 0x45891402,
0x0358, 0x45891e02,//modify reg_abcon_vsync_o_width
0x0359, 0x0005033e,
0x035a, 0x00000000,
0x0361, 0x06ed8f9a,
0x0363, 0x000000e6,
0x0367, 0x0fff8300,
0x0369, 0x817145c0,
0x036a, 0x7072972e,
0x036b, 0xae48d6d7,
0x036e, 0x000233c0,
0x0371, 0x3f4e60ec,
0x0372, 0x7d14cb1b,
0x0373, 0x4a2a62b1,
0x060a, 0x00000001,
0x0700, 0x00000000,
0x0701, 0x00000001,
0x0702, 0x00000002,
0x0703, 0x00000003,
0x0704, 0x00000004,
0x0705, 0x00000005,
0x0706, 0x00000006,
0x0707, 0x00000007,
0x0708, 0x00000008,
0x0709, 0x00000009,
0x070a, 0x0000000a,
0x070b, 0x0000000b,
0x070c, 0x0000000c,
0x070d, 0x0000000d,
0x070e, 0x0000000e,
0x070f, 0x0000000f,
0x0710, 0x00000010,
0x0711, 0x00000011,
0x0712, 0x00000012,
0x0713, 0x00000013,
0x0714, 0x00000040,
0x0715, 0x00000041,
0x0716, 0x00000042,
0x0717, 0x00000043,
0x0718, 0x00000044,
0x0719, 0x00000045,
0x071a, 0x00000046,
0x071b, 0x00000047,
0x071c, 0x00000048,
0x071d, 0x00000049,
0x071e, 0x0000004a,
0x071f, 0x0000004b,
0x0720, 0x0000004c,
0x0721, 0x0000004d,
0x0722, 0x0000004e,
0x0723, 0x0000004f,
0x0724, 0x00000050,
0x0725, 0x00000051,
0x0726, 0x00000052,
0x0727, 0x00000053,
0x0728, 0x00000080,
0x0729, 0x00000081,
0x072a, 0x00000082,
0x072b, 0x00000083,
0x072c, 0x00000084,
0x072d, 0x00000085,
0x072e, 0x00000086,
0x072f, 0x00000087,
0x0730, 0x00000088,
0x0731, 0x00000089,
0x0732, 0x0000008a,
0x0733, 0x0000008b,
0x0734, 0x0000008c,
0x0735, 0x0000008d,
0x0736, 0x0000008e,
0x0737, 0x0000008f,
0x0738, 0x00000090,
0x0739, 0x00000091,
0x073a, 0x00000092,
0x073b, 0x00000093,
0x073c, 0x000000c0,
0x073d, 0x000000c1,
0x073e, 0x000000c2,
0x073f, 0x000000c3,
0x0740, 0x000000c4,
0x0741, 0x000000c5,
0x0742, 0x000000c6,
0x0743, 0x000000c7,
0x0744, 0x000000c8,
0x0745, 0x000000c9,
0x0746, 0x000000ca,
0x0747, 0x000000cb,
0x0748, 0x000000cc,
0x0749, 0x000000cd,
0x074a, 0x000000ce,
0x074b, 0x000000cf,
0x074c, 0x000000d0,
0x074d, 0x000000d1,
0x074e, 0x000000d2,
0x074f, 0x000000d3,
0x0750, 0x00000100,
0x0751, 0x00000101,
0x0752, 0x00000102,
0x0753, 0x00000103,
0x0754, 0x00000104,
0x0755, 0x00000105,
0x0756, 0x00000106,
0x0757, 0x00000107,
0x0758, 0x00000108,
0x0759, 0x00000109,
0x075a, 0x0000010a,
0x075b, 0x0000010b,
0x075c, 0x0000010c,
0x075d, 0x0000010d,
0x075e, 0x0000010e,
0x075f, 0x0000010f,
0x0760, 0x00000110,
0x0761, 0x00000111,
0x0762, 0x00000112,
0x0763, 0x00000113,
0x0764, 0x00000140,
0x0765, 0x00000141,
0x0766, 0x00000142,
0x0767, 0x00000143,
0x0768, 0x00000144,
0x0769, 0x00000145,
0x076a, 0x00000146,
0x076b, 0x00000147,
0x076c, 0x00000148,
0x076d, 0x00000149,
0x076e, 0x0000014a,
0x076f, 0x0000014b,
0x0770, 0x0000014c,
0x0771, 0x0000014d,
0x0772, 0x0000014e,
0x0773, 0x0000014f,
0x0774, 0x00000150,
0x0775, 0x00000151,
0x0776, 0x00000152,
0x0777, 0x00000153,
0x0778, 0x00000180,
0x0779, 0x00000181,
0x077a, 0x00000182,
0x077b, 0x00000183,
0x077c, 0x00000184,
0x077d, 0x00000185,
0x077e, 0x00000186,
0x077f, 0x00000187,
0x0780, 0x00000188,
0x0781, 0x00000189,
0x0782, 0x0000018a,
0x0783, 0x0000018b,
0x0784, 0x0000018c,
0x0785, 0x0000018d,
0x0786, 0x0000018e,
0x0787, 0x0000018f,
0x0788, 0x00000190,
0x0789, 0x00000191,
0x078a, 0x00000192,
0x078b, 0x00000193,
0x078c, 0x000001c0,
0x078d, 0x000001c1,
0x078e, 0x000001c2,
0x078f, 0x000001c3,
0x0790, 0x000001c4,
0x0791, 0x000001c5,
0x0792, 0x000001c6,
0x0793, 0x000001c7,
0x0794, 0x000001c8,
0x0795, 0x000001c9,
0x0796, 0x000001ca,
0x0797, 0x000001cb,
0x0798, 0x000001cc,
0x0799, 0x000001cd,
0x079a, 0x000001ce,
0x079b, 0x000001cf,
0x079c, 0x000001d0,
0x079d, 0x000001d1,
0x079e, 0x000001d2,
0x079f, 0x000001d3,
0x07a0, 0x00000200,
0x07a1, 0x00000201,
0x07a2, 0x00000202,
0x07a3, 0x00000203,
0x07a4, 0x00000204,
0x07a5, 0x00000205,
0x07a6, 0x00000206,
0x07a7, 0x00000207,
0x07a8, 0x00000208,
0x07a9, 0x00000209,
0x07aa, 0x0000020a,
0x07ab, 0x0000020b,
0x07ac, 0x0000020c,
0x07ad, 0x0000020d,
0x07ae, 0x0000020e,
0x07af, 0x0000020f,
0x07b0, 0x00000210,
0x07b1, 0x00000211,
0x07b2, 0x00000212,
0x07b3, 0x00000213,
0x07b4, 0x00000240,
0x07b5, 0x00000241,
0x07b6, 0x00000242,
0x07b7, 0x00000243,
0x07b8, 0x00000244,
0x07b9, 0x00000245,
0x07ba, 0x00000246,
0x07bb, 0x00000247,
0x07bc, 0x00000248,
0x07bd, 0x00000249,
0x07be, 0x0000024a,
0x07bf, 0x0000024b,
0x07c0, 0x0000024c,
0x07c1, 0x0000024d,
0x07c2, 0x0000024e,
0x07c3, 0x0000024f,
0x07c4, 0x00000250,
0x07c5, 0x00000251,
0x07c6, 0x00000252,
0x07c7, 0x00000253,
0x07c8, 0x00000000,
0x07c9, 0x00000000,
0x07ca, 0x00000000,
0x07cb, 0x00000000,
0x07cc, 0x00000000,
0x07cd, 0x00000000,
0x07ce, 0x00000000,
0x07cf, 0x00000000,
0x07d0, 0x00000000,
0x07d1, 0x00000000,
0x07d2, 0x00000000,
0x07d3, 0x00000000,
0x07d4, 0x00000000,
0x07d5, 0x00000000,
0x07d6, 0x00000000,
0x07d7, 0x00000000,
0x07d8, 0x00000000,
0x07d9, 0x00000000,
0x07da, 0x00000000,
0x07db, 0x00000000,
0x07dc, 0x00000000,
0x07dd, 0x00000000,
0x07de, 0x00000000,
0x07df, 0x00000000,
0x07e0, 0x00000000,
0x07e1, 0x00000000,
0x07e2, 0x00000000,
0x07e3, 0x00000000,
0x07e4, 0x00000000,
0x07e5, 0x00000000,
0x07e6, 0x00000000,
0x07e7, 0x00000000,
0x07e8, 0x00000000,
0x07e9, 0x00000000,
0x07ea, 0x00000000,
0x07eb, 0x00000000,
0x07ec, 0x00000000,
0x07ed, 0x00000000,
0x07ee, 0x00000000,
0x07ef, 0x00000000,
0x07f0, 0x00000000,
0x07f1, 0x00000000,
0x07f2, 0x00000000,
0x07f3, 0x00000000,
0x07f4, 0x00000000,
0x07f5, 0x00000000,
0x07f6, 0x00000000,
0x07f7, 0x00000000,
0x07f8, 0x00000000,
0x07f9, 0x00000000,
0x07fa, 0x00000000,
0x07fb, 0x00000000,
0x07fc, 0x00000000,
0x07fd, 0x00000000,
0x07fe, 0x00000000,
0x07ff, 0x00000000,
0x0800, 0x00000000,
0x0801, 0x00000000,
0x0802, 0x00000000,
0x0803, 0x00000000,
0x0804, 0x00000000,
0x0805, 0x00000000,
0x0806, 0x00000000,
0x0807, 0x00000000,
0x0808, 0x00000000,
0x0809, 0x00000000,
0x080a, 0x00000000,
0x080b, 0x00000000,
0x080c, 0x00000000,
0x080d, 0x00000000,
0x080e, 0x00000000,
0x080f, 0x00000000,
0x0810, 0x00000000,
0x0811, 0x00000000,
0x0812, 0x00000000,
0x0813, 0x00000000,
0x0814, 0x00000000,
0x0815, 0x00000000,
0x0816, 0x00000000,
0x0817, 0x00000000,
0x0818, 0x00000000,
0x0819, 0x00000000,
0x081a, 0x00000000,
0x081b, 0x00000000,
0x081c, 0x00000000,
0x081d, 0x00000000,
0x081e, 0x00000000,
0x081f, 0x00000000,
0x0820, 0x00000000,
0x0821, 0x00000000,
0x0822, 0x00000000,
0x0823, 0x00000000,
0x0824, 0x00000000,
0x0825, 0x00000000,
0x0826, 0x00000000,
0x0827, 0x00000000,
0x0828, 0x00000000,
0x0829, 0x00000000,
0x082a, 0x00000000,
0x082b, 0x00000000,
0x082c, 0x00000000,
0x082d, 0x00000000,
0x082e, 0x00000000,
0x082f, 0x00000000,
0x0830, 0x00000000,
0x0831, 0x00000000,
0x0832, 0x00000000,
0x0833, 0x00000000,
0x0834, 0x00000000,
0x0835, 0x00000000,
0x0836, 0x00000000,
0x0837, 0x00000000,
0x0838, 0x00000000,
0x0839, 0x00000000,
0x083a, 0x00000000,
0x083b, 0x00000000,
0x083c, 0x00000000,
0x083d, 0x00000000,
0x083e, 0x00000000,
0x083f, 0x00000000,
0x0840, 0x00000000,
0x0841, 0x00000000,
0x0842, 0x00000000,
0x0843, 0x00000000,
0x0844, 0x00000000,
0x0845, 0x00000000,
0x0846, 0x00000000,
0x0847, 0x00000000,
0x0848, 0x00000000,
0x0849, 0x00000000,
0x084a, 0x00000000,
0x084b, 0x00000000,
0x084c, 0x00000000,
0x084d, 0x00000000,
0x084e, 0x00000000,
0x084f, 0x00000000,
0x0850, 0x00000000,
0x0851, 0x00000000,
0x0852, 0x00000000,
0x0853, 0x00000000,
0x0854, 0x00000000,
0x0855, 0x00000000,
0x0856, 0x00000000,
0x0857, 0x00000000,
0x0858, 0x00000000,
0x0859, 0x00000000,
0x085a, 0x00000000,
0x085b, 0x00000000,
0x085c, 0x00000000,
0x085d, 0x00000000,
0x085e, 0x00000000,
0x085f, 0x00000000,
0x0860, 0x00000000,
0x0861, 0x00000000,
0x0862, 0x00000000,
0x0863, 0x00000000,
0x0864, 0x00000000,
0x0865, 0x00000000,
0x0866, 0x00000000,
0x0867, 0x00000000,
0x0868, 0x00000000,
0x0869, 0x00000000,
0x086a, 0x00000000,
0x086b, 0x00000000,
0x086c, 0x00000000,
0x086d, 0x00000000,
0x086e, 0x00000000,
0x086f, 0x00000000,
0x0870, 0x00000000,
0x0871, 0x00000000,
0x0872, 0x00000000,
0x0873, 0x00000000,
0x0874, 0x00000000,
0x0875, 0x00000000,
0x0876, 0x00000000,
0x0877, 0x00000000,
0x0878, 0x00000000,
0x0879, 0x00000000,
0x087a, 0x00000000,
0x087b, 0x00000000,
0x087c, 0x00000000,
0x087d, 0x00000000,
0x087e, 0x00000000,
0x087f, 0x00000000,
0x0880, 0x00000000,
0x0881, 0x00000000,
0x0882, 0x00000000,
0x0883, 0x00000000,
0x0884, 0x00000000,
0x0885, 0x00000000,
0x0886, 0x00000000,
0x0887, 0x00000000,
0x0888, 0x00000000,
0x0889, 0x00000000,
0x088a, 0x00000000,
0x088b, 0x00000000,
0x088c, 0x00000000,
0x088d, 0x00000000,
0x088e, 0x00000000,
0x088f, 0x00000000,
0x0890, 0x00000000,
0x0891, 0x00000000,
0x0892, 0x00000000,
0x0893, 0x00000000,
0x0894, 0x00000000,
0x0895, 0x00000000,
0x0896, 0x00000000,
0x0897, 0x00000000,
0x0898, 0x00000000,
0x0899, 0x00000000,
0x089a, 0x00000000,
0x089b, 0x00000000,
0x089c, 0x00000000,
0x089d, 0x00000000,
0x089e, 0x00000000,
0x089f, 0x00000000,
0x08a0, 0x00000000,
0x08a1, 0x00000000,
0x08a2, 0x00000000,
0x08a3, 0x00000000,
0x08a4, 0x00000000,
0x08a5, 0x00000000,
0x08a6, 0x00000000,
0x08a7, 0x00000000,
0x08a8, 0x00000000,
0x08a9, 0x00000000,
0x08aa, 0x00000000,
0x08ab, 0x00000000,
0x08ac, 0x00000000,
0x08ad, 0x00000000,
0x08ae, 0x00000000,
0x08af, 0x00000000,
0x08b0, 0x00000000,
0x08b1, 0x00000000,
0x08b2, 0x00000000,
0x08b3, 0x00000000,
0x08b4, 0x00000000,
0x08b5, 0x00000000,
0x08b6, 0x00000000,
0x08b7, 0x00000000,
0x08b8, 0x00000000,
0x08b9, 0x00000000,
0x08ba, 0x00000000,
0x08bb, 0x00000000,
0x08bc, 0x00000000,
0x08bd, 0x00000000,
0x08be, 0x00000000,
0x08bf, 0x00000000,
0x08c0, 0x00000000,
0x08c1, 0x00000000,
0x08c2, 0x00000000,
0x08c3, 0x00000000,
0x08c4, 0x00000000,
0x08c5, 0x00000000,
0x08c6, 0x00000000,
0x08c7, 0x00000000,
0x08c8, 0x00000000,
0x08c9, 0x00000000,
0x08ca, 0x00000000,
0x08cb, 0x00000000,
0x08cc, 0x00000000,
0x08cd, 0x00000000,
0x08ce, 0x00000000,
0x08cf, 0x00000000,
0x08d0, 0x00000000,
0x08d1, 0x00000000,
0x08d2, 0x00000000,
0x08d3, 0x00000000,
0x08d4, 0x00000000,
0x08d5, 0x00000000,
0x08d6, 0x00000000,
0x08d7, 0x00000000,
0x08d8, 0x00000000,
0x08d9, 0x00000000,
0x08da, 0x00000000,
0x08db, 0x00000000,
0x08dc, 0x00000000,
0x08dd, 0x00000000,
0x08de, 0x00000000,
0x08df, 0x00000000,
0x08e0, 0x00000000,
0x08e1, 0x00000000,
0x08e2, 0x00000000,
0x08e3, 0x00000000,
0x08e4, 0x00000000,
0x08e5, 0x00000000,
0x08e6, 0x00000000,
0x08e7, 0x00000000,
0x08e8, 0x00000000,
0x08e9, 0x00000000,
0x08ea, 0x00000000,
0x08eb, 0x00000000,
0x08ec, 0x00000000,
0x08ed, 0x00000000,
0x08ee, 0x00000000,
0x08ef, 0x00000000,
0x08f0, 0x00000000,
0x08f1, 0x00000000,
0x08f2, 0x00000000,
0x08f3, 0x00000000,
0x08f4, 0x00000000,
0x08f5, 0x00000000,
0x08f6, 0x00000000,
0x08f7, 0x00000000,
0x08f8, 0x00000000,
0x08f9, 0x00000000,
0x08fa, 0x00000000,
0x08fb, 0x00000000,
0x08fc, 0x00000000,
0x08fd, 0x00000000,
0x08fe, 0x00000000,
0x08ff, 0x00000000,
0x0900, 0x00000000,
0x0901, 0x00000000,
0x0902, 0x00000000,
0x0903, 0x00000000,
0x0904, 0x00000000,
0x0905, 0x00000000,
0x0906, 0x00000000,
0x0907, 0x00000000,
0x0908, 0x00000000,
0x0909, 0x00000000,
0x090a, 0x00000000,
0x090b, 0x00000000,
0x090c, 0x00000000,
0x090d, 0x00000000,
0x090e, 0x00000000,
0x090f, 0x00000000,
0x0910, 0x00000000,
0x0911, 0x00000000,
0x0912, 0x00000000,
0x0913, 0x00000000,
0x0914, 0x00000000,
0x0915, 0x00000000,
0x0916, 0x00000000,
0x0917, 0x00000000,
0x0918, 0x00000000,
0x0919, 0x00000000,
0x091a, 0x00000000,
0x091b, 0x00000000,
0x091c, 0x00000000,
0x091d, 0x00000000,
0x091e, 0x00000000,
0x091f, 0x00000000,
0x0920, 0x00000000,
0x0921, 0x00000000,
0x0922, 0x00000000,
0x0923, 0x00000000,
0x0924, 0x00000000,
0x0925, 0x00000000,
0x0926, 0x00000000,
0x0927, 0x00000000,
0x0928, 0x00000000,
0x0929, 0x00000000,
0x092a, 0x00000000,
0x092b, 0x00000000,
0x092c, 0x00000000,
0x092d, 0x00000000,
0x092e, 0x00000000,
0x092f, 0x00000000,
0x0930, 0x00000000,
0x0931, 0x00000000,
0x0932, 0x00000000,
0x0933, 0x00000000,
0x0934, 0x00000000,
0x0935, 0x00000000,
0x0936, 0x00000000,
0x0937, 0x00000000,
0x0938, 0x00000000,
0x0939, 0x00000000,
0x093a, 0x00000000,
0x093b, 0x00000000,
0x093c, 0x00000000,
0x093d, 0x00000000,
0x093e, 0x00000000,
0x093f, 0x00000000,
0x0940, 0x00000000,
0x0941, 0x00000000,
0x0942, 0x00000000,
0x0943, 0x00000000,
0x0944, 0x00000000,
0x0945, 0x00000000,
0x0946, 0x00000000,
0x0947, 0x00000000,
0x0948, 0x00000000,
0x0949, 0x00000000,
0x094a, 0x00000000,
0x094b, 0x00000000,
0x094c, 0x00000000,
0x094d, 0x00000000,
0x094e, 0x00000000,
0x094f, 0x00000000,
0x0950, 0x00000000,
0x0951, 0x00000000,
0x0952, 0x00000000,
0x0953, 0x00000000,
0x0954, 0x00000000,
0x0955, 0x00000000,
0x0956, 0x00000000,
0x0957, 0x00000000,
0x0958, 0x00000000,
0x0959, 0x00000000,
0x095a, 0x00000000,
0x095b, 0x00000000,
0x095c, 0x00000000,
0x095d, 0x00000000,
0x095e, 0x00000000,
0x095f, 0x00000000,
0x0960, 0x00000000,
0x0961, 0x00000000,
0x0962, 0x00000000,
0x0963, 0x00000000,
0x0964, 0x00000000,
0x0965, 0x00000000,
0x0966, 0x00000000,
0x0967, 0x00000000,
0x0968, 0x00000000,
0x0969, 0x00000000,
0x096a, 0x00000000,
0x096b, 0x00000000,
0x096c, 0x00000000,
0x096d, 0x00000000,
0x096e, 0x00000000,
0x096f, 0x00000000,
0x0970, 0x00000000,
0x0971, 0x00000000,
0x0972, 0x00000000,
0x0973, 0x00000000,
0x0974, 0x00000000,
0x0975, 0x00000000,
0x0976, 0x00000000,
0x0977, 0x00000000,
0x0978, 0x00000000,
0x0979, 0x00000000,
0x097a, 0x00000000,
0x097b, 0x00000000,
0x097c, 0x00000000,
0x097d, 0x00000000,
0x097e, 0x00000000,
0x097f, 0x00000000,
0x0980, 0x00000000,
0x0981, 0x00000000,
0x0982, 0x00000000,
0x0983, 0x00000000,
0x0984, 0x00000000,
0x0985, 0x00000000,
0x0986, 0x00000000,
0x0987, 0x00000000,
0x0988, 0x00000000,
0x0989, 0x00000000,
0x098a, 0x00000000,
0x098b, 0x00000000,
0x098c, 0x00000000,
0x098d, 0x00000000,
0x098e, 0x00000000,
0x098f, 0x00000000,
0x0990, 0x00000000,
0x0991, 0x00000000,
0x0992, 0x00000000,
0x0993, 0x00000000,
0x0994, 0x00000000,
0x0995, 0x00000000,
0x0996, 0x00000000,
0x0997, 0x00000000,
0x0998, 0x00000000,
0x0999, 0x00000000,
0x099a, 0x00000000,
0x099b, 0x00000000,
0x099c, 0x00000000,
0x099d, 0x00000000,
0x099e, 0x00000000,
0x099f, 0x00000000,
0x09a0, 0x00000000,
0x09a1, 0x00000000,
0x09a2, 0x00000000,
0x09a3, 0x00000000,
0x09a4, 0x00000000,
0x09a5, 0x00000000,
0x09a6, 0x00000000,
0x09a7, 0x00000000,
0x09a8, 0x00000000,
0x09a9, 0x00000000,
0x09aa, 0x00000000,
0x09ab, 0x00000000,
0x09ac, 0x00000000,
0x09ad, 0x00000000,
0x09ae, 0x00000000,
0x09af, 0x00000000,
0x09b0, 0x00000000,
0x09b1, 0x00000000,
0x09b2, 0x00000000,
0x09b3, 0x00000000,
0x09b4, 0x00000000,
0x09b5, 0x00000000,
0x09b6, 0x00000000,
0x09b7, 0x00000000,
0x09b8, 0x00000000,
0x09b9, 0x00000000,
0x09ba, 0x00000000,
0x09bb, 0x00000000,
0x09bc, 0x00000000,
0x09bd, 0x00000000,
0x09be, 0x00000000,
0x09bf, 0x00000000,
0x09c0, 0x00000000,
0x09c1, 0x00000000,
0x09c2, 0x00000000,
0x09c3, 0x00000000,
0x09c4, 0x00000000,
0x09c5, 0x00000000,
0x09c6, 0x00000000,
0x09c7, 0x00000000,
0x09c8, 0x00000000,
0x09c9, 0x00000000,
0x09ca, 0x00000000,
0x09cb, 0x00000000,
0x09cc, 0x00000000,
0x09cd, 0x00000000,
0x09ce, 0x00000000,
0x09cf, 0x00000000,
0x09d0, 0x00000000,
0x09d1, 0x00000000,
0x09d2, 0x00000000,
0x09d3, 0x00000000,
0x09d4, 0x00000000,
0x09d5, 0x00000000,
0x09d6, 0x00000000,
0x09d7, 0x00000000,
0x09d8, 0x00000000,
0x09d9, 0x00000000,
0x09da, 0x00000000,
0x09db, 0x00000000,
0x09dc, 0x00000000,
0x09dd, 0x00000000,
0x09de, 0x00000000,
0x09df, 0x00000000,
0x09e0, 0x00000000,
0x09e1, 0x00000000,
0x09e2, 0x00000000,
0x09e3, 0x00000000,
0x09e4, 0x00000000,
0x09e5, 0x00000000,
0x09e6, 0x00000000,
0x09e7, 0x00000000,
0x09e8, 0x00000000,
0x09e9, 0x00000000,
0x09ea, 0x00000000,
0x09eb, 0x00000000,
0x09ec, 0x00000000,
0x09ed, 0x00000000,
0x09ee, 0x00000000,
0x09ef, 0x00000000,
0x09f0, 0x00000000,
0x09f1, 0x00000000,
0x09f2, 0x00000000,
0x09f3, 0x00000000,
0x09f4, 0x00000000,
0x09f5, 0x00000000,
0x09f6, 0x00000000,
0x09f7, 0x00000000,
0x09f8, 0x00000000,
0x09f9, 0x00000000,
0x09fa, 0x00000000,
0x09fb, 0x00000000,
0x09fc, 0x00000000,
0x09fd, 0x00000000,
0x09fe, 0x00000000,
0x09ff, 0x00000000,
0x0a00, 0x00000000,
0x0a01, 0x00000000,
0x0a02, 0x00000000,
0x0a03, 0x00000000,
0x0a04, 0x00000000,
0x0a05, 0x00000000,
0x0a06, 0x00000000,
0x0a07, 0x00000000,
0x0a08, 0x00000000,
0x0a09, 0x00000000,
0x0a0a, 0x00000000,
0x0a0b, 0x00000000,
0x0a0c, 0x00000000,
0x0a0d, 0x00000000,
0x0a0e, 0x00000000,
0x0a0f, 0x00000000,
0x0a10, 0x00000000,
0x0a11, 0x00000000,
0x0a12, 0x00000000,
0x0a13, 0x00000000,
0x0a14, 0x00000000,
0x0a15, 0x00000000,
0x0a16, 0x00000000,
0x0a17, 0x00000000,
0x0a18, 0x00000000,
0x0a19, 0x00000000,
0x0a1a, 0x00000000,
0x0a1b, 0x00000000,
0x0a1c, 0x00000000,
0x0a1d, 0x00000000,
0x0a1e, 0x00000000,
0x0a1f, 0x00000000,
0x0a20, 0x00000000,
0x0a21, 0x00000000,
0x0a22, 0x00000000,
0x0a23, 0x00000000,
0x0a24, 0x00000000,
0x0a25, 0x00000000,
0x0a26, 0x00000000,
0x0a27, 0x00000000,
0x0a28, 0x00000000,
0x0a29, 0x00000000,
0x0a2a, 0x00000000,
0x0a2b, 0x00000000,
0x0a2c, 0x00000000,
0x0a2d, 0x00000000,
0x0a2e, 0x00000000,
0x0a2f, 0x00000000,
0x0a30, 0x00000000,
0x0a31, 0x00000000,
0x0a32, 0x00000000,
0x0a33, 0x00000000,
0x0a34, 0x00000000,
0x0a35, 0x00000000,
0x0a36, 0x00000000,
0x0a37, 0x00000000,
0x0a38, 0x00000000,
0x0a39, 0x00000000,
0x0a3a, 0x00000000,
0x0a3b, 0x00000000,
0x0a3c, 0x00000000,
0x0a3d, 0x00000000,
0x0a3e, 0x00000000,
0x0a3f, 0x00000000,
0x0a40, 0x00000000,
0x0a41, 0x00000000,
0x0a42, 0x00000000,
0x0a43, 0x00000000,
0x0a44, 0x00000000,
0x0a45, 0x00000000,
0x0a46, 0x00000000,
0x0a47, 0x00000000,
0x0a48, 0x00000000,
0x0a49, 0x00000000,
0x0a4a, 0x00000000,
0x0a4b, 0x00000000,
0x0a4c, 0x00000000,
0x0a4d, 0x00000000,
0x0a4e, 0x00000000,
0x0a4f, 0x00000000,
0x0a50, 0x00000000,
0x0a51, 0x00000000,
0x0a52, 0x00000000,
0x0a53, 0x00000000,
0x0a54, 0x00000000,
0x0a55, 0x00000000,
0x0a56, 0x00000000,
0x0a57, 0x00000000,
0x0a58, 0x00000000,
0x0a59, 0x00000000,
0x0a5a, 0x00000000,
0x0a5b, 0x00000000,
0x0a5c, 0x00000000,
0x0a5d, 0x00000000,
0x0a5e, 0x00000000,
0x0a5f, 0x00000000,
0x0a60, 0x00000000,
0x0a61, 0x00000000,
0x0a62, 0x00000000,
0x0a63, 0x00000000,
0x0a64, 0x00000000,
0x0a65, 0x00000000,
0x0a66, 0x00000000,
0x0a67, 0x00000000,
0x0a68, 0x00000000,
0x0a69, 0x00000000,
0x0a6a, 0x00000000,
0x0a6b, 0x00000000,
0x0a6c, 0x00000000,
0x0a6d, 0x00000000,
0x0a6e, 0x00000000,
0x0a6f, 0x00000000,
0x0a70, 0x00000000,
0x0a71, 0x00000000,
0x0a72, 0x00000000,
0x0a73, 0x00000000,
0x0a74, 0x00000000,
0x0a75, 0x00000000,
0x0a76, 0x00000000,
0x0a77, 0x00000000,
0x0a78, 0x00000000,
0x0a79, 0x00000000,
0x0a7a, 0x00000000,
0x0a7b, 0x00000000,
0x0a7c, 0x00000000,
0x0a7d, 0x00000000,
0x0a7e, 0x00000000,
0x0a7f, 0x00000000,
0x0a80, 0x00000000,
0x0a81, 0x00000000,
0x0a82, 0x00000000,
0x0a83, 0x00000000,
0x0a84, 0x00000000,
0x0a85, 0x00000000,
0x0a86, 0x00000000,
0x0a87, 0x00000000,
0x0a88, 0x00000000,
0x0a89, 0x00000000,
0x0a8a, 0x00000000,
0x0a8b, 0x00000000,
0x0a8c, 0x00000000,
0x0a8d, 0x00000000,
0x0a8e, 0x00000000,
0x0a8f, 0x00000000,
0x0a90, 0x00000000,
0x0a91, 0x00000000,
0x0a92, 0x00000000,
0x0a93, 0x00000000,
0x0a94, 0x00000000,
0x0a95, 0x00000000,
0x0a96, 0x00000000,
0x0a97, 0x00000000,
0x0a98, 0x00000000,
0x0a99, 0x00000000,
0x0a9a, 0x00000000,
0x0a9b, 0x00000000,
0x0a9c, 0x00000000,
0x0a9d, 0x00000000,
0x0a9e, 0x00000000,
0x0a9f, 0x00000000,
0x0aa0, 0x00000000,
0x0aa1, 0x00000000,
0x0aa2, 0x00000000,
0x0aa3, 0x00000000,
0x0aa4, 0x00000000,
0x0aa5, 0x00000000,
0x0aa6, 0x00000000,
0x0aa7, 0x00000000,
0x0aa8, 0x00000000,
0x0aa9, 0x00000000,
0x0aaa, 0x00000000,
0x0aab, 0x00000000,
0x0aac, 0x00000000,
0x0aad, 0x00000000,
0x0aae, 0x00000000,
0x0aaf, 0x00000000,
0x0ab0, 0x00000000,
0x0ab1, 0x00000000,
0x0ab2, 0x00000000,
0x0ab3, 0x00000000,
0x0ab4, 0x00000000,
0x0ab5, 0x00000000,
0x0ab6, 0x00000000,
0x0ab7, 0x00000000,
0x0ab8, 0x00000000,
0x0ab9, 0x00000000,
0x0aba, 0x00000000,
0x0abb, 0x00000000,
0x0abc, 0x00000000,
0x0abd, 0x00000000,
0x0abe, 0x00000000,
0x0abf, 0x00000000,
0x0ac0, 0x00000000,
0x0ac1, 0x00000000,
0x0ac2, 0x00000000,
0x0ac3, 0x00000000,
0x0ac4, 0x00000000,
0x0ac5, 0x00000000,
0x0ac6, 0x00000000,
0x0ac7, 0x00000000,
0x0ac8, 0x00000000,
0x0ac9, 0x00000000,
0x0aca, 0x00000000,
0x0acb, 0x00000000,
0x0acc, 0x00000000,
0x0acd, 0x00000000,
0x0ace, 0x00000000,
0x0acf, 0x00000000,
0x0ad0, 0x00000000,
0x0ad1, 0x00000000,
0x0ad2, 0x00000000,
0x0ad3, 0x00000000,
0x0ad4, 0x00000000,
0x0ad5, 0x00000000,
0x0ad6, 0x00000000,
0x0ad7, 0x00000000,
0x0ad8, 0x00000000,
0x0ad9, 0x00000000,
0x0ada, 0x00000000,
0x0adb, 0x00000000,
0x0adc, 0x00000000,
0x0add, 0x00000000,
0x0ade, 0x00000000,
0x0adf, 0x00000000,
0x0ae0, 0x00000000,
0x0ae1, 0x00000000,
0x0ae2, 0x00000000,
0x0ae3, 0x00000000,
0x0ae4, 0x00000000,
0x0ae5, 0x00000000,
0x0ae6, 0x00000000,
0x0ae7, 0x00000000,
0x0ae8, 0x00000000,
0x0ae9, 0x00000000,
0x0aea, 0x00000000,
0x0aeb, 0x00000000,
0x0aec, 0x00000000,
0x0aed, 0x00000000,
0x0aee, 0x00000000,
0x0aef, 0x00000000,
0x0af0, 0x00000000,
0x0af1, 0x00000000,
0x0af2, 0x00000000,
0x0af3, 0x00000000,
0x0af4, 0x00000000,
0x0af5, 0x00000000,
0x0af6, 0x00000000,
0x0af7, 0x00000000,
0x0af8, 0x00000000,
0x0af9, 0x00000000,
0x0afa, 0x00000000,
0x0afb, 0x00000000,
0x0afc, 0x00000000,
0x0afd, 0x00000000,
0x0afe, 0x00000000,
0x0aff, 0x00000000,
0x0b00, 0x00000000,
0x0b01, 0x00000000,
0x0b02, 0x00000000,
0x0b03, 0x00000000,
0x0b04, 0x00000000,
0x0b05, 0x00000000,
0x0b06, 0x00000000,
0x0b07, 0x00000000,
0x0b08, 0x00000000,
0x0b09, 0x00000000,
0x0b0a, 0x00000000,
0x0b0b, 0x00000000,
0x0b0c, 0x00000000,
0x0b0d, 0x00000000,
0x0b0e, 0x00000000,
0x0b0f, 0x00000000,
0x0b10, 0x00000000,
0x0b11, 0x00000000,
0x0b12, 0x00000000,
0x0b13, 0x00000000,
0x0b14, 0x00000000,
0x0b15, 0x00000000,
0x0b16, 0x00000000,
0x0b17, 0x00000000,
0x0b18, 0x00000000,
0x0b19, 0x00000000,
0x0b1a, 0x00000000,
0x0b1b, 0x00000000,
0x0b1c, 0x00000000,
0x0b1d, 0x00000000,
0x0b1e, 0x00000000,
0x0b1f, 0x00000000,
0x0b20, 0x00000000,
0x0b21, 0x00000000,
0x0b22, 0x00000000,
0x0b23, 0x00000000,
0x0b24, 0x00000000,
0x0b25, 0x00000000,
0x0b26, 0x00000000,
0x0b27, 0x00000000,
0x0b28, 0x00000000,
0x0b29, 0x00000000,
0x0b2a, 0x00000000,
0x0b2b, 0x00000000,
0x0b2c, 0x00000000,
0x0b2d, 0x00000000,
0x0b2e, 0x00000000,
0x0b2f, 0x00000000,
0x0b30, 0x00000000,
0x0b31, 0x00000000,
0x0b32, 0x00000000,
0x0b33, 0x00000000,
0x0b34, 0x00000000,
0x0b35, 0x00000000,
0x0b36, 0x00000000,
0x0b37, 0x00000000,
0x0b38, 0x00000000,
0x0b39, 0x00000000,
0x0b3a, 0x00000000,
0x0b3b, 0x00000000,
0x0b3c, 0x00000000,
0x0b3d, 0x00000000,
0x0b3e, 0x00000000,
0x0b3f, 0x00000000,
0x0b40, 0x00000000,
0x0b41, 0x00000000,
0x0b42, 0x00000000,
0x0b43, 0x00000000,
0x0b44, 0x00000000,
0x0b45, 0x00000000,
0x0b46, 0x00000000,
0x0b47, 0x00000000,
0x0b48, 0x00000000,
0x0b49, 0x00000000,
0x0b4a, 0x00000000,
0x0b4b, 0x00000000,
0x0b4c, 0x00000000,
0x0b4d, 0x00000000,
0x0b4e, 0x00000000,
0x0b4f, 0x00000000,
0x0b50, 0x00000000,
0x0b51, 0x00000000,
0x0b52, 0x00000000,
0x0b53, 0x00000000,
0x0b54, 0x00000000,
0x0b55, 0x00000000,
0x0b56, 0x00000000,
0x0b57, 0x00000000,
0x0b58, 0x00000000,
0x0b59, 0x00000000,
0x0b5a, 0x00000000,
0x0b5b, 0x00000000,
0x0b5c, 0x00000000,
0x0b5d, 0x00000000,
0x0b5e, 0x00000000,
0x0b5f, 0x00000000,
0x0b60, 0x00000000,
0x0b61, 0x00000000,
0x0b62, 0x00000000,
0x0b63, 0x00000000,
0x0b64, 0x00000000,
0x0b65, 0x00000000,
0x0b66, 0x00000000,
0x0b67, 0x00000000,
0x0b68, 0x00000000,
0x0b69, 0x00000000,
0x0b6a, 0x00000000,
0x0b6b, 0x00000000,
0x0b6c, 0x00000000,
0x0b6d, 0x00000000,
0x0b6e, 0x00000000,
0x0b6f, 0x00000000,
0x0b70, 0x00000000,
0x0b71, 0x00000000,
0x0b72, 0x00000000,
0x0b73, 0x00000000,
0x0b74, 0x00000000,
0x0b75, 0x00000000,
0x0b76, 0x00000000,
0x0b77, 0x00000000,
0x0b78, 0x00000000,
0x0b79, 0x00000000,
0x0b7a, 0x00000000,
0x0b7b, 0x00000000,
0x0b7c, 0x00000000,
0x0b7d, 0x00000000,
0x0b7e, 0x00000000,
0x0b7f, 0x00000000,
0x0b80, 0x00000000,
0x0b81, 0x00000000,
0x0b82, 0x00000000,
0x0b83, 0x00000000,
0x0b84, 0x00000000,
0x0b85, 0x00000000,
0x0b86, 0x00000000,
0x0b87, 0x00000000,
0x0b88, 0x00000000,
0x0b89, 0x00000000,
0x0b8a, 0x00000000,
0x0b8b, 0x00000000,
0x0b8c, 0x00000000,
0x0b8d, 0x00000000,
0x0b8e, 0x00000000,
0x0b8f, 0x00000000,
0x0b90, 0x00000000,
0x0b91, 0x00000000,
0x0b92, 0x00000000,
0x0b93, 0x00000000,
0x0b94, 0x00000000,
0x0b95, 0x00000000,
0x0b96, 0x00000000,
0x0b97, 0x00000000,
0x0b98, 0x00000000,
0x0b99, 0x00000000,
0x0b9a, 0x00000000,
0x0b9b, 0x00000000,
0x0b9c, 0x00000000,
0x0b9d, 0x00000000,
0x0b9e, 0x00000000,
0x0b9f, 0x00000000,
0x0ba0, 0x00000000,
0x0ba1, 0x00000000,
0x0ba2, 0x00000000,
0x0ba3, 0x00000000,
0x0ba4, 0x00000000,
0x0ba5, 0x00000000,
0x0ba6, 0x00000000,
0x0ba7, 0x00000000,
0x0ba8, 0x00000000,
0x0ba9, 0x00000000,
0x0baa, 0x00000000,
0x0bab, 0x00000000,
0x0bac, 0x00000000,
0x0bad, 0x00000000,
0x0bae, 0x00000000,
0x0baf, 0x00000000,
0x0bb0, 0x00000000,
0x0bb1, 0x00000000,
0x0bb2, 0x00000000,
0x0bb3, 0x00000000,
0x0bb4, 0x00000000,
0x0bb5, 0x00000000,
0x0bb6, 0x00000000,
0x0bb7, 0x00000000,
0x0bb8, 0x00000000,
0x0bb9, 0x00000000,
0x0bba, 0x00000000,
0x0bbb, 0x00000000,
0x0bbc, 0x00000000,
0x0bbd, 0x00000000,
0x0bbe, 0x00000000,
0x0bbf, 0x00000000,
0x0bc0, 0x00000000,
0x0bc1, 0x00000000,
0x0bc2, 0x00000000,
0x0bc3, 0x00000000,
0x0bc4, 0x00000000,
0x0bc5, 0x00000000,
0x0bc6, 0x00000000,
0x0bc7, 0x00000000,
0x0bc8, 0x00000000,
0x0bc9, 0x00000000,
0x0bca, 0x00000000,
0x0bcb, 0x00000000,
0x0bcc, 0x00000000,
0x0bcd, 0x00000000,
0x0bce, 0x00000000,
0x0bcf, 0x00000000,
0x0bd0, 0x00000000,
0x0bd1, 0x00000000,
0x0bd2, 0x00000000,
0x0bd3, 0x00000000,
0x0bd4, 0x00000000,
0x0bd5, 0x00000000,
0x0bd6, 0x00000000,
0x0bd7, 0x00000000,
0x0bd8, 0x00000000,
0x0bd9, 0x00000000,
0x0bda, 0x00000000,
0x0bdb, 0x00000000,
0x0bdc, 0x00000000,
0x0bdd, 0x00000000,
0x0bde, 0x00000000,
0x0bdf, 0x00000000,
0x0be0, 0x00000000,
0x0be1, 0x00000000,
0x060a, 0x00000000,
0x0300, 0x00001040,
0x0300, 0x00000040,
};

uint32_t bcon_case998_xianxin_setting[] = {
//0x200e, 0x0000001f,
//0x2000, 0x000089a9,
//0x2003, 0x0000007f,
//0x2009, 0x00000037,
//0x200d, 0x33fff000,
//0x200f, 0x00300300,
//0x0207, 0x00000001,
0x0300, 0x00000040,
0x0301, 0x0074856e,
0x0302, 0x018200b6,
0x0303, 0x0000d000,
0x0305, 0x40000006,
0x0306, 0x00000000,
0x0307, 0x3d000780,
0x030a, 0x3cffff80,
0x030b, 0x00181fff,
0x030c, 0x1fff1fff,
0x0311, 0x7e308130,
0x0312, 0x01200000,
0x0313, 0x03600240,
0x0316, 0x0ce89fff,
0x0317, 0x0140280a,
0x0318, 0x03c08800,
0x0319, 0x004f0154,
0x031a, 0x7f000000,
0x031b, 0x3d832940,
0x031c, 0x15234342,
0x031d, 0x7af09d44,
0x031e, 0x00000040,
0x0320, 0x00000340,
0x0322, 0x0cc7aad7,
0x0327, 0x00000000,
0x0329, 0x698d100f,
0x032a, 0x00c01800,
0x032b, 0x00000200,
0x032c, 0x20248006,
0x0333, 0xc417ca73,
0x0334, 0xc0001794,
0x0335, 0x12009000,
0x0336, 0x043bd818,
0x0337, 0x001003e8,
0x033b, 0x30303030,
0x033c, 0x5b6a35b7,
0x033d, 0x38c30010,
0x033e, 0x4b1d28f1,
0x033f, 0x2b708810,
0x0340, 0x27d000ec,
0x0341, 0x0c040000,
0x0343, 0x000102c8,
0x0344, 0x00000000,
0x0345, 0x00000060,
0x0351, 0x000011af,
0x0352, 0x0003f412,
0x0355, 0x07d1a014,
0x0356, 0xc9202a8c,
0x0358, 0x0f000010,
0x035a, 0x00000000,
//0x0361, 0x00180311,
0x0361, 0x00180310,
0x0363, 0x00000030,
0x060a, 0x00000001,
0x0700, 0x00000000,
0x0701, 0x00000001,
0x0702, 0x00000002,
0x0703, 0x00000003,
0x0704, 0x00000004,
0x0705, 0x00000005,
0x0706, 0x00000006,
0x0707, 0x00000007,
0x0708, 0x00000008,
0x0709, 0x00000009,
0x070a, 0x0000000a,
0x070b, 0x0000000b,
0x070c, 0x00000040,
0x070d, 0x00000041,
0x070e, 0x00000042,
0x070f, 0x00000043,
0x0710, 0x00000044,
0x0711, 0x00000045,
0x0712, 0x00000046,
0x0713, 0x00000047,
0x0714, 0x00000048,
0x0715, 0x00000049,
0x0716, 0x0000004a,
0x0717, 0x0000004b,
0x0718, 0x00000080,
0x0719, 0x00000081,
0x071a, 0x00000082,
0x071b, 0x00000083,
0x071c, 0x00000084,
0x071d, 0x00000085,
0x071e, 0x00000086,
0x071f, 0x00000087,
0x0720, 0x00000088,
0x0721, 0x00000089,
0x0722, 0x0000008a,
0x0723, 0x0000008b,
0x0724, 0x000000c0,
0x0725, 0x000000c1,
0x0726, 0x000000c2,
0x0727, 0x000000c3,
0x0728, 0x000000c4,
0x0729, 0x000000c5,
0x072a, 0x000000c6,
0x072b, 0x000000c7,
0x072c, 0x000000c8,
0x072d, 0x000000c9,
0x072e, 0x000000ca,
0x072f, 0x000000cb,
0x0730, 0x00000100,
0x0731, 0x00000101,
0x0732, 0x00000102,
0x0733, 0x00000103,
0x0734, 0x00000104,
0x0735, 0x00000105,
0x0736, 0x00000106,
0x0737, 0x00000107,
0x0738, 0x00000108,
0x0739, 0x00000109,
0x073a, 0x0000010a,
0x073b, 0x0000010b,
0x073c, 0x00000140,
0x073d, 0x00000141,
0x073e, 0x00000142,
0x073f, 0x00000143,
0x0740, 0x00000144,
0x0741, 0x00000145,
0x0742, 0x00000146,
0x0743, 0x00000147,
0x0744, 0x00000148,
0x0745, 0x00000149,
0x0746, 0x0000014a,
0x0747, 0x0000014b,
0x0748, 0x00000180,
0x0749, 0x00000181,
0x074a, 0x00000182,
0x074b, 0x00000183,
0x074c, 0x00000184,
0x074d, 0x00000185,
0x074e, 0x00000186,
0x074f, 0x00000187,
0x0750, 0x00000188,
0x0751, 0x00000189,
0x0752, 0x0000018a,
0x0753, 0x0000018b,
0x0754, 0x000001c0,
0x0755, 0x000001c1,
0x0756, 0x000001c2,
0x0757, 0x000001c3,
0x0758, 0x000001c4,
0x0759, 0x000001c5,
0x075a, 0x000001c6,
0x075b, 0x000001c7,
0x075c, 0x000001c8,
0x075d, 0x000001c9,
0x075e, 0x000001ca,
0x075f, 0x000001cb,
0x0760, 0x00000200,
0x0761, 0x00000201,
0x0762, 0x00000202,
0x0763, 0x00000203,
0x0764, 0x00000204,
0x0765, 0x00000205,
0x0766, 0x00000206,
0x0767, 0x00000207,
0x0768, 0x00000208,
0x0769, 0x00000209,
0x076a, 0x0000020a,
0x076b, 0x0000020b,
0x076c, 0x00000240,
0x076d, 0x00000241,
0x076e, 0x00000242,
0x076f, 0x00000243,
0x0770, 0x00000244,
0x0771, 0x00000245,
0x0772, 0x00000246,
0x0773, 0x00000247,
0x0774, 0x00000248,
0x0775, 0x00000249,
0x0776, 0x0000024a,
0x0777, 0x0000024b,
0x0778, 0x00000280,
0x0779, 0x00000281,
0x077a, 0x00000282,
0x077b, 0x00000283,
0x077c, 0x00000284,
0x077d, 0x00000285,
0x077e, 0x00000286,
0x077f, 0x00000287,
0x0780, 0x00000288,
0x0781, 0x00000289,
0x0782, 0x0000028a,
0x0783, 0x0000028b,
0x0784, 0x000002c0,
0x0785, 0x000002c1,
0x0786, 0x000002c2,
0x0787, 0x000002c3,
0x0788, 0x000002c4,
0x0789, 0x000002c5,
0x078a, 0x000002c6,
0x078b, 0x000002c7,
0x078c, 0x000002c8,
0x078d, 0x000002c9,
0x078e, 0x000002ca,
0x078f, 0x000002cb,
0x0790, 0x00000300,
0x0791, 0x00000301,
0x0792, 0x00000302,
0x0793, 0x00000303,
0x0794, 0x00000304,
0x0795, 0x00000305,
0x0796, 0x00000306,
0x0797, 0x00000307,
0x0798, 0x00000308,
0x0799, 0x00000309,
0x079a, 0x0000030a,
0x079b, 0x0000030b,
0x079c, 0x00000340,
0x079d, 0x00000341,
0x079e, 0x00000342,
0x079f, 0x00000343,
0x07a0, 0x00000344,
0x07a1, 0x00000345,
0x07a2, 0x00000346,
0x07a3, 0x00000347,
0x07a4, 0x00000348,
0x07a5, 0x00000349,
0x07a6, 0x0000034a,
0x07a7, 0x0000034b,
0x07a8, 0x00000380,
0x07a9, 0x00000381,
0x07aa, 0x00000382,
0x07ab, 0x00000383,
0x07ac, 0x00000384,
0x07ad, 0x00000385,
0x07ae, 0x00000386,
0x07af, 0x00000387,
0x07b0, 0x00000388,
0x07b1, 0x00000389,
0x07b2, 0x0000038a,
0x07b3, 0x0000038b,
0x07b4, 0x000003c0,
0x07b5, 0x000003c1,
0x07b6, 0x000003c2,
0x07b7, 0x000003c3,
0x07b8, 0x000003c4,
0x07b9, 0x000003c5,
0x07ba, 0x000003c6,
0x07bb, 0x000003c7,
0x07bc, 0x000003c8,
0x07bd, 0x000003c9,
0x07be, 0x000003ca,
0x07bf, 0x000003cb,
0x07c0, 0x00000400,
0x07c1, 0x00000401,
0x07c2, 0x00000402,
0x07c3, 0x00000403,
0x07c4, 0x00000404,
0x07c5, 0x00000405,
0x07c6, 0x00000406,
0x07c7, 0x00000407,
0x07c8, 0x00000408,
0x07c9, 0x00000409,
0x07ca, 0x0000040a,
0x07cb, 0x0000040b,
0x07cc, 0x00000440,
0x07cd, 0x00000441,
0x07ce, 0x00000442,
0x07cf, 0x00000443,
0x07d0, 0x00000444,
0x07d1, 0x00000445,
0x07d2, 0x00000446,
0x07d3, 0x00000447,
0x07d4, 0x00000448,
0x07d5, 0x00000449,
0x07d6, 0x0000044a,
0x07d7, 0x0000044b,
0x07d8, 0x00000480,
0x07d9, 0x00000481,
0x07da, 0x00000482,
0x07db, 0x00000483,
0x07dc, 0x00000484,
0x07dd, 0x00000485,
0x07de, 0x00000486,
0x07df, 0x00000487,
0x07e0, 0x00000488,
0x07e1, 0x00000489,
0x07e2, 0x0000048a,
0x07e3, 0x0000048b,
0x07e4, 0x000004c0,
0x07e5, 0x000004c1,
0x07e6, 0x000004c2,
0x07e7, 0x000004c3,
0x07e8, 0x000004c4,
0x07e9, 0x000004c5,
0x07ea, 0x000004c6,
0x07eb, 0x000004c7,
0x07ec, 0x000004c8,
0x07ed, 0x000004c9,
0x07ee, 0x000004ca,
0x07ef, 0x000004cb,
0x07f0, 0x00000500,
0x07f1, 0x00000501,
0x07f2, 0x00000502,
0x07f3, 0x00000503,
0x07f4, 0x00000504,
0x07f5, 0x00000505,
0x07f6, 0x00000506,
0x07f7, 0x00000507,
0x07f8, 0x00000508,
0x07f9, 0x00000509,
0x07fa, 0x0000050a,
0x07fb, 0x0000050b,
0x07fc, 0x00000540,
0x07fd, 0x00000541,
0x07fe, 0x00000542,
0x07ff, 0x00000543,
0x0800, 0x00000544,
0x0801, 0x00000545,
0x0802, 0x00000546,
0x0803, 0x00000547,
0x0804, 0x00000548,
0x0805, 0x00000549,
0x0806, 0x0000054a,
0x0807, 0x0000054b,
0x0808, 0x00000580,
0x0809, 0x00000581,
0x080a, 0x00000582,
0x080b, 0x00000583,
0x080c, 0x00000584,
0x080d, 0x00000585,
0x080e, 0x00000586,
0x080f, 0x00000587,
0x0810, 0x00000588,
0x0811, 0x00000589,
0x0812, 0x0000058a,
0x0813, 0x0000058b,
0x0814, 0x000005c0,
0x0815, 0x000005c1,
0x0816, 0x000005c2,
0x0817, 0x000005c3,
0x0818, 0x000005c4,
0x0819, 0x000005c5,
0x081a, 0x000005c6,
0x081b, 0x000005c7,
0x081c, 0x000005c8,
0x081d, 0x000005c9,
0x081e, 0x000005ca,
0x081f, 0x000005cb,
0x0820, 0x0000000c,
0x0821, 0x0000000d,
0x0822, 0x0000000e,
0x0823, 0x0000000f,
0x0824, 0x00000010,
0x0825, 0x00000011,
0x0826, 0x00000012,
0x0827, 0x00000013,
0x0828, 0x00000014,
0x0829, 0x00000015,
0x082a, 0x00000016,
0x082b, 0x00000017,
0x082c, 0x0000004c,
0x082d, 0x0000004d,
0x082e, 0x0000004e,
0x082f, 0x0000004f,
0x0830, 0x00000050,
0x0831, 0x00000051,
0x0832, 0x00000052,
0x0833, 0x00000053,
0x0834, 0x00000054,
0x0835, 0x00000055,
0x0836, 0x00000056,
0x0837, 0x00000057,
0x0838, 0x0000008c,
0x0839, 0x0000008d,
0x083a, 0x0000008e,
0x083b, 0x0000008f,
0x083c, 0x00000090,
0x083d, 0x00000091,
0x083e, 0x00000092,
0x083f, 0x00000093,
0x0840, 0x00000094,
0x0841, 0x00000095,
0x0842, 0x00000096,
0x0843, 0x00000097,
0x0844, 0x000000cc,
0x0845, 0x000000cd,
0x0846, 0x000000ce,
0x0847, 0x000000cf,
0x0848, 0x000000d0,
0x0849, 0x000000d1,
0x084a, 0x000000d2,
0x084b, 0x000000d3,
0x084c, 0x000000d4,
0x084d, 0x000000d5,
0x084e, 0x000000d6,
0x084f, 0x000000d7,
0x0850, 0x0000010c,
0x0851, 0x0000010d,
0x0852, 0x0000010e,
0x0853, 0x0000010f,
0x0854, 0x00000110,
0x0855, 0x00000111,
0x0856, 0x00000112,
0x0857, 0x00000113,
0x0858, 0x00000114,
0x0859, 0x00000115,
0x085a, 0x00000116,
0x085b, 0x00000117,
0x085c, 0x0000014c,
0x085d, 0x0000014d,
0x085e, 0x0000014e,
0x085f, 0x0000014f,
0x0860, 0x00000150,
0x0861, 0x00000151,
0x0862, 0x00000152,
0x0863, 0x00000153,
0x0864, 0x00000154,
0x0865, 0x00000155,
0x0866, 0x00000156,
0x0867, 0x00000157,
0x0868, 0x0000018c,
0x0869, 0x0000018d,
0x086a, 0x0000018e,
0x086b, 0x0000018f,
0x086c, 0x00000190,
0x086d, 0x00000191,
0x086e, 0x00000192,
0x086f, 0x00000193,
0x0870, 0x00000194,
0x0871, 0x00000195,
0x0872, 0x00000196,
0x0873, 0x00000197,
0x0874, 0x000001cc,
0x0875, 0x000001cd,
0x0876, 0x000001ce,
0x0877, 0x000001cf,
0x0878, 0x000001d0,
0x0879, 0x000001d1,
0x087a, 0x000001d2,
0x087b, 0x000001d3,
0x087c, 0x000001d4,
0x087d, 0x000001d5,
0x087e, 0x000001d6,
0x087f, 0x000001d7,
0x0880, 0x0000020c,
0x0881, 0x0000020d,
0x0882, 0x0000020e,
0x0883, 0x0000020f,
0x0884, 0x00000210,
0x0885, 0x00000211,
0x0886, 0x00000212,
0x0887, 0x00000213,
0x0888, 0x00000214,
0x0889, 0x00000215,
0x088a, 0x00000216,
0x088b, 0x00000217,
0x088c, 0x0000024c,
0x088d, 0x0000024d,
0x088e, 0x0000024e,
0x088f, 0x0000024f,
0x0890, 0x00000250,
0x0891, 0x00000251,
0x0892, 0x00000252,
0x0893, 0x00000253,
0x0894, 0x00000254,
0x0895, 0x00000255,
0x0896, 0x00000256,
0x0897, 0x00000257,
0x0898, 0x0000028c,
0x0899, 0x0000028d,
0x089a, 0x0000028e,
0x089b, 0x0000028f,
0x089c, 0x00000290,
0x089d, 0x00000291,
0x089e, 0x00000292,
0x089f, 0x00000293,
0x08a0, 0x00000294,
0x08a1, 0x00000295,
0x08a2, 0x00000296,
0x08a3, 0x00000297,
0x08a4, 0x000002cc,
0x08a5, 0x000002cd,
0x08a6, 0x000002ce,
0x08a7, 0x000002cf,
0x08a8, 0x000002d0,
0x08a9, 0x000002d1,
0x08aa, 0x000002d2,
0x08ab, 0x000002d3,
0x08ac, 0x000002d4,
0x08ad, 0x000002d5,
0x08ae, 0x000002d6,
0x08af, 0x000002d7,
0x08b0, 0x0000030c,
0x08b1, 0x0000030d,
0x08b2, 0x0000030e,
0x08b3, 0x0000030f,
0x08b4, 0x00000310,
0x08b5, 0x00000311,
0x08b6, 0x00000312,
0x08b7, 0x00000313,
0x08b8, 0x00000314,
0x08b9, 0x00000315,
0x08ba, 0x00000316,
0x08bb, 0x00000317,
0x08bc, 0x0000034c,
0x08bd, 0x0000034d,
0x08be, 0x0000034e,
0x08bf, 0x0000034f,
0x08c0, 0x00000350,
0x08c1, 0x00000351,
0x08c2, 0x00000352,
0x08c3, 0x00000353,
0x08c4, 0x00000354,
0x08c5, 0x00000355,
0x08c6, 0x00000356,
0x08c7, 0x00000357,
0x08c8, 0x0000038c,
0x08c9, 0x0000038d,
0x08ca, 0x0000038e,
0x08cb, 0x0000038f,
0x08cc, 0x00000390,
0x08cd, 0x00000391,
0x08ce, 0x00000392,
0x08cf, 0x00000393,
0x08d0, 0x00000394,
0x08d1, 0x00000395,
0x08d2, 0x00000396,
0x08d3, 0x00000397,
0x08d4, 0x000003cc,
0x08d5, 0x000003cd,
0x08d6, 0x000003ce,
0x08d7, 0x000003cf,
0x08d8, 0x000003d0,
0x08d9, 0x000003d1,
0x08da, 0x000003d2,
0x08db, 0x000003d3,
0x08dc, 0x000003d4,
0x08dd, 0x000003d5,
0x08de, 0x000003d6,
0x08df, 0x000003d7,
0x08e0, 0x0000040c,
0x08e1, 0x0000040d,
0x08e2, 0x0000040e,
0x08e3, 0x0000040f,
0x08e4, 0x00000410,
0x08e5, 0x00000411,
0x08e6, 0x00000412,
0x08e7, 0x00000413,
0x08e8, 0x00000414,
0x08e9, 0x00000415,
0x08ea, 0x00000416,
0x08eb, 0x00000417,
0x08ec, 0x0000044c,
0x08ed, 0x0000044d,
0x08ee, 0x0000044e,
0x08ef, 0x0000044f,
0x08f0, 0x00000450,
0x08f1, 0x00000451,
0x08f2, 0x00000452,
0x08f3, 0x00000453,
0x08f4, 0x00000454,
0x08f5, 0x00000455,
0x08f6, 0x00000456,
0x08f7, 0x00000457,
0x08f8, 0x0000048c,
0x08f9, 0x0000048d,
0x08fa, 0x0000048e,
0x08fb, 0x0000048f,
0x08fc, 0x00000490,
0x08fd, 0x00000491,
0x08fe, 0x00000492,
0x08ff, 0x00000493,
0x0900, 0x00000494,
0x0901, 0x00000495,
0x0902, 0x00000496,
0x0903, 0x00000497,
0x0904, 0x000004cc,
0x0905, 0x000004cd,
0x0906, 0x000004ce,
0x0907, 0x000004cf,
0x0908, 0x000004d0,
0x0909, 0x000004d1,
0x090a, 0x000004d2,
0x090b, 0x000004d3,
0x090c, 0x000004d4,
0x090d, 0x000004d5,
0x090e, 0x000004d6,
0x090f, 0x000004d7,
0x0910, 0x0000050c,
0x0911, 0x0000050d,
0x0912, 0x0000050e,
0x0913, 0x0000050f,
0x0914, 0x00000510,
0x0915, 0x00000511,
0x0916, 0x00000512,
0x0917, 0x00000513,
0x0918, 0x00000514,
0x0919, 0x00000515,
0x091a, 0x00000516,
0x091b, 0x00000517,
0x091c, 0x0000054c,
0x091d, 0x0000054d,
0x091e, 0x0000054e,
0x091f, 0x0000054f,
0x0920, 0x00000550,
0x0921, 0x00000551,
0x0922, 0x00000552,
0x0923, 0x00000553,
0x0924, 0x00000554,
0x0925, 0x00000555,
0x0926, 0x00000556,
0x0927, 0x00000557,
0x0928, 0x0000058c,
0x0929, 0x0000058d,
0x092a, 0x0000058e,
0x092b, 0x0000058f,
0x092c, 0x00000590,
0x092d, 0x00000591,
0x092e, 0x00000592,
0x092f, 0x00000593,
0x0930, 0x00000594,
0x0931, 0x00000595,
0x0932, 0x00000596,
0x0933, 0x00000597,
0x0934, 0x000005cc,
0x0935, 0x000005cd,
0x0936, 0x000005ce,
0x0937, 0x000005cf,
0x0938, 0x000005d0,
0x0939, 0x000005d1,
0x093a, 0x000005d2,
0x093b, 0x000005d3,
0x093c, 0x000005d4,
0x093d, 0x000005d5,
0x093e, 0x000005d6,
0x093f, 0x000005d7,
0x0940, 0x00000018,
0x0941, 0x00000019,
0x0942, 0x0000001a,
0x0943, 0x0000001b,
0x0944, 0x0000001c,
0x0945, 0x0000001d,
0x0946, 0x0000001e,
0x0947, 0x0000001f,
0x0948, 0x00000020,
0x0949, 0x00000021,
0x094a, 0x00000022,
0x094b, 0x00000023,
0x094c, 0x00000058,
0x094d, 0x00000059,
0x094e, 0x0000005a,
0x094f, 0x0000005b,
0x0950, 0x0000005c,
0x0951, 0x0000005d,
0x0952, 0x0000005e,
0x0953, 0x0000005f,
0x0954, 0x00000060,
0x0955, 0x00000061,
0x0956, 0x00000062,
0x0957, 0x00000063,
0x0958, 0x00000098,
0x0959, 0x00000099,
0x095a, 0x0000009a,
0x095b, 0x0000009b,
0x095c, 0x0000009c,
0x095d, 0x0000009d,
0x095e, 0x0000009e,
0x095f, 0x0000009f,
0x0960, 0x000000a0,
0x0961, 0x000000a1,
0x0962, 0x000000a2,
0x0963, 0x000000a3,
0x0964, 0x000000d8,
0x0965, 0x000000d9,
0x0966, 0x000000da,
0x0967, 0x000000db,
0x0968, 0x000000dc,
0x0969, 0x000000dd,
0x096a, 0x000000de,
0x096b, 0x000000df,
0x096c, 0x000000e0,
0x096d, 0x000000e1,
0x096e, 0x000000e2,
0x096f, 0x000000e3,
0x0970, 0x00000118,
0x0971, 0x00000119,
0x0972, 0x0000011a,
0x0973, 0x0000011b,
0x0974, 0x0000011c,
0x0975, 0x0000011d,
0x0976, 0x0000011e,
0x0977, 0x0000011f,
0x0978, 0x00000120,
0x0979, 0x00000121,
0x097a, 0x00000122,
0x097b, 0x00000123,
0x097c, 0x00000158,
0x097d, 0x00000159,
0x097e, 0x0000015a,
0x097f, 0x0000015b,
0x0980, 0x0000015c,
0x0981, 0x0000015d,
0x0982, 0x0000015e,
0x0983, 0x0000015f,
0x0984, 0x00000160,
0x0985, 0x00000161,
0x0986, 0x00000162,
0x0987, 0x00000163,
0x0988, 0x00000198,
0x0989, 0x00000199,
0x098a, 0x0000019a,
0x098b, 0x0000019b,
0x098c, 0x0000019c,
0x098d, 0x0000019d,
0x098e, 0x0000019e,
0x098f, 0x0000019f,
0x0990, 0x000001a0,
0x0991, 0x000001a1,
0x0992, 0x000001a2,
0x0993, 0x000001a3,
0x0994, 0x000001d8,
0x0995, 0x000001d9,
0x0996, 0x000001da,
0x0997, 0x000001db,
0x0998, 0x000001dc,
0x0999, 0x000001dd,
0x099a, 0x000001de,
0x099b, 0x000001df,
0x099c, 0x000001e0,
0x099d, 0x000001e1,
0x099e, 0x000001e2,
0x099f, 0x000001e3,
0x09a0, 0x00000218,
0x09a1, 0x00000219,
0x09a2, 0x0000021a,
0x09a3, 0x0000021b,
0x09a4, 0x0000021c,
0x09a5, 0x0000021d,
0x09a6, 0x0000021e,
0x09a7, 0x0000021f,
0x09a8, 0x00000220,
0x09a9, 0x00000221,
0x09aa, 0x00000222,
0x09ab, 0x00000223,
0x09ac, 0x00000258,
0x09ad, 0x00000259,
0x09ae, 0x0000025a,
0x09af, 0x0000025b,
0x09b0, 0x0000025c,
0x09b1, 0x0000025d,
0x09b2, 0x0000025e,
0x09b3, 0x0000025f,
0x09b4, 0x00000260,
0x09b5, 0x00000261,
0x09b6, 0x00000262,
0x09b7, 0x00000263,
0x09b8, 0x00000298,
0x09b9, 0x00000299,
0x09ba, 0x0000029a,
0x09bb, 0x0000029b,
0x09bc, 0x0000029c,
0x09bd, 0x0000029d,
0x09be, 0x0000029e,
0x09bf, 0x0000029f,
0x09c0, 0x000002a0,
0x09c1, 0x000002a1,
0x09c2, 0x000002a2,
0x09c3, 0x000002a3,
0x09c4, 0x000002d8,
0x09c5, 0x000002d9,
0x09c6, 0x000002da,
0x09c7, 0x000002db,
0x09c8, 0x000002dc,
0x09c9, 0x000002dd,
0x09ca, 0x000002de,
0x09cb, 0x000002df,
0x09cc, 0x000002e0,
0x09cd, 0x000002e1,
0x09ce, 0x000002e2,
0x09cf, 0x000002e3,
0x09d0, 0x00000318,
0x09d1, 0x00000319,
0x09d2, 0x0000031a,
0x09d3, 0x0000031b,
0x09d4, 0x0000031c,
0x09d5, 0x0000031d,
0x09d6, 0x0000031e,
0x09d7, 0x0000031f,
0x09d8, 0x00000320,
0x09d9, 0x00000321,
0x09da, 0x00000322,
0x09db, 0x00000323,
0x09dc, 0x00000358,
0x09dd, 0x00000359,
0x09de, 0x0000035a,
0x09df, 0x0000035b,
0x09e0, 0x0000035c,
0x09e1, 0x0000035d,
0x09e2, 0x0000035e,
0x09e3, 0x0000035f,
0x09e4, 0x00000360,
0x09e5, 0x00000361,
0x09e6, 0x00000362,
0x09e7, 0x00000363,
0x09e8, 0x00000398,
0x09e9, 0x00000399,
0x09ea, 0x0000039a,
0x09eb, 0x0000039b,
0x09ec, 0x0000039c,
0x09ed, 0x0000039d,
0x09ee, 0x0000039e,
0x09ef, 0x0000039f,
0x09f0, 0x000003a0,
0x09f1, 0x000003a1,
0x09f2, 0x000003a2,
0x09f3, 0x000003a3,
0x09f4, 0x000003d8,
0x09f5, 0x000003d9,
0x09f6, 0x000003da,
0x09f7, 0x000003db,
0x09f8, 0x000003dc,
0x09f9, 0x000003dd,
0x09fa, 0x000003de,
0x09fb, 0x000003df,
0x09fc, 0x000003e0,
0x09fd, 0x000003e1,
0x09fe, 0x000003e2,
0x09ff, 0x000003e3,
0x0a00, 0x00000418,
0x0a01, 0x00000419,
0x0a02, 0x0000041a,
0x0a03, 0x0000041b,
0x0a04, 0x0000041c,
0x0a05, 0x0000041d,
0x0a06, 0x0000041e,
0x0a07, 0x0000041f,
0x0a08, 0x00000420,
0x0a09, 0x00000421,
0x0a0a, 0x00000422,
0x0a0b, 0x00000423,
0x0a0c, 0x00000458,
0x0a0d, 0x00000459,
0x0a0e, 0x0000045a,
0x0a0f, 0x0000045b,
0x0a10, 0x0000045c,
0x0a11, 0x0000045d,
0x0a12, 0x0000045e,
0x0a13, 0x0000045f,
0x0a14, 0x00000460,
0x0a15, 0x00000461,
0x0a16, 0x00000462,
0x0a17, 0x00000463,
0x0a18, 0x00000498,
0x0a19, 0x00000499,
0x0a1a, 0x0000049a,
0x0a1b, 0x0000049b,
0x0a1c, 0x0000049c,
0x0a1d, 0x0000049d,
0x0a1e, 0x0000049e,
0x0a1f, 0x0000049f,
0x0a20, 0x000004a0,
0x0a21, 0x000004a1,
0x0a22, 0x000004a2,
0x0a23, 0x000004a3,
0x0a24, 0x000004d8,
0x0a25, 0x000004d9,
0x0a26, 0x000004da,
0x0a27, 0x000004db,
0x0a28, 0x000004dc,
0x0a29, 0x000004dd,
0x0a2a, 0x000004de,
0x0a2b, 0x000004df,
0x0a2c, 0x000004e0,
0x0a2d, 0x000004e1,
0x0a2e, 0x000004e2,
0x0a2f, 0x000004e3,
0x0a30, 0x00000518,
0x0a31, 0x00000519,
0x0a32, 0x0000051a,
0x0a33, 0x0000051b,
0x0a34, 0x0000051c,
0x0a35, 0x0000051d,
0x0a36, 0x0000051e,
0x0a37, 0x0000051f,
0x0a38, 0x00000520,
0x0a39, 0x00000521,
0x0a3a, 0x00000522,
0x0a3b, 0x00000523,
0x0a3c, 0x00000558,
0x0a3d, 0x00000559,
0x0a3e, 0x0000055a,
0x0a3f, 0x0000055b,
0x0a40, 0x0000055c,
0x0a41, 0x0000055d,
0x0a42, 0x0000055e,
0x0a43, 0x0000055f,
0x0a44, 0x00000560,
0x0a45, 0x00000561,
0x0a46, 0x00000562,
0x0a47, 0x00000563,
0x0a48, 0x00000598,
0x0a49, 0x00000599,
0x0a4a, 0x0000059a,
0x0a4b, 0x0000059b,
0x0a4c, 0x0000059c,
0x0a4d, 0x0000059d,
0x0a4e, 0x0000059e,
0x0a4f, 0x0000059f,
0x0a50, 0x000005a0,
0x0a51, 0x000005a1,
0x0a52, 0x000005a2,
0x0a53, 0x000005a3,
0x0a54, 0x000005d8,
0x0a55, 0x000005d9,
0x0a56, 0x000005da,
0x0a57, 0x000005db,
0x0a58, 0x000005dc,
0x0a59, 0x000005dd,
0x0a5a, 0x000005de,
0x0a5b, 0x000005df,
0x0a5c, 0x000005e0,
0x0a5d, 0x000005e1,
0x0a5e, 0x000005e2,
0x0a5f, 0x000005e3,
0x0a60, 0x00000024,
0x0a61, 0x00000025,
0x0a62, 0x00000026,
0x0a63, 0x00000027,
0x0a64, 0x00000028,
0x0a65, 0x00000029,
0x0a66, 0x0000002a,
0x0a67, 0x0000002b,
0x0a68, 0x0000002c,
0x0a69, 0x0000002d,
0x0a6a, 0x0000002e,
0x0a6b, 0x0000002f,
0x0a6c, 0x00000064,
0x0a6d, 0x00000065,
0x0a6e, 0x00000066,
0x0a6f, 0x00000067,
0x0a70, 0x00000068,
0x0a71, 0x00000069,
0x0a72, 0x0000006a,
0x0a73, 0x0000006b,
0x0a74, 0x0000006c,
0x0a75, 0x0000006d,
0x0a76, 0x0000006e,
0x0a77, 0x0000006f,
0x0a78, 0x000000a4,
0x0a79, 0x000000a5,
0x0a7a, 0x000000a6,
0x0a7b, 0x000000a7,
0x0a7c, 0x000000a8,
0x0a7d, 0x000000a9,
0x0a7e, 0x000000aa,
0x0a7f, 0x000000ab,
0x0a80, 0x000000ac,
0x0a81, 0x000000ad,
0x0a82, 0x000000ae,
0x0a83, 0x000000af,
0x0a84, 0x000000e4,
0x0a85, 0x000000e5,
0x0a86, 0x000000e6,
0x0a87, 0x000000e7,
0x0a88, 0x000000e8,
0x0a89, 0x000000e9,
0x0a8a, 0x000000ea,
0x0a8b, 0x000000eb,
0x0a8c, 0x000000ec,
0x0a8d, 0x000000ed,
0x0a8e, 0x000000ee,
0x0a8f, 0x000000ef,
0x0a90, 0x00000124,
0x0a91, 0x00000125,
0x0a92, 0x00000126,
0x0a93, 0x00000127,
0x0a94, 0x00000128,
0x0a95, 0x00000129,
0x0a96, 0x0000012a,
0x0a97, 0x0000012b,
0x0a98, 0x0000012c,
0x0a99, 0x0000012d,
0x0a9a, 0x0000012e,
0x0a9b, 0x0000012f,
0x0a9c, 0x00000164,
0x0a9d, 0x00000165,
0x0a9e, 0x00000166,
0x0a9f, 0x00000167,
0x0aa0, 0x00000168,
0x0aa1, 0x00000169,
0x0aa2, 0x0000016a,
0x0aa3, 0x0000016b,
0x0aa4, 0x0000016c,
0x0aa5, 0x0000016d,
0x0aa6, 0x0000016e,
0x0aa7, 0x0000016f,
0x0aa8, 0x000001a4,
0x0aa9, 0x000001a5,
0x0aaa, 0x000001a6,
0x0aab, 0x000001a7,
0x0aac, 0x000001a8,
0x0aad, 0x000001a9,
0x0aae, 0x000001aa,
0x0aaf, 0x000001ab,
0x0ab0, 0x000001ac,
0x0ab1, 0x000001ad,
0x0ab2, 0x000001ae,
0x0ab3, 0x000001af,
0x0ab4, 0x000001e4,
0x0ab5, 0x000001e5,
0x0ab6, 0x000001e6,
0x0ab7, 0x000001e7,
0x0ab8, 0x000001e8,
0x0ab9, 0x000001e9,
0x0aba, 0x000001ea,
0x0abb, 0x000001eb,
0x0abc, 0x000001ec,
0x0abd, 0x000001ed,
0x0abe, 0x000001ee,
0x0abf, 0x000001ef,
0x0ac0, 0x00000224,
0x0ac1, 0x00000225,
0x0ac2, 0x00000226,
0x0ac3, 0x00000227,
0x0ac4, 0x00000228,
0x0ac5, 0x00000229,
0x0ac6, 0x0000022a,
0x0ac7, 0x0000022b,
0x0ac8, 0x0000022c,
0x0ac9, 0x0000022d,
0x0aca, 0x0000022e,
0x0acb, 0x0000022f,
0x0acc, 0x00000264,
0x0acd, 0x00000265,
0x0ace, 0x00000266,
0x0acf, 0x00000267,
0x0ad0, 0x00000268,
0x0ad1, 0x00000269,
0x0ad2, 0x0000026a,
0x0ad3, 0x0000026b,
0x0ad4, 0x0000026c,
0x0ad5, 0x0000026d,
0x0ad6, 0x0000026e,
0x0ad7, 0x0000026f,
0x0ad8, 0x000002a4,
0x0ad9, 0x000002a5,
0x0ada, 0x000002a6,
0x0adb, 0x000002a7,
0x0adc, 0x000002a8,
0x0add, 0x000002a9,
0x0ade, 0x000002aa,
0x0adf, 0x000002ab,
0x0ae0, 0x000002ac,
0x0ae1, 0x000002ad,
0x0ae2, 0x000002ae,
0x0ae3, 0x000002af,
0x0ae4, 0x000002e4,
0x0ae5, 0x000002e5,
0x0ae6, 0x000002e6,
0x0ae7, 0x000002e7,
0x0ae8, 0x000002e8,
0x0ae9, 0x000002e9,
0x0aea, 0x000002ea,
0x0aeb, 0x000002eb,
0x0aec, 0x000002ec,
0x0aed, 0x000002ed,
0x0aee, 0x000002ee,
0x0aef, 0x000002ef,
0x0af0, 0x00000324,
0x0af1, 0x00000325,
0x0af2, 0x00000326,
0x0af3, 0x00000327,
0x0af4, 0x00000328,
0x0af5, 0x00000329,
0x0af6, 0x0000032a,
0x0af7, 0x0000032b,
0x0af8, 0x0000032c,
0x0af9, 0x0000032d,
0x0afa, 0x0000032e,
0x0afb, 0x0000032f,
0x0afc, 0x00000364,
0x0afd, 0x00000365,
0x0afe, 0x00000366,
0x0aff, 0x00000367,
0x0b00, 0x00000368,
0x0b01, 0x00000369,
0x0b02, 0x0000036a,
0x0b03, 0x0000036b,
0x0b04, 0x0000036c,
0x0b05, 0x0000036d,
0x0b06, 0x0000036e,
0x0b07, 0x0000036f,
0x0b08, 0x000003a4,
0x0b09, 0x000003a5,
0x0b0a, 0x000003a6,
0x0b0b, 0x000003a7,
0x0b0c, 0x000003a8,
0x0b0d, 0x000003a9,
0x0b0e, 0x000003aa,
0x0b0f, 0x000003ab,
0x0b10, 0x000003ac,
0x0b11, 0x000003ad,
0x0b12, 0x000003ae,
0x0b13, 0x000003af,
0x0b14, 0x000003e4,
0x0b15, 0x000003e5,
0x0b16, 0x000003e6,
0x0b17, 0x000003e7,
0x0b18, 0x000003e8,
0x0b19, 0x000003e9,
0x0b1a, 0x000003ea,
0x0b1b, 0x000003eb,
0x0b1c, 0x000003ec,
0x0b1d, 0x000003ed,
0x0b1e, 0x000003ee,
0x0b1f, 0x000003ef,
0x0b20, 0x00000424,
0x0b21, 0x00000425,
0x0b22, 0x00000426,
0x0b23, 0x00000427,
0x0b24, 0x00000428,
0x0b25, 0x00000429,
0x0b26, 0x0000042a,
0x0b27, 0x0000042b,
0x0b28, 0x0000042c,
0x0b29, 0x0000042d,
0x0b2a, 0x0000042e,
0x0b2b, 0x0000042f,
0x0b2c, 0x00000464,
0x0b2d, 0x00000465,
0x0b2e, 0x00000466,
0x0b2f, 0x00000467,
0x0b30, 0x00000468,
0x0b31, 0x00000469,
0x0b32, 0x0000046a,
0x0b33, 0x0000046b,
0x0b34, 0x0000046c,
0x0b35, 0x0000046d,
0x0b36, 0x0000046e,
0x0b37, 0x0000046f,
0x0b38, 0x000004a4,
0x0b39, 0x000004a5,
0x0b3a, 0x000004a6,
0x0b3b, 0x000004a7,
0x0b3c, 0x000004a8,
0x0b3d, 0x000004a9,
0x0b3e, 0x000004aa,
0x0b3f, 0x000004ab,
0x0b40, 0x000004ac,
0x0b41, 0x000004ad,
0x0b42, 0x000004ae,
0x0b43, 0x000004af,
0x0b44, 0x000004e4,
0x0b45, 0x000004e5,
0x0b46, 0x000004e6,
0x0b47, 0x000004e7,
0x0b48, 0x000004e8,
0x0b49, 0x000004e9,
0x0b4a, 0x000004ea,
0x0b4b, 0x000004eb,
0x0b4c, 0x000004ec,
0x0b4d, 0x000004ed,
0x0b4e, 0x000004ee,
0x0b4f, 0x000004ef,
0x0b50, 0x00000524,
0x0b51, 0x00000525,
0x0b52, 0x00000526,
0x0b53, 0x00000527,
0x0b54, 0x00000528,
0x0b55, 0x00000529,
0x0b56, 0x0000052a,
0x0b57, 0x0000052b,
0x0b58, 0x0000052c,
0x0b59, 0x0000052d,
0x0b5a, 0x0000052e,
0x0b5b, 0x0000052f,
0x0b5c, 0x00000564,
0x0b5d, 0x00000565,
0x0b5e, 0x00000566,
0x0b5f, 0x00000567,
0x0b60, 0x00000568,
0x0b61, 0x00000569,
0x0b62, 0x0000056a,
0x0b63, 0x0000056b,
0x0b64, 0x0000056c,
0x0b65, 0x0000056d,
0x0b66, 0x0000056e,
0x0b67, 0x0000056f,
0x0b68, 0x000005a4,
0x0b69, 0x000005a5,
0x0b6a, 0x000005a6,
0x0b6b, 0x000005a7,
0x0b6c, 0x000005a8,
0x0b6d, 0x000005a9,
0x0b6e, 0x000005aa,
0x0b6f, 0x000005ab,
0x0b70, 0x000005ac,
0x0b71, 0x000005ad,
0x0b72, 0x000005ae,
0x0b73, 0x000005af,
0x0b74, 0x000005e4,
0x0b75, 0x000005e5,
0x0b76, 0x000005e6,
0x0b77, 0x000005e7,
0x0b78, 0x000005e8,
0x0b79, 0x000005e9,
0x0b7a, 0x000005ea,
0x0b7b, 0x000005eb,
0x0b7c, 0x000005ec,
0x0b7d, 0x000005ed,
0x0b7e, 0x000005ee,
0x0b7f, 0x000005ef,
0x0b80, 0x00000000,
0x0b81, 0x00000000,
0x0b82, 0x00000000,
0x0b83, 0x00000000,
0x0b84, 0x00000000,
0x0b85, 0x00000000,
0x0b86, 0x00000000,
0x0b87, 0x00000000,
0x0b88, 0x00000000,
0x0b89, 0x00000000,
0x0b8a, 0x00000000,
0x0b8b, 0x00000000,
0x0b8c, 0x00000000,
0x0b8d, 0x00000000,
0x0b8e, 0x00000000,
0x0b8f, 0x00000000,
0x0b90, 0x00000000,
0x0b91, 0x00000000,
0x0b92, 0x00000000,
0x0b93, 0x00000000,
0x0b94, 0x00000000,
0x0b95, 0x00000000,
0x0b96, 0x00000000,
0x0b97, 0x00000000,
0x0b98, 0x00000000,
0x0b99, 0x00000000,
0x0b9a, 0x00000000,
0x0b9b, 0x00000000,
0x0b9c, 0x00000000,
0x0b9d, 0x00000000,
0x0b9e, 0x00000000,
0x0b9f, 0x00000000,
0x0ba0, 0x00000000,
0x0ba1, 0x00000000,
0x0ba2, 0x00000000,
0x0ba3, 0x00000000,
0x0ba4, 0x00000000,
0x0ba5, 0x00000000,
0x0ba6, 0x00000000,
0x0ba7, 0x00000000,
0x0ba8, 0x00000000,
0x0ba9, 0x00000000,
0x0baa, 0x00000000,
0x0bab, 0x00000000,
0x0bac, 0x00000000,
0x0bad, 0x00000000,
0x0bae, 0x00000000,
0x0baf, 0x00000000,
0x0bb0, 0x00000000,
0x0bb1, 0x00000000,
0x0bb2, 0x00000000,
0x0bb3, 0x00000000,
0x0bb4, 0x00000000,
0x0bb5, 0x00000000,
0x0bb6, 0x00000000,
0x0bb7, 0x00000000,
0x0bb8, 0x00000000,
0x0bb9, 0x00000000,
0x0bba, 0x00000000,
0x0bbb, 0x00000000,
0x0bbc, 0x00000000,
0x0bbd, 0x00000000,
0x0bbe, 0x00000000,
0x0bbf, 0x00000000,
0x0bc0, 0x00000000,
0x0bc1, 0x00000000,
0x0bc2, 0x00000000,
0x0bc3, 0x00000000,
0x0bc4, 0x00000000,
0x0bc5, 0x00000000,
0x0bc6, 0x00000000,
0x0bc7, 0x00000000,
0x0bc8, 0x00000000,
0x0bc9, 0x00000000,
0x0bca, 0x00000000,
0x0bcb, 0x00000000,
0x0bcc, 0x00000000,
0x0bcd, 0x00000000,
0x0bce, 0x00000000,
0x0bcf, 0x00000000,
0x0bd0, 0x00000000,
0x0bd1, 0x00000000,
0x0bd2, 0x00000000,
0x0bd3, 0x00000000,
0x0bd4, 0x00000000,
0x0bd5, 0x00000000,
0x0bd6, 0x00000000,
0x0bd7, 0x00000000,
0x0bd8, 0x00000000,
0x0bd9, 0x00000000,
0x0bda, 0x00000000,
0x0bdb, 0x00000000,
0x0bdc, 0x00000000,
0x0bdd, 0x00000000,
0x0bde, 0x00000000,
0x0bdf, 0x00000000,
0x0be0, 0x00000000,
0x0be1, 0x00000000,
0x060a, 0x00000000,
0x0300, 0x00001040,
0x0300, 0x00000040,
};

uint32_t bcon_case999_hyasic_setting[] = {
//0x200e, 0x0000001f,
//0x2000, 0x000089a9,
//0x2003, 0x0000007f,
//0x2009, 0x00000037,
//0x200d, 0x33fff000,
//0x200f, 0x00300300,
//0x0207, 0x00000001,
0x0300, 0x00000040,
0x0301, 0x1ff0400a,
0x0302, 0x01820004,
0x0303, 0x00000d0b,
0x0305, 0xc0002120,
0x0306, 0x0000417e,
0x0307, 0x3d000780,
0x030a, 0x3cffff80,
0x030b, 0x00181fff,
0x030c, 0x1fff1fff,
0x030d, 0x00008005,
0x030e, 0xffffffff,
0x0311, 0x70f08120,
0x0312, 0x01200000,
0x0313, 0x03600240,
0x0316, 0x0ce85fff,
0x0317, 0x10c89c43,
0x0318, 0x541c6800,
0x0319, 0x002fc773,
0x031a, 0x7f000000,
0x031b, 0xad723180,
0x031c, 0x1ba5165c,
0x031d, 0xbfd0a0e0,
0x031e, 0x00000040,
0x0320, 0x00000340,
0x0322, 0x9096a234,
0x0327, 0x00000000,
0x0329, 0x9a521007,
0x032a, 0x00401800,
0x032c, 0x3020c006,
0x0333, 0x5b206f49,
0x0334, 0xd4001021,
0x0335, 0x12009000,
0x0336, 0x0463d218,
0x0337, 0x001003e8,
0x033b, 0xf62a8295,
0x033c, 0x25f2b816,
0x033d, 0xaba03d45,
0x033e, 0x35ad19bf,
0x033f, 0x17408145,
0x0340, 0x27d000d1,
0x0343, 0x000ff2cb,
0x0344, 0x00000325,
0x0345, 0x00000008,
0x0347, 0x00000002,
0x0351, 0x0000214c,
0x0352, 0x0003f412,
0x0355, 0x6eea9a1f,
0x0356, 0x1908218e,
0x0358, 0x06800000,
0x035a, 0x00000000,
0x0361, 0x06c7736a,
0x0363, 0x0000008d,
0x060a, 0x00000001,
0x0700, 0x00000000,
0x0701, 0x00000001,
0x0702, 0x00000002,
0x0703, 0x00000003,
0x0704, 0x00000004,
0x0705, 0x00000005,
0x0706, 0x00000006,
0x0707, 0x00000007,
0x0708, 0x00000008,
0x0709, 0x00000009,
0x070a, 0x0000000a,
0x070b, 0x0000000b,
0x070c, 0x0000000c,
0x070d, 0x0000000d,
0x070e, 0x0000000e,
0x070f, 0x0000000f,
0x0710, 0x00000010,
0x0711, 0x00000011,
0x0712, 0x00000012,
0x0713, 0x00000013,
0x0714, 0x00000014,
0x0715, 0x00000015,
0x0716, 0x00000016,
0x0717, 0x00000017,
0x0718, 0x00000018,
0x0719, 0x00000019,
0x071a, 0x0000001a,
0x071b, 0x0000001b,
0x071c, 0x0000001c,
0x071d, 0x0000001d,
0x071e, 0x0000001e,
0x071f, 0x0000001f,
0x0720, 0x00000020,
0x0721, 0x00000021,
0x0722, 0x00000022,
0x0723, 0x00000023,
0x0724, 0x00000040,
0x0725, 0x00000041,
0x0726, 0x00000042,
0x0727, 0x00000043,
0x0728, 0x00000044,
0x0729, 0x00000045,
0x072a, 0x00000046,
0x072b, 0x00000047,
0x072c, 0x00000048,
0x072d, 0x00000049,
0x072e, 0x0000004a,
0x072f, 0x0000004b,
0x0730, 0x0000004c,
0x0731, 0x0000004d,
0x0732, 0x0000004e,
0x0733, 0x0000004f,
0x0734, 0x00000050,
0x0735, 0x00000051,
0x0736, 0x00000052,
0x0737, 0x00000053,
0x0738, 0x00000054,
0x0739, 0x00000055,
0x073a, 0x00000056,
0x073b, 0x00000057,
0x073c, 0x00000058,
0x073d, 0x00000059,
0x073e, 0x0000005a,
0x073f, 0x0000005b,
0x0740, 0x0000005c,
0x0741, 0x0000005d,
0x0742, 0x0000005e,
0x0743, 0x0000005f,
0x0744, 0x00000060,
0x0745, 0x00000061,
0x0746, 0x00000062,
0x0747, 0x00000063,
0x0748, 0x00000080,
0x0749, 0x00000081,
0x074a, 0x00000082,
0x074b, 0x00000083,
0x074c, 0x00000084,
0x074d, 0x00000085,
0x074e, 0x00000086,
0x074f, 0x00000087,
0x0750, 0x00000088,
0x0751, 0x00000089,
0x0752, 0x0000008a,
0x0753, 0x0000008b,
0x0754, 0x0000008c,
0x0755, 0x0000008d,
0x0756, 0x0000008e,
0x0757, 0x0000008f,
0x0758, 0x00000090,
0x0759, 0x00000091,
0x075a, 0x00000092,
0x075b, 0x00000093,
0x075c, 0x00000094,
0x075d, 0x00000095,
0x075e, 0x00000096,
0x075f, 0x00000097,
0x0760, 0x00000098,
0x0761, 0x00000099,
0x0762, 0x0000009a,
0x0763, 0x0000009b,
0x0764, 0x0000009c,
0x0765, 0x0000009d,
0x0766, 0x0000009e,
0x0767, 0x0000009f,
0x0768, 0x000000a0,
0x0769, 0x000000a1,
0x076a, 0x000000a2,
0x076b, 0x000000a3,
0x076c, 0x000000c0,
0x076d, 0x000000c1,
0x076e, 0x000000c2,
0x076f, 0x000000c3,
0x0770, 0x000000c4,
0x0771, 0x000000c5,
0x0772, 0x000000c6,
0x0773, 0x000000c7,
0x0774, 0x000000c8,
0x0775, 0x000000c9,
0x0776, 0x000000ca,
0x0777, 0x000000cb,
0x0778, 0x000000cc,
0x0779, 0x000000cd,
0x077a, 0x000000ce,
0x077b, 0x000000cf,
0x077c, 0x000000d0,
0x077d, 0x000000d1,
0x077e, 0x000000d2,
0x077f, 0x000000d3,
0x0780, 0x000000d4,
0x0781, 0x000000d5,
0x0782, 0x000000d6,
0x0783, 0x000000d7,
0x0784, 0x000000d8,
0x0785, 0x000000d9,
0x0786, 0x000000da,
0x0787, 0x000000db,
0x0788, 0x000000dc,
0x0789, 0x000000dd,
0x078a, 0x000000de,
0x078b, 0x000000df,
0x078c, 0x000000e0,
0x078d, 0x000000e1,
0x078e, 0x000000e2,
0x078f, 0x000000e3,
0x0790, 0x00000100,
0x0791, 0x00000101,
0x0792, 0x00000102,
0x0793, 0x00000103,
0x0794, 0x00000104,
0x0795, 0x00000105,
0x0796, 0x00000106,
0x0797, 0x00000107,
0x0798, 0x00000108,
0x0799, 0x00000109,
0x079a, 0x0000010a,
0x079b, 0x0000010b,
0x079c, 0x0000010c,
0x079d, 0x0000010d,
0x079e, 0x0000010e,
0x079f, 0x0000010f,
0x07a0, 0x00000110,
0x07a1, 0x00000111,
0x07a2, 0x00000112,
0x07a3, 0x00000113,
0x07a4, 0x00000114,
0x07a5, 0x00000115,
0x07a6, 0x00000116,
0x07a7, 0x00000117,
0x07a8, 0x00000118,
0x07a9, 0x00000119,
0x07aa, 0x0000011a,
0x07ab, 0x0000011b,
0x07ac, 0x0000011c,
0x07ad, 0x0000011d,
0x07ae, 0x0000011e,
0x07af, 0x0000011f,
0x07b0, 0x00000120,
0x07b1, 0x00000121,
0x07b2, 0x00000122,
0x07b3, 0x00000123,
0x07b4, 0x00000140,
0x07b5, 0x00000141,
0x07b6, 0x00000142,
0x07b7, 0x00000143,
0x07b8, 0x00000144,
0x07b9, 0x00000145,
0x07ba, 0x00000146,
0x07bb, 0x00000147,
0x07bc, 0x00000148,
0x07bd, 0x00000149,
0x07be, 0x0000014a,
0x07bf, 0x0000014b,
0x07c0, 0x0000014c,
0x07c1, 0x0000014d,
0x07c2, 0x0000014e,
0x07c3, 0x0000014f,
0x07c4, 0x00000150,
0x07c5, 0x00000151,
0x07c6, 0x00000152,
0x07c7, 0x00000153,
0x07c8, 0x00000154,
0x07c9, 0x00000155,
0x07ca, 0x00000156,
0x07cb, 0x00000157,
0x07cc, 0x00000158,
0x07cd, 0x00000159,
0x07ce, 0x0000015a,
0x07cf, 0x0000015b,
0x07d0, 0x0000015c,
0x07d1, 0x0000015d,
0x07d2, 0x0000015e,
0x07d3, 0x0000015f,
0x07d4, 0x00000160,
0x07d5, 0x00000161,
0x07d6, 0x00000162,
0x07d7, 0x00000163,
0x07d8, 0x00000180,
0x07d9, 0x00000181,
0x07da, 0x00000182,
0x07db, 0x00000183,
0x07dc, 0x00000184,
0x07dd, 0x00000185,
0x07de, 0x00000186,
0x07df, 0x00000187,
0x07e0, 0x00000188,
0x07e1, 0x00000189,
0x07e2, 0x0000018a,
0x07e3, 0x0000018b,
0x07e4, 0x0000018c,
0x07e5, 0x0000018d,
0x07e6, 0x0000018e,
0x07e7, 0x0000018f,
0x07e8, 0x00000190,
0x07e9, 0x00000191,
0x07ea, 0x00000192,
0x07eb, 0x00000193,
0x07ec, 0x00000194,
0x07ed, 0x00000195,
0x07ee, 0x00000196,
0x07ef, 0x00000197,
0x07f0, 0x00000198,
0x07f1, 0x00000199,
0x07f2, 0x0000019a,
0x07f3, 0x0000019b,
0x07f4, 0x0000019c,
0x07f5, 0x0000019d,
0x07f6, 0x0000019e,
0x07f7, 0x0000019f,
0x07f8, 0x000001a0,
0x07f9, 0x000001a1,
0x07fa, 0x000001a2,
0x07fb, 0x000001a3,
0x07fc, 0x000001c0,
0x07fd, 0x000001c1,
0x07fe, 0x000001c2,
0x07ff, 0x000001c3,
0x0800, 0x000001c4,
0x0801, 0x000001c5,
0x0802, 0x000001c6,
0x0803, 0x000001c7,
0x0804, 0x000001c8,
0x0805, 0x000001c9,
0x0806, 0x000001ca,
0x0807, 0x000001cb,
0x0808, 0x000001cc,
0x0809, 0x000001cd,
0x080a, 0x000001ce,
0x080b, 0x000001cf,
0x080c, 0x000001d0,
0x080d, 0x000001d1,
0x080e, 0x000001d2,
0x080f, 0x000001d3,
0x0810, 0x000001d4,
0x0811, 0x000001d5,
0x0812, 0x000001d6,
0x0813, 0x000001d7,
0x0814, 0x000001d8,
0x0815, 0x000001d9,
0x0816, 0x000001da,
0x0817, 0x000001db,
0x0818, 0x000001dc,
0x0819, 0x000001dd,
0x081a, 0x000001de,
0x081b, 0x000001df,
0x081c, 0x000001e0,
0x081d, 0x000001e1,
0x081e, 0x000001e2,
0x081f, 0x000001e3,
0x0820, 0x00000200,
0x0821, 0x00000201,
0x0822, 0x00000202,
0x0823, 0x00000203,
0x0824, 0x00000204,
0x0825, 0x00000205,
0x0826, 0x00000206,
0x0827, 0x00000207,
0x0828, 0x00000208,
0x0829, 0x00000209,
0x082a, 0x0000020a,
0x082b, 0x0000020b,
0x082c, 0x0000020c,
0x082d, 0x0000020d,
0x082e, 0x0000020e,
0x082f, 0x0000020f,
0x0830, 0x00000210,
0x0831, 0x00000211,
0x0832, 0x00000212,
0x0833, 0x00000213,
0x0834, 0x00000214,
0x0835, 0x00000215,
0x0836, 0x00000216,
0x0837, 0x00000217,
0x0838, 0x00000218,
0x0839, 0x00000219,
0x083a, 0x0000021a,
0x083b, 0x0000021b,
0x083c, 0x0000021c,
0x083d, 0x0000021d,
0x083e, 0x0000021e,
0x083f, 0x0000021f,
0x0840, 0x00000220,
0x0841, 0x00000221,
0x0842, 0x00000222,
0x0843, 0x00000223,
0x0844, 0x00000240,
0x0845, 0x00000241,
0x0846, 0x00000242,
0x0847, 0x00000243,
0x0848, 0x00000244,
0x0849, 0x00000245,
0x084a, 0x00000246,
0x084b, 0x00000247,
0x084c, 0x00000248,
0x084d, 0x00000249,
0x084e, 0x0000024a,
0x084f, 0x0000024b,
0x0850, 0x0000024c,
0x0851, 0x0000024d,
0x0852, 0x0000024e,
0x0853, 0x0000024f,
0x0854, 0x00000250,
0x0855, 0x00000251,
0x0856, 0x00000252,
0x0857, 0x00000253,
0x0858, 0x00000254,
0x0859, 0x00000255,
0x085a, 0x00000256,
0x085b, 0x00000257,
0x085c, 0x00000258,
0x085d, 0x00000259,
0x085e, 0x0000025a,
0x085f, 0x0000025b,
0x0860, 0x0000025c,
0x0861, 0x0000025d,
0x0862, 0x0000025e,
0x0863, 0x0000025f,
0x0864, 0x00000260,
0x0865, 0x00000261,
0x0866, 0x00000262,
0x0867, 0x00000263,
0x0868, 0x00000280,
0x0869, 0x00000281,
0x086a, 0x00000282,
0x086b, 0x00000283,
0x086c, 0x00000284,
0x086d, 0x00000285,
0x086e, 0x00000286,
0x086f, 0x00000287,
0x0870, 0x00000288,
0x0871, 0x00000289,
0x0872, 0x0000028a,
0x0873, 0x0000028b,
0x0874, 0x0000028c,
0x0875, 0x0000028d,
0x0876, 0x0000028e,
0x0877, 0x0000028f,
0x0878, 0x00000290,
0x0879, 0x00000291,
0x087a, 0x00000292,
0x087b, 0x00000293,
0x087c, 0x00000294,
0x087d, 0x00000295,
0x087e, 0x00000296,
0x087f, 0x00000297,
0x0880, 0x00000298,
0x0881, 0x00000299,
0x0882, 0x0000029a,
0x0883, 0x0000029b,
0x0884, 0x0000029c,
0x0885, 0x0000029d,
0x0886, 0x0000029e,
0x0887, 0x0000029f,
0x0888, 0x000002a0,
0x0889, 0x000002a1,
0x088a, 0x000002a2,
0x088b, 0x000002a3,
0x088c, 0x000002c0,
0x088d, 0x000002c1,
0x088e, 0x000002c2,
0x088f, 0x000002c3,
0x0890, 0x000002c4,
0x0891, 0x000002c5,
0x0892, 0x000002c6,
0x0893, 0x000002c7,
0x0894, 0x000002c8,
0x0895, 0x000002c9,
0x0896, 0x000002ca,
0x0897, 0x000002cb,
0x0898, 0x000002cc,
0x0899, 0x000002cd,
0x089a, 0x000002ce,
0x089b, 0x000002cf,
0x089c, 0x000002d0,
0x089d, 0x000002d1,
0x089e, 0x000002d2,
0x089f, 0x000002d3,
0x08a0, 0x000002d4,
0x08a1, 0x000002d5,
0x08a2, 0x000002d6,
0x08a3, 0x000002d7,
0x08a4, 0x000002d8,
0x08a5, 0x000002d9,
0x08a6, 0x000002da,
0x08a7, 0x000002db,
0x08a8, 0x000002dc,
0x08a9, 0x000002dd,
0x08aa, 0x000002de,
0x08ab, 0x000002df,
0x08ac, 0x000002e0,
0x08ad, 0x000002e1,
0x08ae, 0x000002e2,
0x08af, 0x000002e3,
0x08b0, 0x00000300,
0x08b1, 0x00000301,
0x08b2, 0x00000302,
0x08b3, 0x00000303,
0x08b4, 0x00000304,
0x08b5, 0x00000305,
0x08b6, 0x00000306,
0x08b7, 0x00000307,
0x08b8, 0x00000308,
0x08b9, 0x00000309,
0x08ba, 0x0000030a,
0x08bb, 0x0000030b,
0x08bc, 0x0000030c,
0x08bd, 0x0000030d,
0x08be, 0x0000030e,
0x08bf, 0x0000030f,
0x08c0, 0x00000310,
0x08c1, 0x00000311,
0x08c2, 0x00000312,
0x08c3, 0x00000313,
0x08c4, 0x00000314,
0x08c5, 0x00000315,
0x08c6, 0x00000316,
0x08c7, 0x00000317,
0x08c8, 0x00000318,
0x08c9, 0x00000319,
0x08ca, 0x0000031a,
0x08cb, 0x0000031b,
0x08cc, 0x0000031c,
0x08cd, 0x0000031d,
0x08ce, 0x0000031e,
0x08cf, 0x0000031f,
0x08d0, 0x00000320,
0x08d1, 0x00000321,
0x08d2, 0x00000322,
0x08d3, 0x00000323,
0x08d4, 0x00000340,
0x08d5, 0x00000341,
0x08d6, 0x00000342,
0x08d7, 0x00000343,
0x08d8, 0x00000344,
0x08d9, 0x00000345,
0x08da, 0x00000346,
0x08db, 0x00000347,
0x08dc, 0x00000348,
0x08dd, 0x00000349,
0x08de, 0x0000034a,
0x08df, 0x0000034b,
0x08e0, 0x0000034c,
0x08e1, 0x0000034d,
0x08e2, 0x0000034e,
0x08e3, 0x0000034f,
0x08e4, 0x00000350,
0x08e5, 0x00000351,
0x08e6, 0x00000352,
0x08e7, 0x00000353,
0x08e8, 0x00000354,
0x08e9, 0x00000355,
0x08ea, 0x00000356,
0x08eb, 0x00000357,
0x08ec, 0x00000358,
0x08ed, 0x00000359,
0x08ee, 0x0000035a,
0x08ef, 0x0000035b,
0x08f0, 0x0000035c,
0x08f1, 0x0000035d,
0x08f2, 0x0000035e,
0x08f3, 0x0000035f,
0x08f4, 0x00000360,
0x08f5, 0x00000361,
0x08f6, 0x00000362,
0x08f7, 0x00000363,
0x08f8, 0x00000380,
0x08f9, 0x00000381,
0x08fa, 0x00000382,
0x08fb, 0x00000383,
0x08fc, 0x00000384,
0x08fd, 0x00000385,
0x08fe, 0x00000386,
0x08ff, 0x00000387,
0x0900, 0x00000388,
0x0901, 0x00000389,
0x0902, 0x0000038a,
0x0903, 0x0000038b,
0x0904, 0x0000038c,
0x0905, 0x0000038d,
0x0906, 0x0000038e,
0x0907, 0x0000038f,
0x0908, 0x00000390,
0x0909, 0x00000391,
0x090a, 0x00000392,
0x090b, 0x00000393,
0x090c, 0x00000394,
0x090d, 0x00000395,
0x090e, 0x00000396,
0x090f, 0x00000397,
0x0910, 0x00000398,
0x0911, 0x00000399,
0x0912, 0x0000039a,
0x0913, 0x0000039b,
0x0914, 0x0000039c,
0x0915, 0x0000039d,
0x0916, 0x0000039e,
0x0917, 0x0000039f,
0x0918, 0x000003a0,
0x0919, 0x000003a1,
0x091a, 0x000003a2,
0x091b, 0x000003a3,
0x091c, 0x000003c0,
0x091d, 0x000003c1,
0x091e, 0x000003c2,
0x091f, 0x000003c3,
0x0920, 0x000003c4,
0x0921, 0x000003c5,
0x0922, 0x000003c6,
0x0923, 0x000003c7,
0x0924, 0x000003c8,
0x0925, 0x000003c9,
0x0926, 0x000003ca,
0x0927, 0x000003cb,
0x0928, 0x000003cc,
0x0929, 0x000003cd,
0x092a, 0x000003ce,
0x092b, 0x000003cf,
0x092c, 0x000003d0,
0x092d, 0x000003d1,
0x092e, 0x000003d2,
0x092f, 0x000003d3,
0x0930, 0x000003d4,
0x0931, 0x000003d5,
0x0932, 0x000003d6,
0x0933, 0x000003d7,
0x0934, 0x000003d8,
0x0935, 0x000003d9,
0x0936, 0x000003da,
0x0937, 0x000003db,
0x0938, 0x000003dc,
0x0939, 0x000003dd,
0x093a, 0x000003de,
0x093b, 0x000003df,
0x093c, 0x000003e0,
0x093d, 0x000003e1,
0x093e, 0x000003e2,
0x093f, 0x000003e3,
0x0940, 0x00000400,
0x0941, 0x00000401,
0x0942, 0x00000402,
0x0943, 0x00000403,
0x0944, 0x00000404,
0x0945, 0x00000405,
0x0946, 0x00000406,
0x0947, 0x00000407,
0x0948, 0x00000408,
0x0949, 0x00000409,
0x094a, 0x0000040a,
0x094b, 0x0000040b,
0x094c, 0x0000040c,
0x094d, 0x0000040d,
0x094e, 0x0000040e,
0x094f, 0x0000040f,
0x0950, 0x00000410,
0x0951, 0x00000411,
0x0952, 0x00000412,
0x0953, 0x00000413,
0x0954, 0x00000414,
0x0955, 0x00000415,
0x0956, 0x00000416,
0x0957, 0x00000417,
0x0958, 0x00000418,
0x0959, 0x00000419,
0x095a, 0x0000041a,
0x095b, 0x0000041b,
0x095c, 0x0000041c,
0x095d, 0x0000041d,
0x095e, 0x0000041e,
0x095f, 0x0000041f,
0x0960, 0x00000420,
0x0961, 0x00000421,
0x0962, 0x00000422,
0x0963, 0x00000423,
0x0964, 0x00000440,
0x0965, 0x00000441,
0x0966, 0x00000442,
0x0967, 0x00000443,
0x0968, 0x00000444,
0x0969, 0x00000445,
0x096a, 0x00000446,
0x096b, 0x00000447,
0x096c, 0x00000448,
0x096d, 0x00000449,
0x096e, 0x0000044a,
0x096f, 0x0000044b,
0x0970, 0x0000044c,
0x0971, 0x0000044d,
0x0972, 0x0000044e,
0x0973, 0x0000044f,
0x0974, 0x00000450,
0x0975, 0x00000451,
0x0976, 0x00000452,
0x0977, 0x00000453,
0x0978, 0x00000454,
0x0979, 0x00000455,
0x097a, 0x00000456,
0x097b, 0x00000457,
0x097c, 0x00000458,
0x097d, 0x00000459,
0x097e, 0x0000045a,
0x097f, 0x0000045b,
0x0980, 0x0000045c,
0x0981, 0x0000045d,
0x0982, 0x0000045e,
0x0983, 0x0000045f,
0x0984, 0x00000460,
0x0985, 0x00000461,
0x0986, 0x00000462,
0x0987, 0x00000463,
0x0988, 0x00000480,
0x0989, 0x00000481,
0x098a, 0x00000482,
0x098b, 0x00000483,
0x098c, 0x00000484,
0x098d, 0x00000485,
0x098e, 0x00000486,
0x098f, 0x00000487,
0x0990, 0x00000488,
0x0991, 0x00000489,
0x0992, 0x0000048a,
0x0993, 0x0000048b,
0x0994, 0x0000048c,
0x0995, 0x0000048d,
0x0996, 0x0000048e,
0x0997, 0x0000048f,
0x0998, 0x00000490,
0x0999, 0x00000491,
0x099a, 0x00000492,
0x099b, 0x00000493,
0x099c, 0x00000494,
0x099d, 0x00000495,
0x099e, 0x00000496,
0x099f, 0x00000497,
0x09a0, 0x00000498,
0x09a1, 0x00000499,
0x09a2, 0x0000049a,
0x09a3, 0x0000049b,
0x09a4, 0x0000049c,
0x09a5, 0x0000049d,
0x09a6, 0x0000049e,
0x09a7, 0x0000049f,
0x09a8, 0x000004a0,
0x09a9, 0x000004a1,
0x09aa, 0x000004a2,
0x09ab, 0x000004a3,
0x09ac, 0x000004c0,
0x09ad, 0x000004c1,
0x09ae, 0x000004c2,
0x09af, 0x000004c3,
0x09b0, 0x000004c4,
0x09b1, 0x000004c5,
0x09b2, 0x000004c6,
0x09b3, 0x000004c7,
0x09b4, 0x000004c8,
0x09b5, 0x000004c9,
0x09b6, 0x000004ca,
0x09b7, 0x000004cb,
0x09b8, 0x000004cc,
0x09b9, 0x000004cd,
0x09ba, 0x000004ce,
0x09bb, 0x000004cf,
0x09bc, 0x000004d0,
0x09bd, 0x000004d1,
0x09be, 0x000004d2,
0x09bf, 0x000004d3,
0x09c0, 0x000004d4,
0x09c1, 0x000004d5,
0x09c2, 0x000004d6,
0x09c3, 0x000004d7,
0x09c4, 0x000004d8,
0x09c5, 0x000004d9,
0x09c6, 0x000004da,
0x09c7, 0x000004db,
0x09c8, 0x000004dc,
0x09c9, 0x000004dd,
0x09ca, 0x000004de,
0x09cb, 0x000004df,
0x09cc, 0x000004e0,
0x09cd, 0x000004e1,
0x09ce, 0x000004e2,
0x09cf, 0x000004e3,
0x09d0, 0x00000500,
0x09d1, 0x00000501,
0x09d2, 0x00000502,
0x09d3, 0x00000503,
0x09d4, 0x00000504,
0x09d5, 0x00000505,
0x09d6, 0x00000506,
0x09d7, 0x00000507,
0x09d8, 0x00000508,
0x09d9, 0x00000509,
0x09da, 0x0000050a,
0x09db, 0x0000050b,
0x09dc, 0x0000050c,
0x09dd, 0x0000050d,
0x09de, 0x0000050e,
0x09df, 0x0000050f,
0x09e0, 0x00000510,
0x09e1, 0x00000511,
0x09e2, 0x00000512,
0x09e3, 0x00000513,
0x09e4, 0x00000514,
0x09e5, 0x00000515,
0x09e6, 0x00000516,
0x09e7, 0x00000517,
0x09e8, 0x00000518,
0x09e9, 0x00000519,
0x09ea, 0x0000051a,
0x09eb, 0x0000051b,
0x09ec, 0x0000051c,
0x09ed, 0x0000051d,
0x09ee, 0x0000051e,
0x09ef, 0x0000051f,
0x09f0, 0x00000520,
0x09f1, 0x00000521,
0x09f2, 0x00000522,
0x09f3, 0x00000523,
0x09f4, 0x00000540,
0x09f5, 0x00000541,
0x09f6, 0x00000542,
0x09f7, 0x00000543,
0x09f8, 0x00000544,
0x09f9, 0x00000545,
0x09fa, 0x00000546,
0x09fb, 0x00000547,
0x09fc, 0x00000548,
0x09fd, 0x00000549,
0x09fe, 0x0000054a,
0x09ff, 0x0000054b,
0x0a00, 0x0000054c,
0x0a01, 0x0000054d,
0x0a02, 0x0000054e,
0x0a03, 0x0000054f,
0x0a04, 0x00000550,
0x0a05, 0x00000551,
0x0a06, 0x00000552,
0x0a07, 0x00000553,
0x0a08, 0x00000554,
0x0a09, 0x00000555,
0x0a0a, 0x00000556,
0x0a0b, 0x00000557,
0x0a0c, 0x00000558,
0x0a0d, 0x00000559,
0x0a0e, 0x0000055a,
0x0a0f, 0x0000055b,
0x0a10, 0x0000055c,
0x0a11, 0x0000055d,
0x0a12, 0x0000055e,
0x0a13, 0x0000055f,
0x0a14, 0x00000560,
0x0a15, 0x00000561,
0x0a16, 0x00000562,
0x0a17, 0x00000563,
0x0a18, 0x00000580,
0x0a19, 0x00000581,
0x0a1a, 0x00000582,
0x0a1b, 0x00000583,
0x0a1c, 0x00000584,
0x0a1d, 0x00000585,
0x0a1e, 0x00000586,
0x0a1f, 0x00000587,
0x0a20, 0x00000588,
0x0a21, 0x00000589,
0x0a22, 0x0000058a,
0x0a23, 0x0000058b,
0x0a24, 0x0000058c,
0x0a25, 0x0000058d,
0x0a26, 0x0000058e,
0x0a27, 0x0000058f,
0x0a28, 0x00000590,
0x0a29, 0x00000591,
0x0a2a, 0x00000592,
0x0a2b, 0x00000593,
0x0a2c, 0x00000594,
0x0a2d, 0x00000595,
0x0a2e, 0x00000596,
0x0a2f, 0x00000597,
0x0a30, 0x00000598,
0x0a31, 0x00000599,
0x0a32, 0x0000059a,
0x0a33, 0x0000059b,
0x0a34, 0x0000059c,
0x0a35, 0x0000059d,
0x0a36, 0x0000059e,
0x0a37, 0x0000059f,
0x0a38, 0x000005a0,
0x0a39, 0x000005a1,
0x0a3a, 0x000005a2,
0x0a3b, 0x000005a3,
0x0a3c, 0x000005c0,
0x0a3d, 0x000005c1,
0x0a3e, 0x000005c2,
0x0a3f, 0x000005c3,
0x0a40, 0x000005c4,
0x0a41, 0x000005c5,
0x0a42, 0x000005c6,
0x0a43, 0x000005c7,
0x0a44, 0x000005c8,
0x0a45, 0x000005c9,
0x0a46, 0x000005ca,
0x0a47, 0x000005cb,
0x0a48, 0x000005cc,
0x0a49, 0x000005cd,
0x0a4a, 0x000005ce,
0x0a4b, 0x000005cf,
0x0a4c, 0x000005d0,
0x0a4d, 0x000005d1,
0x0a4e, 0x000005d2,
0x0a4f, 0x000005d3,
0x0a50, 0x000005d4,
0x0a51, 0x000005d5,
0x0a52, 0x000005d6,
0x0a53, 0x000005d7,
0x0a54, 0x000005d8,
0x0a55, 0x000005d9,
0x0a56, 0x000005da,
0x0a57, 0x000005db,
0x0a58, 0x000005dc,
0x0a59, 0x000005dd,
0x0a5a, 0x000005de,
0x0a5b, 0x000005df,
0x0a5c, 0x000005e0,
0x0a5d, 0x000005e1,
0x0a5e, 0x000005e2,
0x0a5f, 0x000005e3,
0x0a60, 0x00000000,
0x0a61, 0x00000000,
0x0a62, 0x00000000,
0x0a63, 0x00000000,
0x0a64, 0x00000000,
0x0a65, 0x00000000,
0x0a66, 0x00000000,
0x0a67, 0x00000000,
0x0a68, 0x00000000,
0x0a69, 0x00000000,
0x0a6a, 0x00000000,
0x0a6b, 0x00000000,
0x0a6c, 0x00000000,
0x0a6d, 0x00000000,
0x0a6e, 0x00000000,
0x0a6f, 0x00000000,
0x0a70, 0x00000000,
0x0a71, 0x00000000,
0x0a72, 0x00000000,
0x0a73, 0x00000000,
0x0a74, 0x00000000,
0x0a75, 0x00000000,
0x0a76, 0x00000000,
0x0a77, 0x00000000,
0x0a78, 0x00000000,
0x0a79, 0x00000000,
0x0a7a, 0x00000000,
0x0a7b, 0x00000000,
0x0a7c, 0x00000000,
0x0a7d, 0x00000000,
0x0a7e, 0x00000000,
0x0a7f, 0x00000000,
0x0a80, 0x00000000,
0x0a81, 0x00000000,
0x0a82, 0x00000000,
0x0a83, 0x00000000,
0x0a84, 0x00000000,
0x0a85, 0x00000000,
0x0a86, 0x00000000,
0x0a87, 0x00000000,
0x0a88, 0x00000000,
0x0a89, 0x00000000,
0x0a8a, 0x00000000,
0x0a8b, 0x00000000,
0x0a8c, 0x00000000,
0x0a8d, 0x00000000,
0x0a8e, 0x00000000,
0x0a8f, 0x00000000,
0x0a90, 0x00000000,
0x0a91, 0x00000000,
0x0a92, 0x00000000,
0x0a93, 0x00000000,
0x0a94, 0x00000000,
0x0a95, 0x00000000,
0x0a96, 0x00000000,
0x0a97, 0x00000000,
0x0a98, 0x00000000,
0x0a99, 0x00000000,
0x0a9a, 0x00000000,
0x0a9b, 0x00000000,
0x0a9c, 0x00000000,
0x0a9d, 0x00000000,
0x0a9e, 0x00000000,
0x0a9f, 0x00000000,
0x0aa0, 0x00000000,
0x0aa1, 0x00000000,
0x0aa2, 0x00000000,
0x0aa3, 0x00000000,
0x0aa4, 0x00000000,
0x0aa5, 0x00000000,
0x0aa6, 0x00000000,
0x0aa7, 0x00000000,
0x0aa8, 0x00000000,
0x0aa9, 0x00000000,
0x0aaa, 0x00000000,
0x0aab, 0x00000000,
0x0aac, 0x00000000,
0x0aad, 0x00000000,
0x0aae, 0x00000000,
0x0aaf, 0x00000000,
0x0ab0, 0x00000000,
0x0ab1, 0x00000000,
0x0ab2, 0x00000000,
0x0ab3, 0x00000000,
0x0ab4, 0x00000000,
0x0ab5, 0x00000000,
0x0ab6, 0x00000000,
0x0ab7, 0x00000000,
0x0ab8, 0x00000000,
0x0ab9, 0x00000000,
0x0aba, 0x00000000,
0x0abb, 0x00000000,
0x0abc, 0x00000000,
0x0abd, 0x00000000,
0x0abe, 0x00000000,
0x0abf, 0x00000000,
0x0ac0, 0x00000000,
0x0ac1, 0x00000000,
0x0ac2, 0x00000000,
0x0ac3, 0x00000000,
0x0ac4, 0x00000000,
0x0ac5, 0x00000000,
0x0ac6, 0x00000000,
0x0ac7, 0x00000000,
0x0ac8, 0x00000000,
0x0ac9, 0x00000000,
0x0aca, 0x00000000,
0x0acb, 0x00000000,
0x0acc, 0x00000000,
0x0acd, 0x00000000,
0x0ace, 0x00000000,
0x0acf, 0x00000000,
0x0ad0, 0x00000000,
0x0ad1, 0x00000000,
0x0ad2, 0x00000000,
0x0ad3, 0x00000000,
0x0ad4, 0x00000000,
0x0ad5, 0x00000000,
0x0ad6, 0x00000000,
0x0ad7, 0x00000000,
0x0ad8, 0x00000000,
0x0ad9, 0x00000000,
0x0ada, 0x00000000,
0x0adb, 0x00000000,
0x0adc, 0x00000000,
0x0add, 0x00000000,
0x0ade, 0x00000000,
0x0adf, 0x00000000,
0x0ae0, 0x00000000,
0x0ae1, 0x00000000,
0x0ae2, 0x00000000,
0x0ae3, 0x00000000,
0x0ae4, 0x00000000,
0x0ae5, 0x00000000,
0x0ae6, 0x00000000,
0x0ae7, 0x00000000,
0x0ae8, 0x00000000,
0x0ae9, 0x00000000,
0x0aea, 0x00000000,
0x0aeb, 0x00000000,
0x0aec, 0x00000000,
0x0aed, 0x00000000,
0x0aee, 0x00000000,
0x0aef, 0x00000000,
0x0af0, 0x00000000,
0x0af1, 0x00000000,
0x0af2, 0x00000000,
0x0af3, 0x00000000,
0x0af4, 0x00000000,
0x0af5, 0x00000000,
0x0af6, 0x00000000,
0x0af7, 0x00000000,
0x0af8, 0x00000000,
0x0af9, 0x00000000,
0x0afa, 0x00000000,
0x0afb, 0x00000000,
0x0afc, 0x00000000,
0x0afd, 0x00000000,
0x0afe, 0x00000000,
0x0aff, 0x00000000,
0x0b00, 0x00000000,
0x0b01, 0x00000000,
0x0b02, 0x00000000,
0x0b03, 0x00000000,
0x0b04, 0x00000000,
0x0b05, 0x00000000,
0x0b06, 0x00000000,
0x0b07, 0x00000000,
0x0b08, 0x00000000,
0x0b09, 0x00000000,
0x0b0a, 0x00000000,
0x0b0b, 0x00000000,
0x0b0c, 0x00000000,
0x0b0d, 0x00000000,
0x0b0e, 0x00000000,
0x0b0f, 0x00000000,
0x0b10, 0x00000000,
0x0b11, 0x00000000,
0x0b12, 0x00000000,
0x0b13, 0x00000000,
0x0b14, 0x00000000,
0x0b15, 0x00000000,
0x0b16, 0x00000000,
0x0b17, 0x00000000,
0x0b18, 0x00000000,
0x0b19, 0x00000000,
0x0b1a, 0x00000000,
0x0b1b, 0x00000000,
0x0b1c, 0x00000000,
0x0b1d, 0x00000000,
0x0b1e, 0x00000000,
0x0b1f, 0x00000000,
0x0b20, 0x00000000,
0x0b21, 0x00000000,
0x0b22, 0x00000000,
0x0b23, 0x00000000,
0x0b24, 0x00000000,
0x0b25, 0x00000000,
0x0b26, 0x00000000,
0x0b27, 0x00000000,
0x0b28, 0x00000000,
0x0b29, 0x00000000,
0x0b2a, 0x00000000,
0x0b2b, 0x00000000,
0x0b2c, 0x00000000,
0x0b2d, 0x00000000,
0x0b2e, 0x00000000,
0x0b2f, 0x00000000,
0x0b30, 0x00000000,
0x0b31, 0x00000000,
0x0b32, 0x00000000,
0x0b33, 0x00000000,
0x0b34, 0x00000000,
0x0b35, 0x00000000,
0x0b36, 0x00000000,
0x0b37, 0x00000000,
0x0b38, 0x00000000,
0x0b39, 0x00000000,
0x0b3a, 0x00000000,
0x0b3b, 0x00000000,
0x0b3c, 0x00000000,
0x0b3d, 0x00000000,
0x0b3e, 0x00000000,
0x0b3f, 0x00000000,
0x0b40, 0x00000000,
0x0b41, 0x00000000,
0x0b42, 0x00000000,
0x0b43, 0x00000000,
0x0b44, 0x00000000,
0x0b45, 0x00000000,
0x0b46, 0x00000000,
0x0b47, 0x00000000,
0x0b48, 0x00000000,
0x0b49, 0x00000000,
0x0b4a, 0x00000000,
0x0b4b, 0x00000000,
0x0b4c, 0x00000000,
0x0b4d, 0x00000000,
0x0b4e, 0x00000000,
0x0b4f, 0x00000000,
0x0b50, 0x00000000,
0x0b51, 0x00000000,
0x0b52, 0x00000000,
0x0b53, 0x00000000,
0x0b54, 0x00000000,
0x0b55, 0x00000000,
0x0b56, 0x00000000,
0x0b57, 0x00000000,
0x0b58, 0x00000000,
0x0b59, 0x00000000,
0x0b5a, 0x00000000,
0x0b5b, 0x00000000,
0x0b5c, 0x00000000,
0x0b5d, 0x00000000,
0x0b5e, 0x00000000,
0x0b5f, 0x00000000,
0x0b60, 0x00000000,
0x0b61, 0x00000000,
0x0b62, 0x00000000,
0x0b63, 0x00000000,
0x0b64, 0x00000000,
0x0b65, 0x00000000,
0x0b66, 0x00000000,
0x0b67, 0x00000000,
0x0b68, 0x00000000,
0x0b69, 0x00000000,
0x0b6a, 0x00000000,
0x0b6b, 0x00000000,
0x0b6c, 0x00000000,
0x0b6d, 0x00000000,
0x0b6e, 0x00000000,
0x0b6f, 0x00000000,
0x0b70, 0x00000000,
0x0b71, 0x00000000,
0x0b72, 0x00000000,
0x0b73, 0x00000000,
0x0b74, 0x00000000,
0x0b75, 0x00000000,
0x0b76, 0x00000000,
0x0b77, 0x00000000,
0x0b78, 0x00000000,
0x0b79, 0x00000000,
0x0b7a, 0x00000000,
0x0b7b, 0x00000000,
0x0b7c, 0x00000000,
0x0b7d, 0x00000000,
0x0b7e, 0x00000000,
0x0b7f, 0x00000000,
0x0b80, 0x00000000,
0x0b81, 0x00000000,
0x0b82, 0x00000000,
0x0b83, 0x00000000,
0x0b84, 0x00000000,
0x0b85, 0x00000000,
0x0b86, 0x00000000,
0x0b87, 0x00000000,
0x0b88, 0x00000000,
0x0b89, 0x00000000,
0x0b8a, 0x00000000,
0x0b8b, 0x00000000,
0x0b8c, 0x00000000,
0x0b8d, 0x00000000,
0x0b8e, 0x00000000,
0x0b8f, 0x00000000,
0x0b90, 0x00000000,
0x0b91, 0x00000000,
0x0b92, 0x00000000,
0x0b93, 0x00000000,
0x0b94, 0x00000000,
0x0b95, 0x00000000,
0x0b96, 0x00000000,
0x0b97, 0x00000000,
0x0b98, 0x00000000,
0x0b99, 0x00000000,
0x0b9a, 0x00000000,
0x0b9b, 0x00000000,
0x0b9c, 0x00000000,
0x0b9d, 0x00000000,
0x0b9e, 0x00000000,
0x0b9f, 0x00000000,
0x0ba0, 0x00000000,
0x0ba1, 0x00000000,
0x0ba2, 0x00000000,
0x0ba3, 0x00000000,
0x0ba4, 0x00000000,
0x0ba5, 0x00000000,
0x0ba6, 0x00000000,
0x0ba7, 0x00000000,
0x0ba8, 0x00000000,
0x0ba9, 0x00000000,
0x0baa, 0x00000000,
0x0bab, 0x00000000,
0x0bac, 0x00000000,
0x0bad, 0x00000000,
0x0bae, 0x00000000,
0x0baf, 0x00000000,
0x0bb0, 0x00000000,
0x0bb1, 0x00000000,
0x0bb2, 0x00000000,
0x0bb3, 0x00000000,
0x0bb4, 0x00000000,
0x0bb5, 0x00000000,
0x0bb6, 0x00000000,
0x0bb7, 0x00000000,
0x0bb8, 0x00000000,
0x0bb9, 0x00000000,
0x0bba, 0x00000000,
0x0bbb, 0x00000000,
0x0bbc, 0x00000000,
0x0bbd, 0x00000000,
0x0bbe, 0x00000000,
0x0bbf, 0x00000000,
0x0bc0, 0x00000000,
0x0bc1, 0x00000000,
0x0bc2, 0x00000000,
0x0bc3, 0x00000000,
0x0bc4, 0x00000000,
0x0bc5, 0x00000000,
0x0bc6, 0x00000000,
0x0bc7, 0x00000000,
0x0bc8, 0x00000000,
0x0bc9, 0x00000000,
0x0bca, 0x00000000,
0x0bcb, 0x00000000,
0x0bcc, 0x00000000,
0x0bcd, 0x00000000,
0x0bce, 0x00000000,
0x0bcf, 0x00000000,
0x0bd0, 0x00000000,
0x0bd1, 0x00000000,
0x0bd2, 0x00000000,
0x0bd3, 0x00000000,
0x0bd4, 0x00000000,
0x0bd5, 0x00000000,
0x0bd6, 0x00000000,
0x0bd7, 0x00000000,
0x0bd8, 0x00000000,
0x0bd9, 0x00000000,
0x0bda, 0x00000000,
0x0bdb, 0x00000000,
0x0bdc, 0x00000000,
0x0bdd, 0x00000000,
0x0bde, 0x00000000,
0x0bdf, 0x00000000,
0x0be0, 0x00000000,
0x0be1, 0x00000000,
0x060a, 0x00000000,
0x0300, 0x00001040,
0x0300, 0x00000040,
};
